-- phpMyAdmin SQL Dump
-- version 5.2.2
-- https://www.phpmyadmin.net/
--
-- Host: localhost:3306
-- Generation Time: Mar 26, 2026 at 12:31 PM
-- Server version: 11.4.10-MariaDB-cll-lve
-- PHP Version: 8.4.18

SET SQL_MODE = "NO_AUTO_VALUE_ON_ZERO";
START TRANSACTION;
SET time_zone = "+00:00";


/*!40101 SET @OLD_CHARACTER_SET_CLIENT=@@CHARACTER_SET_CLIENT */;
/*!40101 SET @OLD_CHARACTER_SET_RESULTS=@@CHARACTER_SET_RESULTS */;
/*!40101 SET @OLD_COLLATION_CONNECTION=@@COLLATION_CONNECTION */;
/*!40101 SET NAMES utf8mb4 */;

--
-- Database: `okeh8644_spegasus`
--

-- --------------------------------------------------------

--
-- Table structure for table `areas`
--

CREATE TABLE `areas` (
  `area_id` int(11) NOT NULL,
  `area_code` varchar(100) NOT NULL,
  `area_name` varchar(255) NOT NULL,
  `status` tinyint(1) DEFAULT 1 COMMENT '1 = active, 0 = inactive',
  `created_at` timestamp NULL DEFAULT NULL,
  `updated_at` timestamp NULL DEFAULT NULL
) ENGINE=InnoDB DEFAULT CHARSET=latin1 COLLATE=latin1_swedish_ci;

--
-- Dumping data for table `areas`
--

INSERT INTO `areas` (`area_id`, `area_code`, `area_name`, `status`, `created_at`, `updated_at`) VALUES
(1, '123', 'Surabaya Timur', 0, '2025-09-22 10:45:37', '2025-12-09 08:44:26'),
(2, '123', 'testing123', 0, '2025-09-22 23:55:43', '2025-09-22 23:56:04'),
(3, '123', 'testing123', 0, '2025-09-23 11:02:55', '2025-09-23 11:02:55'),
(4, '123324', 'testing123', 0, '2025-10-01 09:22:45', '2025-11-11 22:23:33'),
(5, '23', 'test', 0, '2025-10-01 09:22:56', '2025-10-01 09:23:02'),
(6, '3', '5y', 0, '2025-10-06 09:48:57', '2025-10-06 09:49:08'),
(7, '3', 'test', 1, '2025-12-09 08:44:20', '2025-12-09 08:44:20'),
(8, '6', 'testing123', 0, '2025-12-23 09:57:15', '2026-02-05 01:32:36');

-- --------------------------------------------------------

--
-- Table structure for table `banks`
--

CREATE TABLE `banks` (
  `bank_id` int(10) UNSIGNED NOT NULL,
  `bank_kode` varchar(200) NOT NULL,
  `status` tinyint(4) NOT NULL DEFAULT 1,
  `created_at` timestamp NULL DEFAULT NULL,
  `updated_at` timestamp NULL DEFAULT NULL
) ENGINE=InnoDB DEFAULT CHARSET=latin1 COLLATE=latin1_swedish_ci;

--
-- Dumping data for table `banks`
--

INSERT INTO `banks` (`bank_id`, `bank_kode`, `status`, `created_at`, `updated_at`) VALUES
(1, 'CH', 1, '2025-12-15 23:18:39', '2026-01-05 01:17:22'),
(2, 'F', 1, '2025-12-15 23:18:44', '2025-12-15 23:18:44'),
(3, 'DJS', 1, '2025-12-23 21:06:56', '2026-01-05 01:17:27'),
(4, 'R', 1, '2026-01-10 02:05:59', '2026-01-10 02:05:59'),
(5, 'BCF', 1, '2026-03-16 10:32:48', '2026-03-16 10:32:48');

-- --------------------------------------------------------

--
-- Table structure for table `boms`
--

CREATE TABLE `boms` (
  `bom_id` int(11) NOT NULL,
  `product_id` int(11) NOT NULL,
  `bom_qty` int(11) NOT NULL DEFAULT 1,
  `unit_id` int(11) NOT NULL,
  `status` tinyint(1) DEFAULT 1 COMMENT '1 = active, 0 = inactive',
  `created_at` timestamp NULL DEFAULT NULL,
  `updated_at` timestamp NULL DEFAULT NULL
) ENGINE=InnoDB DEFAULT CHARSET=utf8mb4 COLLATE=utf8mb4_0900_ai_ci;

--
-- Dumping data for table `boms`
--

INSERT INTO `boms` (`bom_id`, `product_id`, `bom_qty`, `unit_id`, `status`, `created_at`, `updated_at`) VALUES
(1, 31, 1, 9, 1, '2026-01-29 03:58:46', '2026-01-29 03:58:46'),
(2, 32, 1, 9, 1, '2026-02-02 05:03:26', '2026-02-02 05:03:26'),
(3, 57, 1, 7, 1, '2026-02-02 17:11:29', '2026-02-02 17:11:29'),
(4, 70, 1, 9, 1, '2026-02-03 15:25:49', '2026-02-03 15:25:49'),
(5, 71, 1, 8, 1, '2026-02-03 15:53:01', '2026-02-03 15:53:01'),
(6, 74, 1, 9, 1, '2026-02-05 10:25:41', '2026-02-05 10:25:41'),
(7, 81, 1, 2, 1, '2026-02-07 06:44:18', '2026-02-07 06:44:18'),
(8, 94, 1, 9, 1, '2026-03-14 00:51:41', '2026-03-14 00:51:41');

-- --------------------------------------------------------

--
-- Table structure for table `bom_details`
--

CREATE TABLE `bom_details` (
  `bom_detail_id` int(11) NOT NULL,
  `bom_id` int(11) NOT NULL,
  `supplies_id` int(11) NOT NULL,
  `bom_detail_qty` int(11) NOT NULL DEFAULT 1,
  `unit_id` int(11) NOT NULL,
  `status` tinyint(1) DEFAULT 1 COMMENT '1 = active, 0 = inactive',
  `created_at` timestamp NULL DEFAULT NULL,
  `updated_at` timestamp NULL DEFAULT NULL
) ENGINE=InnoDB DEFAULT CHARSET=utf8mb4 COLLATE=utf8mb4_0900_ai_ci;

--
-- Dumping data for table `bom_details`
--

INSERT INTO `bom_details` (`bom_detail_id`, `bom_id`, `supplies_id`, `bom_detail_qty`, `unit_id`, `status`, `created_at`, `updated_at`) VALUES
(1, 1, 16, 1, 1, 0, '2026-01-29 03:58:46', '2026-02-02 00:56:28'),
(2, 1, 7, 1, 1, 0, '2026-01-29 03:59:07', '2026-02-02 00:56:28'),
(3, 1, 20, 1, 7, 1, '2026-02-02 00:56:28', '2026-02-02 00:56:28'),
(4, 1, 21, 1, 9, 1, '2026-02-02 00:56:28', '2026-02-02 00:56:28'),
(5, 2, 16, 1, 22, 1, '2026-02-02 05:03:26', '2026-02-02 05:03:26'),
(6, 2, 7, 1, 1, 1, '2026-02-02 05:03:26', '2026-02-02 05:03:26'),
(7, 3, 25, 1, 9, 1, '2026-02-02 17:11:29', '2026-02-02 17:11:29'),
(8, 3, 21, 12, 9, 1, '2026-02-02 17:11:29', '2026-02-02 17:11:29'),
(9, 3, 24, 12, 9, 1, '2026-02-02 17:11:29', '2026-02-02 17:11:29'),
(10, 4, 26, 1, 8, 1, '2026-02-03 15:25:49', '2026-02-03 15:25:49'),
(11, 4, 23, 1, 9, 1, '2026-02-03 15:25:49', '2026-02-03 15:25:49'),
(12, 5, 26, 1, 8, 1, '2026-02-03 15:53:01', '2026-02-03 15:53:01'),
(13, 5, 7, 1, 1, 1, '2026-02-03 15:53:01', '2026-02-03 15:53:01'),
(14, 6, 35, 1, 9, 1, '2026-02-05 10:25:41', '2026-02-05 10:25:41'),
(15, 6, 20, 1, 7, 1, '2026-02-05 10:25:41', '2026-02-05 10:25:41'),
(16, 7, 22, 1, 9, 1, '2026-02-07 06:44:18', '2026-02-07 06:44:18'),
(17, 7, 24, 1, 9, 1, '2026-02-07 06:44:18', '2026-02-07 06:44:18'),
(18, 8, 37, 1, 9, 0, '2026-03-14 00:51:41', '2026-03-14 00:57:19'),
(19, 8, 37, 1, 7, 1, '2026-03-14 00:57:19', '2026-03-14 00:57:19'),
(20, 8, 38, 1, 9, 1, '2026-03-14 00:57:19', '2026-03-14 00:57:19');

-- --------------------------------------------------------

--
-- Table structure for table `cache`
--

CREATE TABLE `cache` (
  `key` varchar(255) NOT NULL,
  `value` mediumtext NOT NULL,
  `expiration` int(11) NOT NULL
) ENGINE=InnoDB DEFAULT CHARSET=utf8mb4 COLLATE=utf8mb4_unicode_ci;

-- --------------------------------------------------------

--
-- Table structure for table `cache_locks`
--

CREATE TABLE `cache_locks` (
  `key` varchar(255) NOT NULL,
  `owner` varchar(255) NOT NULL,
  `expiration` int(11) NOT NULL
) ENGINE=InnoDB DEFAULT CHARSET=utf8mb4 COLLATE=utf8mb4_unicode_ci;

-- --------------------------------------------------------

--
-- Table structure for table `cashes`
--

CREATE TABLE `cashes` (
  `cash_id` int(11) NOT NULL,
  `person_id` int(11) NOT NULL DEFAULT 0 COMMENT 'Customer / Staff ID',
  `cash_date` date NOT NULL,
  `cash_type` tinyint(4) NOT NULL COMMENT '1 = debit, 2 = credit 1, 3 = credit 2',
  `cash_tujuan` int(11) NOT NULL DEFAULT 0 COMMENT '1 = Admin, 2 = Gudang, 3 = Armada, 4 = Sales',
  `cash_description` varchar(255) NOT NULL,
  `cash_nominal` int(11) NOT NULL,
  `status` tinyint(4) NOT NULL DEFAULT 1 COMMENT '1 = active, 0 = inactive',
  `created_at` timestamp NULL DEFAULT NULL,
  `updated_at` timestamp NULL DEFAULT NULL
) ENGINE=InnoDB DEFAULT CHARSET=utf8mb4 COLLATE=utf8mb4_0900_ai_ci;

--
-- Dumping data for table `cashes`
--

INSERT INTO `cashes` (`cash_id`, `person_id`, `cash_date`, `cash_type`, `cash_tujuan`, `cash_description`, `cash_nominal`, `status`, `created_at`, `updated_at`) VALUES
(1, 9, '2026-03-17', 3, 4, 'Setor ke bank F dari sales Nanang Pasuruan', 500000, 2, '2026-03-17 12:13:10', '2026-03-17 12:17:32'),
(2, 9, '2026-03-17', 1, 4, 'Pengembalian kas harian dari sales Nanang Pasuruan', 600000, 2, '2026-03-17 12:18:01', '2026-03-17 12:18:11');

-- --------------------------------------------------------

--
-- Table structure for table `cash_admins`
--

CREATE TABLE `cash_admins` (
  `ca_id` int(11) NOT NULL,
  `staff_id` int(11) NOT NULL,
  `cash_id` int(11) NOT NULL,
  `ca_nominal` int(11) NOT NULL,
  `ca_notes` varchar(255) NOT NULL,
  `ca_type` int(11) NOT NULL COMMENT '1 = saldo, 2 = operasional',
  `ca_aksi` int(11) NOT NULL DEFAULT 0 COMMENT '1 = Pengajuan, 2 = Pengembalian',
  `ca_img` text DEFAULT NULL,
  `status` int(11) NOT NULL DEFAULT 1,
  `created_at` timestamp NULL DEFAULT current_timestamp(),
  `updated_at` timestamp NULL DEFAULT current_timestamp() ON UPDATE current_timestamp()
) ENGINE=InnoDB DEFAULT CHARSET=latin1 COLLATE=latin1_swedish_ci;

-- --------------------------------------------------------

--
-- Table structure for table `cash_admin_details`
--

CREATE TABLE `cash_admin_details` (
  `cad_id` int(11) NOT NULL,
  `ca_id` int(11) NOT NULL,
  `cad_notes` varchar(255) NOT NULL,
  `cad_nominal` int(11) NOT NULL,
  `status` int(11) NOT NULL DEFAULT 1,
  `created_at` timestamp NULL DEFAULT current_timestamp(),
  `updated_at` timestamp NULL DEFAULT current_timestamp() ON UPDATE current_timestamp()
) ENGINE=InnoDB DEFAULT CHARSET=latin1 COLLATE=latin1_swedish_ci;

-- --------------------------------------------------------

--
-- Table structure for table `cash_armadas`
--

CREATE TABLE `cash_armadas` (
  `cr_id` int(11) NOT NULL,
  `customer_id` int(11) NOT NULL,
  `cash_id` int(11) NOT NULL,
  `cr_nominal` int(11) NOT NULL,
  `cr_type` int(11) NOT NULL COMMENT '1 = debit, 2 = credit',
  `cr_aksi` int(11) NOT NULL COMMENT '1 = saldo, 2 = operasional',
  `cr_notes` varchar(255) NOT NULL,
  `cr_img` text DEFAULT NULL,
  `status` int(11) NOT NULL DEFAULT 1,
  `created_at` timestamp NULL DEFAULT current_timestamp(),
  `updated_at` timestamp NULL DEFAULT current_timestamp() ON UPDATE current_timestamp()
) ENGINE=InnoDB DEFAULT CHARSET=latin1 COLLATE=latin1_swedish_ci;

-- --------------------------------------------------------

--
-- Table structure for table `cash_armada_details`
--

CREATE TABLE `cash_armada_details` (
  `crd_id` int(11) NOT NULL,
  `cr_id` int(11) NOT NULL,
  `crd_notes` varchar(255) DEFAULT NULL,
  `crd_nominal` int(11) NOT NULL,
  `crd_type` int(11) NOT NULL COMMENT '1 = Debit, 2 = Keluar, 3 = Keluar 1',
  `status` int(11) NOT NULL DEFAULT 1,
  `created_at` timestamp NULL DEFAULT current_timestamp(),
  `updated_at` timestamp NULL DEFAULT current_timestamp() ON UPDATE current_timestamp()
) ENGINE=InnoDB DEFAULT CHARSET=latin1 COLLATE=latin1_swedish_ci;

-- --------------------------------------------------------

--
-- Table structure for table `cash_categories`
--

CREATE TABLE `cash_categories` (
  `cc_id` int(11) NOT NULL,
  `cc_name` varchar(100) NOT NULL,
  `cc_type` varchar(15) NOT NULL,
  `status` tinyint(4) NOT NULL DEFAULT 1,
  `created_at` timestamp NULL DEFAULT NULL,
  `updated_at` timestamp NULL DEFAULT NULL
) ENGINE=InnoDB DEFAULT CHARSET=latin1 COLLATE=latin1_swedish_ci;

--
-- Dumping data for table `cash_categories`
--

INSERT INTO `cash_categories` (`cc_id`, `cc_name`, `cc_type`, `status`, `created_at`, `updated_at`) VALUES
(1, 'Setoran', 'Debit', 0, '2025-10-22 08:25:21', '2026-03-08 17:37:01'),
(2, 'Makan Siang', 'Credit 2', 0, '2025-10-22 08:25:27', '2026-03-08 17:36:57'),
(3, 'Bensin', 'Credit 2', 0, '2025-10-22 08:25:36', '2026-03-08 17:36:52'),
(4, 'kas testing', 'Credit 2', 0, '2025-10-22 23:24:35', '2025-10-22 23:25:08'),
(5, 'kas testing', 'Debit', 0, '2025-12-09 08:45:22', '2025-12-09 08:45:33'),
(6, 'Makan Lemburan', 'Credit 2', 0, '2025-12-17 22:35:44', '2026-03-08 17:36:54'),
(7, 'kas testing', 'Credit 1', 0, '2025-12-23 20:48:59', '2025-12-23 20:49:14'),
(8, 'Beli ATK', 'Keluar', 1, '2026-03-09 18:19:47', '2026-03-13 01:51:49'),
(9, 'Kas Masuk Kustomer', 'Masuk', 0, '2026-03-09 18:19:51', '2026-03-17 00:16:51'),
(10, 'Bensin', 'Keluar', 1, '2026-03-09 18:19:59', '2026-03-13 01:51:41'),
(11, 'Parkir', 'Keluar', 1, '2026-03-13 01:52:03', '2026-03-13 01:52:03'),
(12, 'Makan', 'Keluar', 1, '2026-03-13 01:52:15', '2026-03-13 01:52:15'),
(13, 'Hutang', 'Keluar', 0, '2026-03-13 11:12:32', '2026-03-17 04:13:46'),
(14, 'Beli Ban', 'Keluar', 1, '2026-03-14 04:18:40', '2026-03-14 04:18:40'),
(15, 'Kuli/Krani', 'Keluar', 1, '2026-03-14 04:35:48', '2026-03-14 04:35:48'),
(16, 'Galon', 'Keluar', 1, '2026-03-14 04:41:16', '2026-03-14 04:41:16'),
(17, 'Isi Angin Ban', 'Keluar', 1, '2026-03-14 04:44:04', '2026-03-14 04:44:04'),
(18, 'Kernet', 'Keluar', 1, '2026-03-17 04:13:16', '2026-03-17 04:13:16'),
(19, 'Ongkos Ekspekdisi', 'Keluar', 1, '2026-03-17 04:23:49', '2026-03-17 04:23:49'),
(20, 'Kas Masuk Kustomer', 'Masuk', 1, '2026-03-17 04:26:26', '2026-03-17 04:26:26');

-- --------------------------------------------------------

--
-- Table structure for table `cash_gudangs`
--

CREATE TABLE `cash_gudangs` (
  `cg_id` int(11) NOT NULL,
  `staff_id` int(11) NOT NULL,
  `cash_id` int(11) NOT NULL,
  `cg_nominal` int(11) NOT NULL,
  `cg_notes` varchar(255) NOT NULL,
  `cg_type` int(11) NOT NULL COMMENT '1 = saldo, 2 = operasional',
  `cg_aksi` int(11) NOT NULL COMMENT '1 = Pengajuan, 2 = Pengembalian',
  `cg_img` text DEFAULT NULL,
  `status` int(11) NOT NULL DEFAULT 1,
  `created_at` timestamp NULL DEFAULT current_timestamp(),
  `updated_at` timestamp NULL DEFAULT current_timestamp() ON UPDATE current_timestamp()
) ENGINE=InnoDB DEFAULT CHARSET=latin1 COLLATE=latin1_swedish_ci;

-- --------------------------------------------------------

--
-- Table structure for table `cash_gudang_details`
--

CREATE TABLE `cash_gudang_details` (
  `cgd_id` int(11) NOT NULL,
  `cg_id` int(11) NOT NULL,
  `customer_id` int(11) NOT NULL,
  `cgd_notes` varchar(255) DEFAULT NULL,
  `cgd_nominal` int(11) NOT NULL,
  `status` int(11) NOT NULL DEFAULT 1,
  `created_at` timestamp NULL DEFAULT current_timestamp(),
  `updated_at` timestamp NULL DEFAULT current_timestamp() ON UPDATE current_timestamp()
) ENGINE=InnoDB DEFAULT CHARSET=latin1 COLLATE=latin1_swedish_ci;

-- --------------------------------------------------------

--
-- Table structure for table `cash_sales`
--

CREATE TABLE `cash_sales` (
  `cs_id` int(10) UNSIGNED NOT NULL,
  `cash_id` int(11) NOT NULL,
  `staff_id` int(11) NOT NULL,
  `bank_id` int(11) NOT NULL DEFAULT 0,
  `cs_date` date NOT NULL,
  `cs_nominal` int(11) NOT NULL,
  `cs_type` int(11) NOT NULL COMMENT '1 = saldo, 2 = operasional',
  `cs_aksi` int(11) NOT NULL COMMENT '1 = pengajuan, 2 = setor ke bank, 3 = pengembalian',
  `cs_transaction` int(11) NOT NULL COMMENT '1 = Masuk, 2 = Keluar, 3 = Keluar 1',
  `cs_notes` varchar(255) DEFAULT NULL,
  `cs_img` text DEFAULT NULL,
  `status` int(11) NOT NULL DEFAULT 1,
  `created_at` timestamp NULL DEFAULT NULL,
  `updated_at` timestamp NULL DEFAULT NULL
) ENGINE=InnoDB DEFAULT CHARSET=utf8mb4 COLLATE=utf8mb4_general_ci;

--
-- Dumping data for table `cash_sales`
--

INSERT INTO `cash_sales` (`cs_id`, `cash_id`, `staff_id`, `bank_id`, `cs_date`, `cs_nominal`, `cs_type`, `cs_aksi`, `cs_transaction`, `cs_notes`, `cs_img`, `status`, `created_at`, `updated_at`) VALUES
(1, 0, 9, 0, '2026-03-17', 1000000, 1, 1, 1, 'setoran dari PT abc', NULL, 2, '2026-03-17 12:11:51', '2026-03-17 12:11:54'),
(2, 0, 9, 0, '2026-03-17', 100000, 2, 1, 1, 'Setoran sales Nanang Pasuruan', '[\"photo_69b945346d695.png\"]', 2, '2026-03-17 12:12:36', '2026-03-17 12:12:42'),
(3, 1, 9, 2, '2026-03-17', 500000, 1, 2, 3, 'Setor ke bank F', NULL, 2, '2026-03-17 12:13:10', '2026-03-17 12:17:32'),
(4, 2, 9, 0, '2026-03-17', 600000, 1, 3, 2, 'Pengembalian kas harian', NULL, 2, '2026-03-17 12:18:01', '2026-03-17 12:18:11');

-- --------------------------------------------------------

--
-- Table structure for table `cash_sales_details`
--

CREATE TABLE `cash_sales_details` (
  `csd_id` int(10) UNSIGNED NOT NULL,
  `cs_id` int(11) NOT NULL,
  `csd_notes` varchar(255) DEFAULT NULL,
  `csd_nominal` int(11) NOT NULL,
  `csd_type` int(11) NOT NULL COMMENT '1 = Masuk, 2 = Keluar, 3 = Keluar 1',
  `status` int(11) NOT NULL DEFAULT 1,
  `created_at` timestamp NULL DEFAULT NULL,
  `updated_at` timestamp NULL DEFAULT NULL
) ENGINE=InnoDB DEFAULT CHARSET=utf8mb4 COLLATE=utf8mb4_general_ci;

--
-- Dumping data for table `cash_sales_details`
--

INSERT INTO `cash_sales_details` (`csd_id`, `cs_id`, `csd_notes`, `csd_nominal`, `csd_type`, `status`, `created_at`, `updated_at`) VALUES
(1, 2, 'Kas Masuk Kustomer', 100000, 1, 1, '2026-03-17 12:12:36', '2026-03-17 12:12:36');

-- --------------------------------------------------------

--
-- Table structure for table `categories`
--

CREATE TABLE `categories` (
  `category_id` int(10) UNSIGNED NOT NULL,
  `category_name` varchar(250) NOT NULL,
  `status` tinyint(1) NOT NULL DEFAULT 1 COMMENT '1 = active, 0 = dead',
  `created_at` timestamp NULL DEFAULT NULL,
  `updated_at` timestamp NULL DEFAULT NULL
) ENGINE=InnoDB DEFAULT CHARSET=utf8mb4 COLLATE=utf8mb4_unicode_ci;

--
-- Dumping data for table `categories`
--

INSERT INTO `categories` (`category_id`, `category_name`, `status`, `created_at`, `updated_at`) VALUES
(1, 'Bahan Kimia Industri', 0, '2025-08-31 23:50:25', '2025-10-30 17:55:07'),
(2, 'Bahan Kimia Laboratorium', 0, '2025-08-31 23:50:25', '2025-10-30 17:55:10'),
(3, 'Pembersih Rumah Tangga', 0, '2025-08-31 23:50:25', '2025-10-30 17:55:42'),
(4, 'Pestisida & Herbisida', 0, '2025-08-31 23:50:25', '2025-10-30 17:55:45'),
(5, 'Cat & Pelarut', 0, '2025-08-31 23:50:25', '2025-10-30 17:55:16'),
(6, 'Pupuk Kimia', 0, '2025-08-31 23:50:25', '2025-10-30 17:55:51'),
(7, 'Polimer & Plastik', 0, '2025-08-31 23:50:25', '2025-10-30 17:55:48'),
(8, 'Bahan Bakar & Aditif', 0, '2025-08-31 23:50:25', '2025-10-09 03:23:44'),
(9, 'Kosmetik & Bahan Baku', 0, '2025-08-31 23:50:25', '2025-10-30 17:55:29'),
(10, 'Obat-obatan & Farmasi', 0, '2025-08-31 23:50:25', '2025-10-30 17:55:31'),
(11, 'Bahan Umum', 0, '2025-09-03 10:42:59', '2025-10-30 17:55:12'),
(12, 'Asam', 0, '2025-09-03 10:42:59', '2025-10-09 03:23:41'),
(13, 'Pelarut', 0, '2025-09-03 10:42:59', '2025-10-30 17:55:36'),
(14, 'Oksidator', 0, '2025-09-03 10:42:59', '2025-10-30 17:55:34'),
(15, 'Disinfektan', 0, '2025-09-03 10:42:59', '2025-10-30 17:55:19'),
(16, 'testing2', 0, '2025-09-13 22:02:01', '2025-09-13 22:02:24'),
(17, 'testing', 0, '2025-09-13 22:02:33', '2025-09-13 22:03:42'),
(18, 'testing', 0, '2025-09-13 22:03:53', '2025-10-30 17:55:53'),
(19, 'Air Zuur', 1, '2025-09-16 23:33:15', '2025-10-30 17:55:25'),
(20, 'Bahan Basa', 0, '2025-09-21 20:44:01', '2025-09-21 20:44:28'),
(21, 'testing23454', 0, '2025-09-22 23:52:44', '2025-09-22 23:53:11'),
(22, 'testing23', 0, '2025-10-01 09:20:39', '2025-10-01 09:20:58'),
(23, 's', 0, '2025-10-06 09:47:45', '2025-10-06 09:48:17'),
(24, 'Coolnt', 0, '2025-10-08 22:06:42', '2025-10-08 22:06:46'),
(25, 'Coolant', 1, '2025-10-08 22:08:26', '2025-10-08 22:08:26'),
(26, 'Air Aki', 1, '2025-10-30 17:56:08', '2025-10-30 17:56:08'),
(27, 'Minyak Rem', 1, '2025-10-30 17:56:19', '2025-10-30 17:56:19'),
(28, 'Autocare', 1, '2025-10-30 17:56:22', '2025-10-30 17:56:22'),
(29, 'Grease', 1, '2025-10-30 17:56:37', '2025-10-30 17:56:37'),
(30, 'testing2', 0, '2025-12-09 04:01:08', '2025-12-09 04:01:19'),
(31, 'testing23', 0, '2025-12-23 09:54:55', '2025-12-23 09:55:10');

-- --------------------------------------------------------

--
-- Table structure for table `cities`
--

CREATE TABLE `cities` (
  `city_id` int(11) NOT NULL DEFAULT 0,
  `city_name` varchar(255) NOT NULL,
  `prov_id` int(11) NOT NULL
) ENGINE=InnoDB DEFAULT CHARSET=utf8mb4 COLLATE=utf8mb4_0900_ai_ci;

--
-- Dumping data for table `cities`
--

INSERT INTO `cities` (`city_id`, `city_name`, `prov_id`) VALUES
(1, 'ACEH SELATAN', 1),
(2, 'ACEH TENGGARA', 1),
(3, 'ACEH TIMUR', 1),
(4, 'ACEH TENGAH', 1),
(5, 'ACEH BARAT', 1),
(6, 'ACEH BESAR', 1),
(7, 'PIDIE', 1),
(8, 'ACEH UTARA', 1),
(9, 'SIMEULUE', 1),
(10, 'ACEH SINGKIL', 1),
(11, 'BIREUEN', 1),
(12, 'ACEH BARAT DAYA', 1),
(13, 'GAYO LUES', 1),
(14, 'ACEH JAYA', 1),
(15, 'NAGAN RAYA', 1),
(16, 'ACEH TAMIANG', 1),
(17, 'BENER MERIAH', 1),
(18, 'PIDIE JAYA', 1),
(19, 'BANDA ACEH', 1),
(20, 'SABANG', 1),
(21, 'LHOKSEUMAWE', 1),
(22, 'LANGSA', 1),
(23, 'SUBULUSSALAM', 1),
(24, 'TAPANULI TENGAH', 2),
(25, 'TAPANULI UTARA', 2),
(26, 'TAPANULI SELATAN', 2),
(27, 'NIAS', 2),
(28, 'LANGKAT', 2),
(29, 'KARO', 2),
(30, 'DELI SERDANG', 2),
(31, 'SIMALUNGUN', 2),
(32, 'ASAHAN', 2),
(34, 'DAIRI', 2),
(36, 'MANDAILING NATAL', 2),
(37, 'NIAS SELATAN', 2),
(38, 'PAKPAK BHARAT', 2),
(39, 'HUMBANG HASUNDUTAN', 2),
(40, 'SAMOSIR', 2),
(41, 'SERDANG BEDAGAI', 2),
(42, 'BATU BARA', 2),
(43, 'PADANG LAWAS UTARA', 2),
(44, 'PADANG LAWAS', 2),
(47, 'NIAS UTARA', 2),
(48, 'NIAS BARAT', 2),
(49, 'MEDAN', 2),
(51, 'SIBOLGA', 2),
(52, 'TANJUNG BALAI', 2),
(53, 'BINJAI', 2),
(54, 'TEBING TINGGI', 2),
(56, 'GUNUNGSITOLI', 2),
(57, 'PESISIR SELATAN', 3),
(58, 'SOLOK', 3),
(60, 'TANAH DATAR', 3),
(61, 'PADANG PARIAMAN', 3),
(62, 'AGAM', 3),
(64, 'PASAMAN', 3),
(65, 'KEPULAUAN MENTAWAI', 3),
(66, 'DHARMASRAYA', 3),
(67, 'SOLOK SELATAN', 3),
(68, 'PASAMAN BARAT', 3),
(69, 'PADANG', 3),
(70, 'SOLOK', 3),
(72, 'PADANG PANJANG', 3),
(73, 'BUKITTINGGI', 3),
(74, 'PAYAKUMBUH', 3),
(75, 'PARIAMAN', 3),
(76, 'KAMPAR', 4),
(77, 'INDRAGIRI HULU', 4),
(78, 'BENGKALIS', 4),
(79, 'INDRAGIRI HILIR', 4),
(80, 'PELALAWAN', 4),
(81, 'ROKAN HULU', 4),
(82, 'ROKAN HILIR', 4),
(83, 'SIAK', 4),
(84, 'KUANTAN SINGINGI', 4),
(85, 'KEPULAUAN MERANTI', 4),
(86, 'PEKANBARU', 4),
(87, 'DUMAI', 4),
(88, 'KERINCI', 5),
(89, 'MERANGIN', 5),
(90, 'SAROLANGUN', 5),
(92, 'MUARO JAMBI', 5),
(93, 'TANJUNG JABUNG BARAT', 5),
(94, 'TANJUNG JABUNG TIMUR', 5),
(95, 'BUNGO', 5),
(96, 'TEBO', 5),
(97, 'JAMBI', 5),
(99, 'OGAN KOMERING ULU', 6),
(100, 'OGAN KOMERING ILIR', 6),
(101, 'MUARA ENIM', 6),
(102, 'LAHAT', 6),
(103, 'MUSI RAWAS', 6),
(104, 'MUSI BANYUASIN', 6),
(105, 'BANYUASIN', 6),
(106, 'OGAN KOMERING ULU TIMUR', 6),
(107, 'OGAN KOMERING ULU SELATAN', 6),
(108, 'OGAN ILIR', 6),
(109, 'EMPAT LAWANG', 6),
(112, 'PALEMBANG', 6),
(113, 'PAGAR ALAM', 6),
(114, 'LUBUK LINGGAU', 6),
(115, 'PRABUMULIH', 6),
(116, 'BENGKULU SELATAN', 7),
(117, 'REJANG LEBONG', 7),
(118, 'BENGKULU UTARA', 7),
(119, 'KAUR', 7),
(120, 'SELUMA', 7),
(121, 'MUKO MUKO', 7),
(122, 'LEBONG', 7),
(123, 'KEPAHIANG', 7),
(124, 'BENGKULU TENGAH', 7),
(125, 'BENGKULU', 7),
(126, 'LAMPUNG SELATAN', 8),
(127, 'LAMPUNG TENGAH', 8),
(128, 'LAMPUNG UTARA', 8),
(129, 'LAMPUNG BARAT', 8),
(130, 'TULANG BAWANG', 8),
(131, 'TANGGAMUS', 8),
(132, 'LAMPUNG TIMUR', 8),
(133, 'WAY KANAN', 8),
(134, 'PESAWARAN', 8),
(135, 'PRINGSEWU', 8),
(136, 'MESUJI', 8),
(137, 'TULANG BAWANG BARAT', 8),
(138, 'PESISIR BARAT', 8),
(139, 'BANDAR LAMPUNG', 8),
(140, 'METRO', 8),
(141, 'BANGKA', 9),
(142, 'BELITUNG', 9),
(143, 'BANGKA SELATAN', 9),
(144, 'BANGKA TENGAH', 9),
(145, 'BANGKA BARAT', 9),
(146, 'BELITUNG TIMUR', 9),
(147, 'PANGKAL PINANG', 9),
(148, 'BINTAN', 10),
(149, 'KARIMUN', 10),
(150, 'NATUNA', 10),
(151, 'LINGGA', 10),
(152, 'KEPULAUAN ANAMBAS', 10),
(153, 'BATAM', 10),
(154, 'TANJUNG PINANG', 10),
(155, 'KEPULAUAN SERIBU', 11),
(156, 'JAKARTA PUSAT', 11),
(157, 'JAKARTA UTARA', 11),
(158, 'JAKARTA BARAT', 11),
(159, 'JAKARTA SELATAN', 11),
(160, 'JAKARTA TIMUR', 11),
(161, 'BOGOR', 12),
(162, 'SUKABUMI', 12),
(163, 'CIANJUR', 12),
(164, 'BANDUNG', 12),
(165, 'GARUT', 12),
(166, 'TASIKMALAYA', 12),
(167, 'CIAMIS', 12),
(168, 'KUNINGAN', 12),
(169, 'CIREBON', 12),
(170, 'MAJALENGKA', 12),
(171, 'SUMEDANG', 12),
(172, 'INDRAMAYU', 12),
(173, 'SUBANG', 12),
(174, 'PURWAKARTA', 12),
(175, 'KARAWANG', 12),
(176, 'BEKASI', 12),
(177, 'BANDUNG BARAT', 12),
(178, 'PANGANDARAN', 12),
(179, 'BOGOR', 12),
(180, 'SUKABUMI', 12),
(181, 'BANDUNG', 12),
(182, 'CIREBON', 12),
(183, 'BEKASI', 12),
(184, 'DEPOK', 12),
(185, 'CIMAHI', 12),
(186, 'TASIKMALAYA', 12),
(187, 'BANJAR', 22),
(187, 'BANJAR', 12),
(188, 'CILACAP', 13),
(189, 'BANYUMAS', 13),
(190, 'PURBALINGGA', 13),
(191, 'BANJARNEGARA', 13),
(192, 'KEBUMEN', 13),
(193, 'PURWOREJO', 13),
(194, 'WONOSOBO', 13),
(195, 'MAGELANG', 13),
(196, 'BOYOLALI', 13),
(197, 'KLATEN', 13),
(198, 'SUKOHARJO', 13),
(199, 'WONOGIRI', 13),
(200, 'KARANGANYAR', 13),
(201, 'SRAGEN', 13),
(202, 'GROBOGAN', 13),
(203, 'BLORA', 13),
(204, 'REMBANG', 13),
(205, 'PATI', 13),
(206, 'KUDUS', 13),
(207, 'JEPARA', 13),
(208, 'DEMAK', 13),
(209, 'SEMARANG', 13),
(210, 'TEMANGGUNG', 13),
(211, 'KENDAL', 13),
(212, 'BATANG', 13),
(213, 'PEKALONGAN', 13),
(214, 'PEMALANG', 13),
(215, 'TEGAL', 13),
(216, 'BREBES', 13),
(217, 'MAGELANG', 13),
(219, 'SALATIGA', 13),
(220, 'SEMARANG', 13),
(221, 'PEKALONGAN', 13),
(222, 'TEGAL', 13),
(223, 'KULON PROGO', 14),
(224, 'BANTUL', 14),
(226, 'SLEMAN', 14),
(227, 'YOGYAKARTA', 14),
(228, 'PACITAN', 15),
(229, 'PONOROGO', 15),
(230, 'TRENGGALEK', 15),
(231, 'TULUNGAGUNG', 15),
(232, 'BLITAR', 15),
(233, 'KEDIRI', 15),
(234, 'MALANG', 15),
(235, 'LUMAJANG', 15),
(236, 'JEMBER', 15),
(237, 'BANYUWANGI', 15),
(238, 'BONDOWOSO', 15),
(239, 'SITUBONDO', 15),
(240, 'PROBOLINGGO', 15),
(241, 'PASURUAN', 15),
(242, 'SIDOARJO', 15),
(243, 'MOJOKERTO', 15),
(244, 'JOMBANG', 15),
(245, 'NGANJUK', 15),
(246, 'MADIUN', 15),
(247, 'MAGETAN', 15),
(248, 'NGAWI', 15),
(249, 'BOJONEGORO', 15),
(250, 'TUBAN', 15),
(251, 'LAMONGAN', 15),
(252, 'GRESIK', 15),
(253, 'BANGKALAN', 15),
(254, 'SAMPANG', 15),
(255, 'PAMEKASAN', 15),
(256, 'SUMENEP', 15),
(257, 'KEDIRI', 15),
(258, 'BLITAR', 15),
(259, 'MALANG', 15),
(260, 'PROBOLINGGO', 15),
(261, 'PASURUAN', 15),
(262, 'MOJOKERTO', 15),
(263, 'MADIUN', 15),
(264, 'SURABAYA', 15),
(265, 'BATU', 15),
(266, 'PANDEGLANG', 16),
(267, 'LEBAK', 16),
(268, 'TANGERANG', 16),
(269, 'SERANG', 16),
(270, 'TANGERANG', 16),
(271, 'CILEGON', 16),
(272, 'SERANG', 16),
(273, 'TANGERANG SELATAN', 16),
(274, 'JEMBRANA', 17),
(275, 'TABANAN', 17),
(276, 'BADUNG', 17),
(277, 'GIANYAR', 17),
(278, 'KLUNGKUNG', 17),
(279, 'BANGLI', 17),
(280, 'KARANGASEM', 17),
(281, 'BULELENG', 17),
(282, 'DENPASAR', 17),
(283, 'LOMBOK BARAT', 18),
(284, 'LOMBOK TENGAH', 18),
(285, 'LOMBOK TIMUR', 18),
(286, 'SUMBAWA', 18),
(287, 'DOMPU', 18),
(288, 'BIMA', 18),
(289, 'SUMBAWA BARAT', 18),
(290, 'LOMBOK UTARA', 18),
(291, 'MATARAM', 18),
(292, 'BIMA', 18),
(293, 'KUPANG', 19),
(294, 'TIMOR TENGAH SELATAN', 19),
(295, 'TIMOR TENGAH UTARA', 19),
(296, 'BELU', 19),
(297, 'ALOR', 19),
(298, 'FLORES TIMUR', 19),
(299, 'SIKKA', 19),
(300, 'ENDE', 19),
(301, 'NGADA', 19),
(302, 'MANGGARAI', 19),
(303, 'SUMBA TIMUR', 19),
(304, 'SUMBA BARAT', 19),
(305, 'LEMBATA', 19),
(306, 'ROTE NDAO', 19),
(307, 'MANGGARAI BARAT', 19),
(308, 'NAGEKEO', 19),
(309, 'SUMBA TENGAH', 19),
(310, 'SUMBA BARAT DAYA', 19),
(311, 'MANGGARAI TIMUR', 19),
(312, 'SABU RAIJUA', 19),
(314, 'KUPANG', 19),
(315, 'SAMBAS', 20),
(317, 'SANGGAU', 20),
(318, 'KETAPANG', 20),
(319, 'SINTANG', 20),
(320, 'KAPUAS HULU', 20),
(321, 'BENGKAYANG', 20),
(322, 'LANDAK', 20),
(323, 'SEKADAU', 20),
(324, 'MELAWI', 20),
(325, 'KAYONG UTARA', 20),
(326, 'KUBU RAYA', 20),
(327, 'PONTIANAK', 20),
(328, 'SINGKAWANG', 20),
(329, 'KOTAWARINGIN BARAT', 21),
(330, 'KOTAWARINGIN TIMUR', 21),
(331, 'KAPUAS', 21),
(332, 'BARITO SELATAN', 21),
(333, 'BARITO UTARA', 21),
(334, 'KATINGAN', 21),
(335, 'SERUYAN', 21),
(336, 'SUKAMARA', 21),
(337, 'LAMANDAU', 21),
(338, 'GUNUNG MAS', 21),
(339, 'PULANG PISAU', 21),
(340, 'MURUNG RAYA', 21),
(341, 'BARITO TIMUR', 21),
(343, 'TANAH LAUT', 22),
(344, 'KOTABARU', 22),
(345, 'BANJAR', 22),
(345, 'BANJAR', 12),
(346, 'BARITO KUALA', 22),
(347, 'TAPIN', 22),
(348, 'HULU SUNGAI SELATAN', 22),
(349, 'HULU SUNGAI TENGAH', 22),
(350, 'HULU SUNGAI UTARA', 22),
(351, 'TABALONG', 22),
(352, 'TANAH BUMBU', 22),
(353, 'BALANGAN', 22),
(354, 'BANJARMASIN', 22),
(355, 'BANJARBARU', 22),
(356, 'PASER', 23),
(357, 'KUTAI KARTANEGARA', 23),
(358, 'BERAU', 23),
(359, 'KUTAI BARAT', 23),
(360, 'KUTAI TIMUR', 23),
(361, 'PENAJAM PASER UTARA', 23),
(363, 'BALIKPAPAN', 23),
(364, 'SAMARINDA', 23),
(365, 'BONTANG', 23),
(367, 'MALINAU', 24),
(368, 'NUNUKAN', 24),
(369, 'TANA TIDUNG', 24),
(370, 'TARAKAN', 24),
(372, 'MINAHASA', 25),
(373, 'KEPULAUAN SANGIHE', 25),
(374, 'KEPULAUAN TALAUD', 25),
(375, 'MINAHASA SELATAN', 25),
(376, 'MINAHASA UTARA', 25),
(377, 'MINAHASA TENGGARA', 25),
(378, 'BOLAANG MONGONDOW UTARA', 25),
(379, 'KEPULAUAN SIAU TAGULANDANG BIARO (SITARO)', 25),
(380, 'BOLAANG MONGONDOW TIMUR', 25),
(381, 'BOLAANG MONGONDOW SELATAN', 25),
(382, 'MANADO', 25),
(383, 'BITUNG', 25),
(384, 'TOMOHON', 25),
(385, 'KOTAMOBAGU', 25),
(386, 'BANGGAI', 26),
(387, 'POSO', 26),
(388, 'DONGGALA', 26),
(390, 'BUOL', 26),
(391, 'MOROWALI', 26),
(392, 'BANGGAI KEPULAUAN', 26),
(393, 'PARIGI MOUTONG', 26),
(395, 'SIGI', 26),
(398, 'PALU', 26),
(400, 'BULUKUMBA', 27),
(401, 'BANTAENG', 27),
(402, 'JENEPONTO', 27),
(403, 'TAKALAR', 27),
(404, 'GOWA', 27),
(405, 'SINJAI', 27),
(406, 'BONE', 27),
(407, 'MAROS', 27),
(408, 'PANGKAJENE KEPULAUAN', 27),
(409, 'BARRU', 27),
(410, 'SOPPENG', 27),
(411, 'WAJO', 27),
(413, 'PINRANG', 27),
(414, 'ENREKANG', 27),
(415, 'LUWU', 27),
(416, 'TANA TORAJA', 27),
(417, 'LUWU UTARA', 27),
(418, 'LUWU TIMUR', 27),
(419, 'TORAJA UTARA', 27),
(420, 'MAKASSAR', 27),
(422, 'PALOPO', 27),
(423, 'KOLAKA', 28),
(424, 'KONAWE', 28),
(425, 'MUNA', 28),
(426, 'BUTON', 28),
(427, 'KONAWE SELATAN', 28),
(428, 'BOMBANA', 28),
(429, 'WAKATOBI', 28),
(430, 'KOLAKA UTARA', 28),
(431, 'KONAWE UTARA', 28),
(432, 'BUTON UTARA', 28),
(438, 'KENDARI', 28),
(440, 'GORONTALO', 29),
(441, 'BOALEMO', 29),
(442, 'BONE BOLANGO', 29),
(444, 'GORONTALO UTARA', 29),
(445, 'GORONTALO', 29),
(447, 'MAMUJU', 30),
(448, 'MAMASA', 30),
(449, 'POLEWALI MANDAR', 30),
(450, 'MAJENE', 30),
(452, 'MALUKU TENGAH', 31),
(453, 'MALUKU TENGGARA', 31),
(455, 'BURU', 31),
(456, 'SERAM BAGIAN TIMUR', 31),
(457, 'SERAM BAGIAN BARAT', 31),
(458, 'KEPULAUAN ARU', 31),
(459, 'MALUKU BARAT DAYA', 31),
(460, 'BURU SELATAN', 31),
(461, 'AMBON', 31),
(462, 'TUAL', 31),
(463, 'HALMAHERA BARAT', 32),
(464, 'HALMAHERA TENGAH', 32),
(465, 'HALMAHERA UTARA', 32),
(466, 'HALMAHERA SELATAN', 32),
(467, 'KEPULAUAN SULA', 32),
(468, 'HALMAHERA TIMUR', 32),
(469, 'PULAU MOROTAI', 32),
(471, 'TERNATE', 32),
(472, 'TIDORE KEPULAUAN', 32),
(473, 'JAYAPURA', 33),
(475, 'BIAK NUMFOR', 33),
(476, 'SARMI', 33),
(477, 'KEEROM', 33),
(478, 'WAROPEN', 33),
(479, 'SUPIORI', 33),
(480, 'MAMBERAMO RAYA', 33),
(481, 'JAYAPURA', 33),
(482, 'SORONG', 34),
(483, 'MANOKWARI', 34),
(485, 'SORONG SELATAN', 34),
(486, 'RAJA AMPAT', 34),
(487, 'TELUK BINTUNI', 34),
(488, 'TELUK WONDAMA', 34),
(489, 'KAIMANA', 34),
(490, 'TAMBRAUW', 34),
(491, 'MAYBRAT', 34),
(492, 'MANOKWARI SELATAN', 34),
(493, 'PEGUNUNGAN ARFAK', 34),
(494, 'SORONG', 34),
(495, 'MERAUKE', 33),
(496, 'BOVEN DIGOEL', 33),
(497, 'MAPPI', 33),
(498, 'ASMAT', 33),
(499, 'NABIRE', 33),
(500, 'PUNCAK JAYA', 33),
(501, 'PANIAI', 33),
(502, 'MIMIKA', 33),
(503, 'PUNCAK', 33),
(504, 'DOGIYAI', 33),
(505, 'INTAN JAYA', 33),
(507, 'JAYAWIJAYA', 33),
(508, 'PEGUNUNGAN BINTANG', 33),
(509, 'YAHUKIMO', 33),
(510, 'TOLIKARA', 33),
(511, 'MAMBERAMO TENGAH', 33),
(512, 'YALIMO', 33),
(513, 'LANNY JAYA', 33),
(514, 'NDUGA', 33);

-- --------------------------------------------------------

--
-- Table structure for table `customers`
--

CREATE TABLE `customers` (
  `customer_id` int(11) NOT NULL,
  `area_id` int(11) DEFAULT NULL,
  `customer_name` varchar(255) DEFAULT NULL,
  `customer_code` varchar(10) DEFAULT NULL,
  `customer_email` varchar(255) DEFAULT NULL,
  `customer_pic` varchar(255) DEFAULT NULL,
  `customer_pic_phone` varchar(50) DEFAULT NULL,
  `customer_address` varchar(255) DEFAULT NULL,
  `customer_notes` text DEFAULT NULL,
  `sales_id` int(11) DEFAULT NULL,
  `state_id` int(11) DEFAULT NULL,
  `city_id` int(11) DEFAULT NULL,
  `district_id` int(11) DEFAULT NULL,
  `customer_zipcode` varchar(20) DEFAULT NULL,
  `customer_saldo` int(11) DEFAULT 0,
  `status` tinyint(1) DEFAULT 1 COMMENT '1 = active, 0 = inactive',
  `created_at` timestamp NULL DEFAULT current_timestamp(),
  `updated_at` timestamp NULL DEFAULT current_timestamp() ON UPDATE current_timestamp()
) ENGINE=InnoDB DEFAULT CHARSET=utf8mb4 COLLATE=utf8mb4_0900_ai_ci;

--
-- Dumping data for table `customers`
--

INSERT INTO `customers` (`customer_id`, `area_id`, `customer_name`, `customer_code`, `customer_email`, `customer_pic`, `customer_pic_phone`, `customer_address`, `customer_notes`, `sales_id`, `state_id`, `city_id`, `district_id`, `customer_zipcode`, `customer_saldo`, `status`, `created_at`, `updated_at`) VALUES
(1, NULL, 'John Doe', 'CUST001', 'john.doe@example.com', NULL, NULL, 'Jl. Contoh No. 123', 'Customer tetap bulanan', NULL, 11, 22, NULL, '40123', 1, 0, '2025-08-25 23:18:50', '2025-08-26 20:35:59'),
(2, NULL, 'Dummy', 'CUS0002', 'dummy@gmail.com', NULL, NULL, 'Jl Semakin Maju 12 no 2', 'beli air', NULL, 12, 8, NULL, '12271', 0, 0, '2025-08-26 20:34:33', '2025-08-26 20:50:06'),
(3, NULL, 'Dummy', 'CUS0003', 'dummy@gmail.com', NULL, NULL, 'Jl Semakin Maju 12 no 2', 'beli air', NULL, 15, 20, NULL, '12271', 0, 0, '2025-08-26 20:42:47', '2025-08-26 20:49:29'),
(4, NULL, 'Dummy', 'CUS0004', 'dummy@gmail.com', NULL, NULL, 'Jl Semakin Maju 12 no 2', 'beli air', NULL, 11, 3, NULL, '12271', 0, 0, '2025-08-26 20:47:40', '2025-08-26 20:49:24'),
(5, 1, 'PT Cempaka', 'CUS0005', 'cempaka@gmail.com', 'Setiawan', '6285567228172', 'Jl Semakin Maju 12 no 2', 'L 2332 PJK', 1, 11, 156, 1973, '12271', 0, 0, '2025-08-26 20:49:04', '2026-03-13 01:47:06'),
(6, NULL, 'test', 'CUS0006', 'test@gmail.com', NULL, NULL, 'wonorejo 2 no 49', NULL, NULL, 4, 79, NULL, '60263', 0, 0, '2025-09-08 09:04:49', '2025-09-23 11:09:13'),
(7, NULL, 'testing2', 'CUS0007', 'test@gmail.com', NULL, NULL, 'test', NULL, NULL, 4, 79, NULL, '123', 0, 0, '2025-09-13 23:49:16', '2025-09-13 23:54:35'),
(8, 1, 'testing256', 'CUS0008', 'test@gmail.com', 'test', '867', 'test', NULL, 1, 2, 29, 379, NULL, 0, 0, '2025-09-29 01:32:03', '2025-11-12 01:09:33'),
(9, 1, 'testing2', 'CUS0009', 'test@gmail.com', 'test', '867', 'test', NULL, 1, 2, 25, 323, NULL, 0, 0, '2025-09-29 01:35:01', '2025-09-29 01:37:33'),
(10, 1, 'testing34', 'CUS0010', 'test@gmail.com', 'test', '867', 'test', NULL, 1, 6, 102, 1311, NULL, 0, 0, '2025-10-01 08:59:22', '2025-10-01 08:59:33'),
(11, 1, 'testing2', 'CUS0011', 'test@gmail.com', 'test', '867', 'test', NULL, 1, 5, 94, 1187, NULL, 0, 0, '2025-10-06 09:41:32', '2025-10-06 09:42:43'),
(12, 1, 'TOKO NEW', 'CUS0012', 'KKK', 'Budi', '8977688', 'JL AYANI 41', 'DK 7562 JUD', 1, 15, 242, 3618, NULL, 0, 0, '2025-10-09 21:23:04', '2026-03-13 01:47:05'),
(13, 1, 'test', 'CUS0013', 'test@gmail.com', 'ijji', '23123213123', 'wonorejo 2 no 49', 'gdsagfds', 1, 1, 1, 2, NULL, 0, 0, '2025-11-12 01:09:25', '2025-11-12 01:09:30'),
(14, 7, 'testing34678', 'CUS0014', 'test@gmail.com', 'test', '867', 'test', NULL, 1, 1, 6, 22, NULL, 0, 0, '2025-12-09 08:52:55', '2025-12-23 10:15:47'),
(15, 7, 'testing2', 'CUS0015', NULL, 'test', '867', 'test', 'B 3342 KKH', 1, 2, 24, 295, NULL, 0, 0, '2025-12-23 10:21:47', '2026-03-13 01:47:01'),
(16, NULL, NULL, 'CUS0016', NULL, 'Kejora123', '083277742333', NULL, 'L 4641 KLOO', NULL, NULL, NULL, NULL, NULL, 0, 0, '2026-02-09 08:16:16', '2026-02-09 08:16:52'),
(17, NULL, NULL, 'CUS0017', NULL, 'Pir', '0815848383', NULL, 'L 8278 VN', NULL, NULL, NULL, NULL, NULL, 0, 1, '2026-03-13 01:47:28', '2026-03-17 12:11:12'),
(18, NULL, NULL, 'CUS0018', NULL, 'Agus', '08164948383', NULL, 'W 9518 PG', NULL, NULL, NULL, NULL, NULL, 0, 1, '2026-03-13 01:47:58', '2026-03-14 04:43:44'),
(19, NULL, NULL, 'CUS0019', NULL, 'Pak Suwandi', '08164938383', NULL, 'W 8280 NN', NULL, NULL, NULL, NULL, NULL, 0, 1, '2026-03-13 01:48:42', '2026-03-17 04:21:13'),
(20, NULL, NULL, 'CUS0020', NULL, 'Pak Khoirul', '081648473838', NULL, 'Tragaa', NULL, NULL, NULL, NULL, NULL, 0, 1, '2026-03-13 01:49:08', '2026-03-17 04:30:26');

-- --------------------------------------------------------

--
-- Table structure for table `districts`
--

CREATE TABLE `districts` (
  `id` int(11) NOT NULL,
  `city_id` int(11) NOT NULL,
  `name` varchar(255) NOT NULL
) ENGINE=InnoDB DEFAULT CHARSET=utf8mb4 COLLATE=utf8mb4_0900_ai_ci;

--
-- Dumping data for table `districts`
--

INSERT INTO `districts` (`id`, `city_id`, `name`) VALUES
(1, 1, 'Bakongan'),
(2, 1, 'Kluet Utara'),
(3, 1, 'Kluet Selatan'),
(4, 1, 'Labuhan Haji'),
(5, 1, 'Meukek'),
(6, 1, 'Samadua (Sama Dua)'),
(7, 1, 'Sawang'),
(8, 1, 'Tapaktuan (Tapak Tuan)'),
(9, 1, 'Trumon'),
(10, 1, 'Pasi Raja (Pasie Raja)'),
(11, 1, 'Labuhan Haji Timur'),
(12, 1, 'Labuhan Haji Barat'),
(13, 1, 'Kluet Tengah'),
(14, 1, 'Kluet Timur'),
(15, 1, 'Bakongan Timur'),
(16, 1, 'Trumon Timur'),
(17, 1, 'Kota Bahagia'),
(18, 1, 'Trumon Tengah'),
(19, 2, 'Lawe Alas'),
(20, 2, 'Lawe Sigala Gala'),
(21, 2, 'Bambel'),
(22, 2, 'Babussalam'),
(23, 2, 'Badar'),
(24, 2, 'Babul Makmur'),
(25, 2, 'Darul Hasanah'),
(26, 2, 'Lawe Bulan'),
(27, 2, 'Bukit Tusam'),
(28, 2, 'Semadam'),
(29, 2, 'Babul Rahmah'),
(30, 2, 'Ketambe'),
(31, 2, 'Deleng Pokhkisen (Deleng Pokhisen)'),
(32, 2, 'Lawe Sumur'),
(33, 2, 'Tanoh Alas (Tanah Alas)'),
(34, 2, 'Leuser'),
(35, 3, 'Darul Aman'),
(36, 3, 'Julok'),
(37, 3, 'Idi Rayeuk'),
(38, 3, 'Birem Bayeun'),
(39, 3, 'Serbajadi'),
(40, 3, 'Nurussalam'),
(41, 3, 'Peureulak'),
(42, 3, 'Rantau Selamat'),
(43, 3, 'Simpang Ulim'),
(44, 3, 'Rantau Peureulak (Ranto Peureulak)'),
(45, 3, 'Pante Bidari'),
(46, 3, 'Madat'),
(47, 3, 'Indra Makmu (Indra Makmur)'),
(48, 3, 'Idi Tunong'),
(49, 3, 'Banda Alam'),
(50, 3, 'Peudawa'),
(51, 3, 'Peureulak Timur'),
(52, 3, 'Peureulak Barat'),
(53, 3, 'Sungai Raya'),
(54, 3, 'Simpang Jernih'),
(55, 3, 'Darul Ihsan (Iksan)'),
(56, 3, 'Darul Falah'),
(57, 3, 'Idi Timur'),
(58, 3, 'Peunaron'),
(59, 4, 'Linge'),
(60, 4, 'Silih Nara'),
(61, 4, 'Bebesen'),
(62, 4, 'Pegasing'),
(63, 4, 'Bintang'),
(64, 4, 'Ketol'),
(65, 4, 'Kebayakan'),
(66, 4, 'Kute Panang'),
(67, 4, 'Celala'),
(68, 4, 'Laut Tawar (Lut Tawar)'),
(69, 4, 'Atu Lintang'),
(70, 4, 'Jagong Jeget'),
(71, 4, 'Bies'),
(72, 4, 'Rusip Antara'),
(73, 5, 'Johan Pahwalan (Johan Pahlawan)'),
(74, 5, 'Kaway XVI'),
(75, 5, 'Sungai Mas'),
(76, 5, 'Woyla'),
(77, 5, 'Samatiga'),
(78, 5, 'Bubon'),
(79, 5, 'Arongan Lambalek'),
(80, 5, 'Pante Ceureumen (Pantai Ceuremen)'),
(81, 5, 'Meureubo'),
(82, 5, 'Woyla Barat'),
(83, 5, 'Woyla Timur'),
(84, 5, 'Panton Reu'),
(85, 6, 'Lhoong'),
(86, 6, 'Lhoknga (Lho\'nga)'),
(87, 6, 'Indrapuri'),
(88, 6, 'Seulimeum'),
(89, 6, 'Montasik (Mantasiek)'),
(90, 6, 'Sukamakmur (Suka Makmur)'),
(91, 6, 'Darul Imarah'),
(92, 6, 'Peukan Bada'),
(93, 6, 'Mesjid Raya'),
(94, 6, 'Ingin Jaya'),
(95, 6, 'Kuta Baro'),
(96, 6, 'Darussalam'),
(97, 6, 'Pulo Aceh'),
(98, 6, 'Lembah Seulawah'),
(99, 6, 'Kota Jantho'),
(100, 6, 'Kuta Cot Glie (Kota Cot Glie)'),
(101, 6, 'Kuta Malaka (Kota Malaka)'),
(102, 6, 'Simpang Tiga'),
(103, 6, 'Darul Kamal'),
(104, 6, 'Baitussalam'),
(105, 6, 'Krueng Barona Jaya'),
(106, 6, 'Leupung'),
(107, 6, 'Blang Bintang (Blank Bintang)'),
(108, 7, 'Batee'),
(109, 7, 'Delima'),
(110, 7, 'Geumpang'),
(111, 7, 'Glumpang Tiga (Geulumpang Tiga)'),
(112, 7, 'Indrajaya (Indra Jaya)'),
(113, 7, 'Kembang Tanjong'),
(114, 7, 'Kota Sigli'),
(115, 7, 'Mila'),
(116, 7, 'Muara Tiga'),
(117, 7, 'Mutiara'),
(118, 7, 'Padang Tiji'),
(119, 7, 'Peukan Baro'),
(120, 7, 'Pidie'),
(121, 7, 'Sakti'),
(122, 7, 'Simpang Tiga'),
(123, 7, 'Tangse'),
(124, 7, 'Tiro/Truseb'),
(125, 7, 'Keumala'),
(126, 7, 'Mutiara Timur'),
(127, 7, 'Grong Grong'),
(128, 7, 'Mane'),
(129, 7, 'Glumpang Baro'),
(130, 7, 'Titeue'),
(131, 8, 'Baktiya'),
(132, 8, 'Dewantara'),
(133, 8, 'Kuta Makmur'),
(134, 8, 'Lhoksukon'),
(135, 8, 'Matangkuli'),
(136, 8, 'Muara Batu'),
(137, 8, 'Meurah Mulia'),
(138, 8, 'Samudera'),
(139, 8, 'Seunuddon (Seunudon)'),
(140, 8, 'Syamtalira Aron'),
(141, 8, 'Syamtalira Bayu'),
(142, 8, 'Tanah Luas'),
(143, 8, 'Tanah Pasir'),
(144, 8, 'T. Jambo Aye (Tanah Jambo Aye)'),
(145, 8, 'Sawang'),
(146, 8, 'Nisam'),
(147, 8, 'Cot Girek'),
(148, 8, 'Langkahan'),
(149, 8, 'Baktiya Barat'),
(150, 8, 'Paya Bakong'),
(151, 8, 'Nibong'),
(152, 8, 'Simpang Kramat (Keramat)'),
(153, 8, 'Lapang'),
(154, 8, 'Pirak Timur'),
(155, 8, 'Geuredong Pase'),
(156, 8, 'Banda Baro'),
(157, 8, 'Nisam Antara'),
(158, 9, 'Simeulue Tengah (Simeuleu Tengah)'),
(159, 9, 'Salang'),
(160, 9, 'Teupah Barat'),
(161, 9, 'Simeulue Timur (Simeuleu Timur)'),
(162, 9, 'Teluk Dalam'),
(163, 9, 'Simeulue Barat (Simeuleu Barat)'),
(164, 9, 'Teupah Selatan'),
(165, 9, 'Alafan (Alapan)'),
(166, 9, 'Teupah Tengah'),
(167, 9, 'Simeulue Cut'),
(168, 10, 'Pulau Banyak'),
(169, 10, 'Simpang Kanan'),
(170, 10, 'Singkil'),
(171, 10, 'Gunung Meriah (Mariah)'),
(172, 10, 'Kota Baharu'),
(173, 10, 'Singkil Utara'),
(174, 10, 'Danau Paris'),
(175, 10, 'Suro Makmur'),
(176, 10, 'Singkohor'),
(177, 10, 'Kuala Baru'),
(178, 10, 'Pulau Banyak Barat'),
(179, 11, 'Samalanga'),
(180, 11, 'Jeunieb'),
(181, 11, 'Peudada'),
(182, 11, 'Jeumpa'),
(183, 11, 'Peusangan'),
(184, 11, 'Makmur'),
(185, 11, 'Gandapura (Ganda Pura)'),
(186, 11, 'Pandrah'),
(187, 11, 'Juli'),
(188, 11, 'Jangka'),
(189, 11, 'Simpang Mamplam'),
(190, 11, 'Peulimbang (Plimbang)'),
(191, 11, 'Kota Juang'),
(192, 11, 'Kuala'),
(193, 11, 'Peusangan Siblah Krueng'),
(194, 11, 'Peusangan Selatan'),
(195, 11, 'Kuta Blang'),
(196, 12, 'Blangpidie (Blang Pidie)'),
(197, 12, 'Tangan-Tangan'),
(198, 12, 'Manggeng'),
(199, 12, 'Susoh'),
(200, 12, 'Kuala Batee'),
(201, 12, 'Babah Rot'),
(202, 12, 'Setia'),
(203, 12, 'Jeumpa'),
(204, 12, 'Lembah Sabil'),
(205, 13, 'Blangkejeren (Blang Kejeren)'),
(206, 13, 'Kutapanjang (Kuta Panjang)'),
(207, 13, 'Rikit Gaib'),
(208, 13, 'Terangun (Terangon)'),
(209, 13, 'Pining (Pinding)'),
(210, 13, 'Blangpegayon (Blang Pegayon)'),
(211, 13, 'Puteri Betung (Putri Betung)'),
(212, 13, 'Dabun Gelang (Debun Gelang)'),
(213, 13, 'Blangjerango (Blang Jerango)'),
(214, 13, 'Teripe Jaya (Tripe Jaya)'),
(215, 13, 'Pantan Cuaca'),
(216, 14, 'Teunom'),
(217, 14, 'Krueng Sabee'),
(218, 14, 'Setia Bhakti (Setia Bakti)'),
(219, 14, 'Sampoi Niet (Sampoiniet)'),
(220, 14, 'Jaya'),
(221, 14, 'Panga (Keude Panga)'),
(222, 14, 'Indra Jaya'),
(223, 14, 'Darul Hikmah'),
(224, 14, 'Pasie Raya'),
(225, 15, 'Kuala'),
(226, 15, 'Seunagan'),
(227, 15, 'Seunagan Timur'),
(228, 15, 'Beutong'),
(229, 15, 'Darul Makmur'),
(230, 15, 'Suka Makmue'),
(231, 15, 'Kuala Pesisir'),
(232, 15, 'Tadu Raya'),
(233, 15, 'Tripa Makmur'),
(234, 15, 'Beutong Ateuh Banggalang'),
(235, 16, 'Manyak Payed'),
(236, 16, 'Bendahara'),
(237, 16, 'Karang Baru'),
(238, 16, 'Seruway'),
(239, 16, 'Kota Kualasinpang (Kota Kuala Simpang)'),
(240, 16, 'Kejuruan Muda'),
(241, 16, 'Tamiang Hulu'),
(242, 16, 'Rantau'),
(243, 16, 'Banda Mulia'),
(244, 16, 'Bandar Pusaka'),
(245, 16, 'Tenggulun'),
(246, 16, 'Sekerak'),
(247, 17, 'Pintu Rime Gayo'),
(248, 17, 'Permata'),
(249, 17, 'Syiah Utama'),
(250, 17, 'Bandar'),
(251, 17, 'Bukit'),
(252, 17, 'Wih Pesam'),
(253, 17, 'Timang Gajah'),
(254, 17, 'Bener Kelipah'),
(255, 17, 'Mesidah'),
(256, 17, 'Gajah Putih'),
(257, 18, 'Meureudu'),
(258, 18, 'Ulim'),
(259, 18, 'Jangka Buya (Jangka Buaya)'),
(260, 18, 'Bandar Dua'),
(261, 18, 'Meurah Dua'),
(262, 18, 'Bandar Baru'),
(263, 18, 'Panteraja'),
(264, 18, 'Trienggadeng'),
(265, 19, 'Baiturrahman'),
(266, 19, 'Kuta Alam'),
(267, 19, 'Meuraxa'),
(268, 19, 'Syiah Kuala'),
(269, 19, 'Lueng Bata'),
(270, 19, 'Kuta Raja'),
(271, 19, 'Banda Raya'),
(272, 19, 'Jaya Baru'),
(273, 19, 'Ulee Kareng'),
(274, 20, 'Sukakarya'),
(275, 20, 'Sukajaya'),
(276, 20, 'Sukamakmue'),
(277, 21, 'Muara Dua'),
(278, 21, 'Banda Sakti'),
(279, 21, 'Blang Mangat'),
(280, 21, 'Muara Satu'),
(281, 22, 'Langsa Timur'),
(282, 22, 'Langsa Barat'),
(283, 22, 'Langsa Kota'),
(284, 22, 'Langsa Lama'),
(285, 22, 'Langsa Baro'),
(286, 23, 'Simpang Kiri'),
(287, 23, 'Penanggalan'),
(288, 23, 'Rundeng'),
(289, 23, 'Sultan Daulat'),
(290, 23, 'Longkib'),
(291, 24, 'Barus'),
(292, 24, 'Sorkam'),
(293, 24, 'Pandan'),
(294, 24, 'Pinangsori'),
(295, 24, 'Manduamas'),
(296, 24, 'Kolang'),
(297, 24, 'Tapian Nauli'),
(298, 24, 'Sibabangun'),
(299, 24, 'Sosorgadong (Sosor Gadong)'),
(300, 24, 'Sorkam Barat'),
(301, 24, 'Sirandorung'),
(302, 24, 'Andam Dewi'),
(303, 24, 'Sitahuis'),
(304, 24, 'Tukka'),
(305, 24, 'Badiri'),
(306, 24, 'Pasaribu Tobing'),
(307, 24, 'Barus Utara'),
(308, 24, 'Suka Bangun'),
(309, 24, 'Lumut'),
(310, 24, 'Sarudik'),
(311, 25, 'Tarutung'),
(312, 25, 'Siatas Barita'),
(313, 25, 'Adian Koting'),
(314, 25, 'Sipoholon'),
(315, 25, 'Pahae Julu'),
(316, 25, 'Pahae Jae'),
(317, 25, 'Simangumban'),
(318, 25, 'Purba Tua (Purbatua)'),
(319, 25, 'Siborong-Borong'),
(320, 25, 'Pagaran'),
(321, 25, 'Parmonangan'),
(322, 25, 'Sipahutar'),
(323, 25, 'Pangaribuan'),
(324, 25, 'Garoga'),
(325, 25, 'Muara'),
(326, 26, 'Angkola Barat'),
(327, 26, 'Batang Toru'),
(328, 26, 'Angkola Timur'),
(329, 26, 'Sipirok'),
(330, 26, 'Saipar Dolok Hole'),
(331, 26, 'Angkola Selatan'),
(332, 26, 'Batang Angkola'),
(333, 26, 'Arse'),
(334, 26, 'Marancar'),
(335, 26, 'Sayur Matinggi'),
(336, 26, 'Aek Bilah'),
(337, 26, 'Muara Batang Toru'),
(338, 26, 'Tano Tombangan Angkola'),
(339, 26, 'Angkola Sangkunur'),
(340, 26, 'Angkola Muara Tais'),
(341, 27, 'Hiliduho'),
(342, 27, 'Gido'),
(343, 27, 'Idanogawo (Idano Gawo)'),
(344, 27, 'Bawolato'),
(345, 27, 'Hiliserangkai (Hili Serangkai / Hilisaranggu)'),
(346, 27, 'Botomuzoi'),
(347, 27, 'Ulugawo'),
(348, 27, 'Ma\'u'),
(349, 27, 'Somolo-Molo (Samolo)'),
(350, 27, 'Sogae\'adu (Sogae Adu / Sogaeadu)'),
(351, 28, 'Bahorok'),
(352, 28, 'Salapian'),
(353, 28, 'Kuala'),
(354, 28, 'Sei Bingai (Sei Binge / Bingei)'),
(355, 28, 'Binjai'),
(356, 28, 'Selesai'),
(357, 28, 'Stabat'),
(358, 28, 'Wampu'),
(359, 28, 'Secanggang'),
(360, 28, 'Hinai'),
(361, 28, 'Tanjung Pura (Tanjungpura)'),
(362, 28, 'Padang Tualang'),
(363, 28, 'Gebang'),
(364, 28, 'Babalan'),
(365, 28, 'Pangkalan Susu'),
(366, 28, 'Besitang'),
(367, 28, 'Sei Lepan'),
(368, 28, 'Berandan Barat (Brandan Barat)'),
(369, 28, 'Batang Serangan'),
(370, 28, 'Sawit Seberang'),
(371, 28, 'Sirapit (Serapit)'),
(372, 28, 'Kutambaru'),
(373, 28, 'Pematang Jaya'),
(374, 29, 'Kabanjahe'),
(375, 29, 'Berastagi (Brastagi)'),
(376, 29, 'Barusjahe (Barus Jahe)'),
(377, 29, 'Tigapanah (Tiga Panah)'),
(378, 29, 'Merek'),
(379, 29, 'Munte'),
(380, 29, 'Juhar'),
(381, 29, 'Tigabinanga (Tiga Binanga)'),
(382, 29, 'Laubaleng'),
(383, 29, 'Mardingding (Mardinding)'),
(384, 29, 'Payung'),
(385, 29, 'Simpang Empat'),
(386, 29, 'Kutabuluh (Kuta Buluh)'),
(387, 29, 'Dolat Rayat'),
(388, 29, 'Merdeka'),
(389, 29, 'Naman Teran (Nama Teran)'),
(390, 29, 'Tiganderket'),
(391, 30, 'Gunung Meriah'),
(392, 30, 'Tanjung Morawa'),
(393, 30, 'Sibolangit'),
(394, 30, 'Kutalimbaru'),
(395, 30, 'Pancur Batu'),
(396, 30, 'Namo Rambe (Namorambe)'),
(397, 30, 'Biru-Biru (Sibiru-biru)'),
(398, 30, 'STM Hilir (Sinembah Tanjung Muda Hilir)'),
(399, 30, 'Bangun Purba'),
(400, 30, 'Galang'),
(401, 30, 'STM Hulu (Sinembah Tanjung Muda Hulu)'),
(402, 30, 'Patumbak'),
(403, 30, 'Deli Tua'),
(404, 30, 'Sunggal'),
(405, 30, 'Hamparan Perak'),
(406, 30, 'Labuhan Deli'),
(407, 30, 'Percut Sei Tuan'),
(408, 30, 'Batang Kuis'),
(409, 30, 'Lubuk Pakam'),
(410, 30, 'Pagar Merbau'),
(411, 30, 'Pantai Labu'),
(412, 30, 'Beringin'),
(413, 31, 'Siantar'),
(414, 31, 'Gunung Malela'),
(415, 31, 'Gunung Maligas'),
(416, 31, 'Panei'),
(417, 31, 'Panombeian Panei / Pane'),
(418, 31, 'Jorlang Hataran'),
(419, 31, 'Raya Kahean'),
(420, 31, 'Bosar Maligas'),
(421, 31, 'Sidamanik'),
(422, 31, 'Pamatang Sidamanik (Pematang Sidamanik)'),
(423, 31, 'Tanah Jawa'),
(424, 31, 'Hatonduhan'),
(425, 31, 'Dolok Panribuan'),
(426, 31, 'Purba'),
(427, 31, 'Haranggaol Horisan (Haranggaol Horison)'),
(428, 31, 'Girsang Sipangan Bolon'),
(429, 31, 'Dolok Batu Nanggar'),
(430, 31, 'Huta Bayu Raja'),
(431, 31, 'Jawa Maraja Bah Jambi'),
(432, 31, 'Dolok Pardamean'),
(433, 31, 'Pematang Bandar'),
(434, 31, 'Bandar Huluan'),
(435, 31, 'Bandar'),
(436, 31, 'Bandar Masilam'),
(437, 31, 'Silimakuta'),
(438, 31, 'Dolok Silou (Dolok Silau)'),
(439, 31, 'Silou Kahean'),
(440, 31, 'Tapian Dolok'),
(441, 31, 'Raya'),
(442, 31, 'Ujung Padang'),
(443, 31, 'Pamatang Silima Huta (Pematang)'),
(444, 31, 'Dolog Masagal'),
(445, 32, 'Meranti'),
(446, 32, 'Air Joman'),
(447, 32, 'Tanjung Balai'),
(448, 32, 'Sei Kepayang'),
(449, 32, 'Simpang Empat'),
(450, 32, 'Air Batu'),
(451, 32, 'Pulau Rakyat'),
(452, 32, 'Bandar Pulau'),
(453, 32, 'Buntu Pane'),
(454, 32, 'Bandar Pasir Mandoge'),
(455, 32, 'Aek Kuasan'),
(456, 32, 'Kota Kisaran Barat'),
(457, 32, 'Kota Kisaran Timur'),
(458, 32, 'Aek Songsongan'),
(459, 32, 'Rahuning (Rahunig)'),
(460, 32, 'Sei Dadap'),
(461, 32, 'Sei Kepayang Barat'),
(462, 32, 'Sei Kepayang Timur'),
(463, 32, 'Tinggi Raja'),
(464, 32, 'Setia Janji'),
(465, 32, 'Silau Laut'),
(466, 32, 'Rawang Panca Arga'),
(467, 32, 'Pulo Bandring'),
(468, 32, 'Teluk Dalam'),
(469, 32, 'Aek Ledong'),
(470, 33, 'Rantau Utara'),
(471, 33, 'Rantau Selatan'),
(472, 33, 'Bilah Barat'),
(473, 33, 'Bilah Hilir'),
(474, 33, 'Bilah Hulu'),
(475, 33, 'Pangkatan'),
(476, 33, 'Panai Tengah'),
(477, 33, 'Panai Hilir'),
(478, 33, 'Panai Hulu'),
(479, 34, 'Sidikalang'),
(480, 34, 'Sumbul'),
(481, 34, 'Tigalingga (Tiga Lingga)'),
(482, 34, 'Siempat Nempu'),
(483, 34, 'Silima Pungga Pungga'),
(484, 34, 'Tanah Pinem'),
(485, 34, 'Siempat Nempu Hulu'),
(486, 34, 'Siempat Nempu Hilir'),
(487, 34, 'Pegagan Hilir'),
(488, 34, 'Parbuluan'),
(489, 34, 'Lae Parira'),
(490, 34, 'Gunung Sitember'),
(491, 34, 'Berampu (Brampu)'),
(492, 34, 'Silahisabungan (Silahi Sabungan)'),
(493, 34, 'Sitinjo'),
(494, 35, 'Balige'),
(495, 35, 'Laguboti'),
(496, 35, 'Silaen'),
(497, 35, 'Habinsaran'),
(498, 35, 'Pintu Pohan Meranti'),
(499, 35, 'Borbor'),
(500, 35, 'Porsea'),
(501, 35, 'Ajibata'),
(502, 35, 'Lumban Julu'),
(503, 35, 'Uluan'),
(504, 35, 'Sigumpar'),
(505, 35, 'Siantar Narumonda'),
(506, 35, 'Nassau'),
(507, 35, 'Tampahan'),
(508, 35, 'Bonatua Lunasi'),
(509, 35, 'Parmaksian'),
(510, 36, 'Panyabungan'),
(511, 36, 'Panyabungan Utara'),
(512, 36, 'Panyabungan Timur'),
(513, 36, 'Panyabungan Selatan'),
(514, 36, 'Panyabungan Barat'),
(515, 36, 'Siabu'),
(516, 36, 'Bukit Malintang'),
(517, 36, 'Kotanopan'),
(518, 36, 'Lembah Sorik Marapi'),
(519, 36, 'Tambangan'),
(520, 36, 'Ulu Pungkut'),
(521, 36, 'Muara Sipongi'),
(522, 36, 'Batang Natal'),
(523, 36, 'Lingga Bayu'),
(524, 36, 'Batahan'),
(525, 36, 'Natal'),
(526, 36, 'Muara Batang Gadis'),
(527, 36, 'Ranto Baek'),
(528, 36, 'Huta Bargot'),
(529, 36, 'Puncak Sorik Marapi'),
(530, 36, 'Pakantan'),
(531, 36, 'Sinunukan'),
(532, 36, 'Naga Juang'),
(533, 37, 'Lolomatua'),
(534, 37, 'Gomo'),
(535, 37, 'Lahusa'),
(536, 37, 'Hibala'),
(537, 37, 'Pulau-Pulau Batu'),
(538, 37, 'Teluk Dalam'),
(539, 37, 'Amandraya'),
(540, 37, 'Lolowau'),
(541, 37, 'Susua'),
(542, 37, 'Maniamolo'),
(543, 37, 'Hilimegai'),
(544, 37, 'Toma'),
(545, 37, 'Mazino'),
(546, 37, 'Umbunasi'),
(547, 37, 'Aramo'),
(548, 37, 'Pulau-Pulau Batu Timur'),
(549, 37, 'Mazo'),
(550, 37, 'Fanayama'),
(551, 37, 'Ulunoyo'),
(552, 37, 'Huruna'),
(553, 37, 'O\'o\'u (Oou)'),
(554, 37, 'Onohazumba'),
(555, 37, 'Hilisalawa\'ahe (Hilisalawaahe)'),
(556, 37, 'Ulususua'),
(557, 37, 'Sidua\'ori'),
(558, 37, 'Somambawa'),
(559, 37, 'Boronadu'),
(560, 37, 'Simuk'),
(561, 37, 'Pulau-Pulau Batu Barat'),
(562, 37, 'Pulau-Pulau Batu Utara'),
(563, 37, 'Tanah Masa'),
(564, 37, 'Luahagundre Maniamolo'),
(565, 37, 'Onolalu'),
(566, 37, 'Ulu Idanotae'),
(567, 37, 'Idanotae'),
(568, 38, 'Sitelu Tali Urang Jehe (Sitellu)'),
(569, 38, 'Kerajaan'),
(570, 38, 'Salak'),
(571, 38, 'Sitelu Tali Urang Julu (Sitellu)'),
(572, 38, 'Pergetteng Getteng Sengkut'),
(573, 38, 'Pagindar'),
(574, 38, 'Tinada'),
(575, 38, 'Siempat Rube'),
(576, 39, 'Parlilitan'),
(577, 39, 'Pollung'),
(578, 39, 'Baktiraja (Bakti Raja)'),
(579, 39, 'Paranginan'),
(580, 39, 'Lintong Nihuta'),
(581, 39, 'Dolok Sanggul'),
(582, 39, 'Sijamapolang (Sijama Polang)'),
(583, 39, 'Onan Ganjang'),
(584, 39, 'Pakkat'),
(585, 39, 'Tarabintang (Tara Bintang)'),
(586, 40, 'Simanindo'),
(587, 40, 'Onan Runggu'),
(588, 40, 'Nainggolan'),
(589, 40, 'Palipi'),
(590, 40, 'Harian'),
(591, 40, 'Sianjar Mula Mula (Sianjur)'),
(592, 40, 'Ronggur Nihuta'),
(593, 40, 'Pangururan'),
(594, 40, 'Sitio-tio'),
(595, 41, 'Pantai Cermin'),
(596, 41, 'Perbaungan'),
(597, 41, 'Teluk Mengkudu'),
(598, 41, 'Sei Rampah'),
(599, 41, 'Tanjung Beringin'),
(600, 41, 'Bandar Khalipah / Khalifah'),
(601, 41, 'Dolok Merawan'),
(602, 41, 'Sipispis'),
(603, 41, 'Dolok Masihul'),
(604, 41, 'Kotarih'),
(605, 41, 'Silinda'),
(606, 41, 'Serba Jadi'),
(607, 41, 'Tebing Tinggi'),
(608, 41, 'Pegajahan'),
(609, 41, 'Sei Bamban'),
(610, 41, 'Tebing Syahbandar'),
(611, 41, 'Bintang Bayu'),
(612, 42, 'Medang Deras'),
(613, 42, 'Sei Suka'),
(614, 42, 'Air Putih'),
(615, 42, 'Lima Puluh (Limapuluh)'),
(616, 42, 'Talawi'),
(617, 42, 'Tanjung Tiram'),
(618, 42, 'Sei Balai'),
(619, 42, 'Laut Tador'),
(620, 42, 'Lima Puluh Pesisir'),
(621, 42, 'Datuk Lima Puluh'),
(622, 42, 'Datuk Tanah Datar'),
(623, 42, 'Nibung Hangus'),
(624, 43, 'Dolok Sigompulon'),
(625, 43, 'Dolok'),
(626, 43, 'Halongonan'),
(627, 43, 'Padang Bolak'),
(628, 43, 'Padang Bolak Julu'),
(629, 43, 'Portibi'),
(630, 43, 'Batang Onang'),
(631, 43, 'Simangambat'),
(632, 43, 'Hulu Sihapas'),
(633, 43, 'Padang Bolak Tenggara'),
(634, 43, 'Halongonan Timur'),
(635, 43, 'Ujung Batu'),
(636, 44, 'Sosopan'),
(637, 44, 'Barumun Tengah'),
(638, 44, 'Huristak'),
(639, 44, 'Lubuk Barumun'),
(640, 44, 'Hutaraja Tinggi (Huta Raja Tinggi)'),
(641, 44, 'Ulu Barumun'),
(642, 44, 'Barumun'),
(643, 44, 'Sosa'),
(644, 44, 'Batang Lubu Sutam'),
(645, 44, 'Barumun Selatan'),
(646, 44, 'Aek Nabara Barumun'),
(647, 44, 'Sihapas Barumun'),
(648, 44, 'Barumun Baru'),
(649, 44, 'Ulu Sosa'),
(650, 44, 'Sosa Julu'),
(651, 44, 'Barumun Barat'),
(652, 44, 'Sosa Timur'),
(653, 45, 'Kotapinang (Kota Pinang)'),
(654, 45, 'Kampung Rakyat'),
(655, 45, 'Torgamba'),
(656, 45, 'Sungai Kanan (Sei)'),
(657, 45, 'Silangkitang'),
(658, 46, 'Kualuh Hulu'),
(659, 46, 'Kualuh Leidong'),
(660, 46, 'Kualuh Hilir'),
(661, 46, 'Aek Kuo'),
(662, 46, 'Marbau'),
(663, 46, 'Na IX - X (Na IX-X)'),
(664, 46, 'Aek Natas'),
(665, 46, 'Kualuh Selatan'),
(666, 47, 'Lotu'),
(667, 47, 'Sawo'),
(668, 47, 'Tuhemberua'),
(669, 47, 'Sitolu Ori'),
(670, 47, 'Namohalu Esiwa'),
(671, 47, 'Alasa Talumuzoi'),
(672, 47, 'Alasa'),
(673, 47, 'Tugala Oyo'),
(674, 47, 'Afulu'),
(675, 47, 'Lahewa'),
(676, 47, 'Lahewa Timur'),
(677, 48, 'Lahomi (Gahori)'),
(678, 48, 'Sirombu'),
(679, 48, 'Mandrehe Barat'),
(680, 48, 'Moro\'o'),
(681, 48, 'Mandrehe'),
(682, 48, 'Mandrehe Utara'),
(683, 48, 'Lolofitu Moi'),
(684, 48, 'Ulu Moro\'o (Ulu Narwo)'),
(685, 49, 'Medan Kota'),
(686, 49, 'Medan Sunggal'),
(687, 49, 'Medan Helvetia'),
(688, 49, 'Medan Denai'),
(689, 49, 'Medan Barat'),
(690, 49, 'Medan Deli'),
(691, 49, 'Medan Tuntungan'),
(692, 49, 'Medan Belawan (Medan Belawan Kota)'),
(693, 49, 'Medan Amplas'),
(694, 49, 'Medan Area'),
(695, 49, 'Medan Johor'),
(696, 49, 'Medan Marelan'),
(697, 49, 'Medan Labuhan'),
(698, 49, 'Medan Tembung'),
(699, 49, 'Medan Maimun'),
(700, 49, 'Medan Polonia'),
(701, 49, 'Medan Baru'),
(702, 49, 'Medan Perjuangan'),
(703, 49, 'Medan Petisah'),
(704, 49, 'Medan Timur'),
(705, 49, 'Medan Selayang'),
(706, 50, 'Siantar Timur'),
(707, 50, 'Siantar Barat'),
(708, 50, 'Siantar Utara'),
(709, 50, 'Siantar Selatan'),
(710, 50, 'Siantar Marihat'),
(711, 50, 'Siantar Martoba'),
(712, 50, 'Siantar Sitalasari'),
(713, 50, 'Siantar Marimbun'),
(714, 51, 'Sibolga Utara'),
(715, 51, 'Sibolga Kota'),
(716, 51, 'Sibolga Selatan'),
(717, 51, 'Sibolga Sambas'),
(718, 52, 'Tanjungbalai Selatan (Tanjung Balai Selatan)'),
(719, 52, 'Tanjungbalai Utara (Tanjung Balai Utara)'),
(720, 52, 'Sei Tualang Raso'),
(721, 52, 'Teluk Nibung'),
(722, 52, 'Datuk Bandar'),
(723, 52, 'Datuk Bandar Timur'),
(724, 53, 'Binjai Utara'),
(725, 53, 'Binjai Kota'),
(726, 53, 'Binjai Barat'),
(727, 53, 'Binjai Timur'),
(728, 53, 'Binjai Selatan'),
(729, 54, 'Padang Hulu'),
(730, 54, 'Rambutan'),
(731, 54, 'Padang Hilir'),
(732, 54, 'Bajenis'),
(733, 54, 'Tebing Tinggi Kota'),
(734, 55, 'Padangsidimpuan Utara'),
(735, 55, 'Padangsidimpuan Selatan'),
(736, 55, 'Padangsidimpuan Batunadua'),
(737, 55, 'Padangsidimpuan Hutaimbaru'),
(738, 55, 'Padangsidimpuan Tenggara'),
(739, 55, 'Padangsidimpuan Angkola Julu'),
(740, 56, 'Gunungsitoli'),
(741, 56, 'Gunungsitoli Selatan'),
(742, 56, 'Gunungsitoli Utara'),
(743, 56, 'Gunungsitoli Idanoi'),
(744, 56, 'Gunungsitoli Alo\'oa'),
(745, 56, 'Gunungsitoli Barat'),
(746, 57, 'Pancung Soal'),
(747, 57, 'Ranah Pesisir'),
(748, 57, 'Lengayang'),
(749, 57, 'Batang Kapas'),
(750, 57, 'IV Jurai'),
(751, 57, 'Bayang'),
(752, 57, 'Koto XI Tarusan'),
(753, 57, 'Sutera'),
(754, 57, 'Linggo Sari Baganti'),
(755, 57, 'Lunang'),
(756, 57, 'Basa Ampek Balai Tapan'),
(757, 57, 'IV Nagari Bayang Utara'),
(758, 57, 'Airpura'),
(759, 57, 'Ranah Ampek Hulu Tapan'),
(760, 57, 'Silaut'),
(761, 58, 'Pantai Cermin'),
(762, 58, 'Lembah Gumanti'),
(763, 58, 'Payung Sekaki'),
(764, 58, 'Lembang Jaya'),
(765, 58, 'Gunung Talang'),
(766, 58, 'Bukit Sundi'),
(767, 58, 'IX Koto Sungai Lasi'),
(768, 58, 'Kubung'),
(769, 58, 'X Koto Singkarak'),
(770, 58, 'X Koto Diatas'),
(771, 58, 'Junjung Sirih'),
(772, 58, 'Hiliran Gumanti'),
(773, 58, 'Tigo Lurah'),
(774, 58, 'Danau Kembar'),
(775, 59, 'Tanjung Gadang'),
(776, 59, 'Sijunjung'),
(777, 59, 'IV Nagari'),
(778, 59, 'Kamang Baru'),
(779, 59, 'Lubuak Tarok'),
(780, 59, 'Koto VII'),
(781, 59, 'Sumpur Kudus'),
(782, 59, 'Kupitan'),
(783, 60, 'X Koto (Sepuluh Koto)'),
(784, 60, 'Batipuh'),
(785, 60, 'Rambatan'),
(786, 60, 'Lima Kaum'),
(787, 60, 'Tanjung Emas'),
(788, 60, 'Lintau Buo'),
(789, 60, 'Sungayang'),
(790, 60, 'Sungai Tarab'),
(791, 60, 'Pariangan'),
(792, 60, 'Salimpaung (Salimpauang)'),
(793, 60, 'Padang Ganting'),
(794, 60, 'Tanjuang Baru (Tanjung Baru)'),
(795, 60, 'Lintau Buo Utara'),
(796, 60, 'Batipuah Selatan (Batipuh Selatan)'),
(797, 61, 'Lubuk Alung'),
(798, 61, 'Batang Anai'),
(799, 61, 'Nan Sabaris'),
(800, 61, '2 x 11 Enam Lingkuang'),
(801, 61, 'VII Koto Sungai Sarik'),
(802, 61, 'V Koto Kampung Dalam'),
(803, 61, 'Sungai Garingging'),
(804, 61, 'Sungai Limau'),
(805, 61, 'IV Koto Aur Malintang'),
(806, 61, 'Ulakan Tapakih'),
(807, 61, 'Sintuak Toboh Gadang'),
(808, 61, 'Padang Sago'),
(809, 61, 'Batang Gasan'),
(810, 61, 'V Koto Timur'),
(811, 61, '2 x 11 Kayu Tanam'),
(812, 61, 'Patamuan'),
(813, 61, 'Enam Lingkung'),
(814, 62, 'Tanjung Mutiara'),
(815, 62, 'Lubuk Basung'),
(816, 62, 'Tanjung Raya'),
(817, 62, 'Matur'),
(818, 62, 'IV Koto (Ampek Koto)'),
(819, 62, 'Banuhampu'),
(820, 62, 'Ampek Angkek (IV Angkat Candung)'),
(821, 62, 'Baso'),
(822, 62, 'Tilatang Kamang'),
(823, 62, 'Palupuh'),
(824, 62, 'Palembayan (Pelembayan)'),
(825, 62, 'Sungai Pua (Puar)'),
(826, 62, 'Ampek Nagari (IV Nagari )'),
(827, 62, 'Candung'),
(828, 62, 'Kamang Magek'),
(829, 62, 'Malalak (Malakak)'),
(830, 63, 'Suliki'),
(831, 63, 'Guguak (Gugu)'),
(832, 63, 'Payakumbuh'),
(833, 63, 'Luak (Luhak)'),
(834, 63, 'Harau'),
(835, 63, 'Pangkalan Koto Baru'),
(836, 63, 'Kapur IX/Sembilan'),
(837, 63, 'Gunuang Omeh (Gunung Mas)'),
(838, 63, 'Lareh Sago Halaban'),
(839, 63, 'Situjuah Limo Nagari (Situjuah Lima Nagari)'),
(840, 63, 'Mungka'),
(841, 63, 'Bukik Barisan'),
(842, 63, 'Akabiluru'),
(843, 64, 'Bonjol'),
(844, 64, 'Lubuk Sikaping'),
(845, 64, 'Panti'),
(846, 64, 'Mapat Tunggul'),
(847, 64, 'Duo Koto'),
(848, 64, 'Tigo Nagari'),
(849, 64, 'Rao'),
(850, 64, 'Mapat Tunggul Selatan'),
(851, 64, 'Simpang Alahan Mati'),
(852, 64, 'Padang Gelugur'),
(853, 64, 'Rao Utara'),
(854, 64, 'Rao Selatan'),
(855, 65, 'Pagai Utara'),
(856, 65, 'Sipora Selatan'),
(857, 65, 'Siberut Selatan'),
(858, 65, 'Siberut Utara'),
(859, 65, 'Siberut Barat'),
(860, 65, 'Siberut Barat Daya'),
(861, 65, 'Siberut Tengah'),
(862, 65, 'Sipora Utara'),
(863, 65, 'Sikakap'),
(864, 65, 'Pagai Selatan'),
(865, 66, 'Koto Baru'),
(866, 66, 'Pulau Punjung'),
(867, 66, 'Sungai Rumbai'),
(868, 66, 'Sitiung'),
(869, 66, 'Sembilan Koto'),
(870, 66, 'Timpeh'),
(871, 66, 'Koto Salak'),
(872, 66, 'Tiumang'),
(873, 66, 'Padang Laweh'),
(874, 66, 'Asam Jujuhan'),
(875, 66, 'Koto Besar'),
(876, 67, 'Sangir'),
(877, 67, 'Sungai Pagu'),
(878, 67, 'Koto Parik Gadang Diateh'),
(879, 67, 'Sangir Jujuan'),
(880, 67, 'Sangir Batang Hari'),
(881, 67, 'Pauh Duo'),
(882, 67, 'Sangir Balai Janggo'),
(883, 68, 'Sungai Beremas (Sei Beremas)'),
(884, 68, 'Lembah Melintang'),
(885, 68, 'Pasaman'),
(886, 68, 'Talamau'),
(887, 68, 'Kinali'),
(888, 68, 'Gunung Tuleh (Gunungtuleh)'),
(889, 68, 'Ranah Batahan'),
(890, 68, 'Koto Balingka'),
(891, 68, 'Sungai Aur (Sungaiaur)'),
(892, 68, 'Luhak Nan Duo'),
(893, 68, 'Sasak Ranah Pasisie (Pesisir, Pasisir, Pesisie)'),
(894, 69, 'Padang Selatan'),
(895, 69, 'Padang Timur'),
(896, 69, 'Padang Barat'),
(897, 69, 'Padang Utara'),
(898, 69, 'Bungus Teluk Kabung'),
(899, 69, 'Lubuk Begalung'),
(900, 69, 'Lubuk Kilangan'),
(901, 69, 'Pauh'),
(902, 69, 'Kuranji'),
(903, 69, 'Nanggalo'),
(904, 69, 'Koto Tangah'),
(905, 70, 'Lubuk Sikarah'),
(906, 70, 'Tanjung Harapan'),
(907, 71, 'Lembah Segar'),
(908, 71, 'Barangin'),
(909, 71, 'Silungkang'),
(910, 71, 'Talawi'),
(911, 72, 'Padang Panjang Timur'),
(912, 72, 'Padang Panjang Barat'),
(913, 73, 'Guguak Panjang (Guguk Panjang)'),
(914, 73, 'Mandiangin Koto Selayan'),
(915, 73, 'Aur Birugo Tigo Baleh'),
(916, 74, 'Payakumbuh Barat'),
(917, 74, 'Payakumbuh Utara'),
(918, 74, 'Payakumbuh Timur'),
(919, 74, 'Lamposi Tigo Nagori / Nagari'),
(920, 74, 'Payakumbuh Selatan'),
(921, 75, 'Pariaman Tengah'),
(922, 75, 'Pariaman Utara'),
(923, 75, 'Pariaman Selatan'),
(924, 75, 'Pariaman Timur'),
(925, 76, 'Bangkinang Kota'),
(926, 76, 'Kampar'),
(927, 76, 'Tambang'),
(928, 76, 'XIII Koto Kampar'),
(929, 76, 'Kuok'),
(930, 76, 'Siak Hulu'),
(931, 76, 'Kampar Kiri'),
(932, 76, 'Kampar Kiri Hilir'),
(933, 76, 'Kampar Kiri Hulu'),
(934, 76, 'Tapung'),
(935, 76, 'Tapung Hilir'),
(936, 76, 'Tapung Hulu'),
(937, 76, 'Salo'),
(938, 76, 'Rumbio Jaya'),
(939, 76, 'Bangkinang'),
(940, 76, 'Perhentian Raja'),
(941, 76, 'Kampa (Kampar Timur)'),
(942, 76, 'Kampar Utara'),
(943, 76, 'Kampar Kiri Tengah'),
(944, 76, 'Gunung Sahilan'),
(945, 76, 'Koto Kampar Hulu'),
(946, 77, 'Rengat'),
(947, 77, 'Rengat Barat'),
(948, 77, 'Kelayang'),
(949, 77, 'Pasir Penyu'),
(950, 77, 'Peranap'),
(951, 77, 'Siberida (Seberida)'),
(952, 77, 'Batang Cenaku'),
(953, 77, 'Batang Gangsal (Batang Gansal)'),
(954, 77, 'Lirik'),
(955, 77, 'Kuala Cenaku'),
(956, 77, 'Sungai Lala'),
(957, 77, 'Lubuk Batu Jaya'),
(958, 77, 'Rakit Kulim'),
(959, 77, 'Batang Peranap'),
(960, 78, 'Bengkalis'),
(961, 78, 'Bantan'),
(962, 78, 'Bukit Batu'),
(963, 78, 'Mandau'),
(964, 78, 'Rupat'),
(965, 78, 'Rupat Utara'),
(966, 78, 'Siak Kecil'),
(967, 78, 'Pinggir'),
(968, 78, 'Bandar Laksamana'),
(969, 78, 'Talang Muandau'),
(970, 78, 'Bathin Solapan'),
(971, 79, 'Reteh'),
(972, 79, 'Enok'),
(973, 79, 'Kuala Indragiri'),
(974, 79, 'Tembilahan'),
(975, 79, 'Tempuling'),
(976, 79, 'Gaung Anak Serka'),
(977, 79, 'Mandah'),
(978, 79, 'Kateman'),
(979, 79, 'Keritang'),
(980, 79, 'Tanah Merah'),
(981, 79, 'Batang Tuaka'),
(982, 79, 'Gaung'),
(983, 79, 'Tembilahan Hulu'),
(984, 79, 'Kemuning'),
(985, 79, 'Pelangiran'),
(986, 79, 'Teluk Belengkong'),
(987, 79, 'Pulau Burung'),
(988, 79, 'Concong'),
(989, 79, 'Kempas'),
(990, 79, 'Sungai Batang'),
(991, 80, 'Ukui'),
(992, 80, 'Pangkalan Kerinci'),
(993, 80, 'Pangkalan Kuras'),
(994, 80, 'Pangkalan Lesung'),
(995, 80, 'Langgam'),
(996, 80, 'Pelalawan'),
(997, 80, 'Kerumutan'),
(998, 80, 'Bunut'),
(999, 80, 'Teluk Meranti'),
(1000, 80, 'Kuala Kampar'),
(1001, 80, 'Bandar Sei Kijang'),
(1002, 80, 'Bandar Petalangan'),
(1003, 81, 'Ujung Batu'),
(1004, 81, 'Rokan IV Koto'),
(1005, 81, 'Rambah'),
(1006, 81, 'Tambusai'),
(1007, 81, 'Kepenuhan'),
(1008, 81, 'Kunto Darussalam'),
(1009, 81, 'Rambah Samo'),
(1010, 81, 'Rambah Hilir'),
(1011, 81, 'Tambusai Utara'),
(1012, 81, 'Bangun Purba'),
(1013, 81, 'Tandun'),
(1014, 81, 'Kabun'),
(1015, 81, 'Bonai Darussalam'),
(1016, 81, 'Pagaran Tapah Darussalam'),
(1017, 81, 'Kepenuhan Hulu'),
(1018, 81, 'Pendalian IV Koto'),
(1019, 82, 'Kubu'),
(1020, 82, 'Bangko'),
(1021, 82, 'Tanah Putih'),
(1022, 82, 'Rimba Melintang'),
(1023, 82, 'Bagansinembah (Bagan Sinembah)'),
(1024, 82, 'Pasir Limau Kapas'),
(1025, 82, 'Sinaboi (Senaboi)'),
(1026, 82, 'Pujud'),
(1027, 82, 'Tanah Putih Tanjung Melawan'),
(1028, 82, 'Bangko Pusako / Pusaka'),
(1029, 82, 'Simpang Kanan'),
(1030, 82, 'Batu Hampar'),
(1031, 82, 'Rantau Kopar'),
(1032, 82, 'Pekaitan'),
(1033, 82, 'Kubu Babussalam'),
(1034, 82, 'Tanjung Medan'),
(1035, 82, 'Bagan Sinembah Raya'),
(1036, 82, 'Balai Jaya'),
(1037, 83, 'Siak'),
(1038, 83, 'Sungai Apit'),
(1039, 83, 'Minas'),
(1040, 83, 'Tualang'),
(1041, 83, 'Sungai Mandau'),
(1042, 83, 'Dayun'),
(1043, 83, 'Kerinci Kanan'),
(1044, 83, 'Bunga Raya'),
(1045, 83, 'Koto Gasib'),
(1046, 83, 'Kandis'),
(1047, 83, 'Lubuk Dalam'),
(1048, 83, 'Sabak Auh'),
(1049, 83, 'Mempura'),
(1050, 83, 'Pusako'),
(1051, 84, 'Kuantan Mudik'),
(1052, 84, 'Kuantan Tengah'),
(1053, 84, 'Singingi'),
(1054, 84, 'Kuantan Hilir'),
(1055, 84, 'Cerenti'),
(1056, 84, 'Benai'),
(1057, 84, 'Gunungtoar (Gunung Toar)'),
(1058, 84, 'Singingi Hilir'),
(1059, 84, 'Pangean'),
(1060, 84, 'Logas Tanah Darat'),
(1061, 84, 'Inuman'),
(1062, 84, 'Hulu Kuantan'),
(1063, 84, 'Kuantan Hilir Seberang'),
(1064, 84, 'Sentajo Raya'),
(1065, 84, 'Pucuk Rantau'),
(1066, 85, 'Tebing Tinggi'),
(1067, 85, 'Rangsang Barat'),
(1068, 85, 'Rangsang'),
(1069, 85, 'Tebing Tinggi Barat'),
(1070, 85, 'Merbau'),
(1071, 85, 'Pulaumerbau'),
(1072, 85, 'Tebing Tinggi Timur'),
(1073, 85, 'Tasik Putri Puyu'),
(1074, 85, 'Rangsang Pesisir'),
(1075, 86, 'Sukajadi'),
(1076, 86, 'Pekanbaru Kota'),
(1077, 86, 'Sail'),
(1078, 86, 'Lima Puluh'),
(1079, 86, 'Senapelan'),
(1080, 86, 'Rumbai Barat'),
(1081, 86, 'Bukit Raya'),
(1082, 86, 'Binawidya'),
(1083, 86, 'Marpoyan Damai'),
(1084, 86, 'Tenayan Raya'),
(1085, 86, 'Payung Sekaki'),
(1086, 86, 'Rumbai (Rumbai Pesisir)'),
(1087, 86, 'Tuahmadani'),
(1088, 86, 'Kulim'),
(1089, 86, 'Rumbai Timur'),
(1090, 87, 'Dumai Barat'),
(1091, 87, 'Dumai Timur'),
(1092, 87, 'Bukit Kapur'),
(1093, 87, 'Sungai Sembilan'),
(1094, 87, 'Medang Kampai'),
(1095, 87, 'Dumai Kota'),
(1096, 87, 'Dumai Selatan'),
(1097, 88, 'Gunung Raya'),
(1098, 88, 'Danau Kerinci'),
(1099, 88, 'Sitinjau Laut'),
(1100, 88, 'Air Hangat'),
(1101, 88, 'Gunung Kerinci'),
(1102, 88, 'Batang Merangin'),
(1103, 88, 'Keliling Danau'),
(1104, 88, 'Kayu Aro'),
(1105, 88, 'Air Hangat Timur'),
(1106, 88, 'Gunung Tujuh'),
(1107, 88, 'Siulak'),
(1108, 88, 'Depati Tujuh'),
(1109, 88, 'Siulak Mukai'),
(1110, 88, 'Kayu Aro Barat'),
(1111, 88, 'Bukitkerman'),
(1112, 88, 'Air Hangat Barat'),
(1113, 88, 'Tanah Cogok'),
(1114, 88, 'Danau Kerinci Barat'),
(1115, 89, 'Jangkat'),
(1116, 89, 'Bangko'),
(1117, 89, 'Muara Siau'),
(1118, 89, 'Sungai Manau'),
(1119, 89, 'Tabir'),
(1120, 89, 'Pamenang'),
(1121, 89, 'Tabir Ulu'),
(1122, 89, 'Tabir Selatan'),
(1123, 89, 'Lembah Masurai'),
(1124, 89, 'Bangko Barat'),
(1125, 89, 'Nalo Tantan (Nalo Tatan)'),
(1126, 89, 'Batang Masumai'),
(1127, 89, 'Pamenang Barat'),
(1128, 89, 'Tabir Ilir'),
(1129, 89, 'Tabir Timur'),
(1130, 89, 'Renah Pembarap'),
(1131, 89, 'Pangkalan Jambu'),
(1132, 89, 'Jangkat Timur (Sungai Tenang)'),
(1133, 89, 'Renah Pamenang (Renah Pemenang)'),
(1134, 89, 'Pamenang Selatan'),
(1135, 89, 'Margo Tabir'),
(1136, 89, 'Tabir Lintas'),
(1137, 89, 'Tabir Barat'),
(1138, 89, 'Tiang Pumpung'),
(1139, 90, 'Batang Asai'),
(1140, 90, 'Limun'),
(1141, 90, 'Sarolangun'),
(1142, 90, 'Pauh'),
(1143, 90, 'Pelawan'),
(1144, 90, 'Mandiangin'),
(1145, 90, 'Air Hitam'),
(1146, 90, 'Bathin VIII (Batin VIII)'),
(1147, 90, 'Singkut'),
(1148, 90, 'Cermin Nan Gedang / Gadang'),
(1149, 90, 'Mandiangin Timur'),
(1150, 91, 'Mersam'),
(1151, 91, 'Muara Tembesi'),
(1152, 91, 'Muara Bulian'),
(1153, 91, 'Batin XXIV'),
(1154, 91, 'Pemayung'),
(1155, 91, 'Maro Sebo Ulu'),
(1156, 91, 'Bajubang'),
(1157, 91, 'Maro Sebo Ilir'),
(1158, 92, 'Jambi Luar Kota'),
(1159, 92, 'Sekernan'),
(1160, 92, 'Kumpeh'),
(1161, 92, 'Maro Sebo'),
(1162, 92, 'Mestong'),
(1163, 92, 'Kumpeh Ulu'),
(1164, 92, 'Sungai Bahar'),
(1165, 92, 'Sungai Gelam'),
(1166, 92, 'Bahar Utara'),
(1167, 92, 'Bahar Selatan'),
(1168, 92, 'Taman Rajo'),
(1169, 93, 'Tungkal Ulu'),
(1170, 93, 'Tungkal Ilir'),
(1171, 93, 'Pengabuan'),
(1172, 93, 'Betara'),
(1173, 93, 'Merlung'),
(1174, 93, 'Tebing Tinggi'),
(1175, 93, 'Batang Asam'),
(1176, 93, 'Renah Mendaluh'),
(1177, 93, 'Muara Papalik'),
(1178, 93, 'Seberang Kota'),
(1179, 93, 'Bram Itam'),
(1180, 93, 'Kuala Betara'),
(1181, 93, 'Senyerang'),
(1182, 94, 'Muara Sabak Timur'),
(1183, 94, 'Nipah Panjang'),
(1184, 94, 'Mendahara'),
(1185, 94, 'Rantau Rasau'),
(1186, 94, 'Sadu'),
(1187, 94, 'Dendang'),
(1188, 94, 'Muara Sabak Barat'),
(1189, 94, 'Kuala Jambi'),
(1190, 94, 'Mendahara Ulu'),
(1191, 94, 'Geragai'),
(1192, 94, 'Berbak'),
(1193, 95, 'Tanah Tumbuh'),
(1194, 95, 'Rantau Pandan'),
(1195, 95, 'Pasar Muaro Bungo (Pasar Muara Bungo)'),
(1196, 95, 'Jujuhan'),
(1197, 95, 'Tanah Sepenggal'),
(1198, 95, 'Pelepat'),
(1199, 95, 'Limbur Lubuk Mengkuang'),
(1200, 95, 'Muko-muko Bathin VII'),
(1201, 95, 'Pelepat Ilir'),
(1202, 95, 'Batin II Babeko (Bathin)'),
(1203, 95, 'Bathin III'),
(1204, 95, 'Bungo Dani'),
(1205, 95, 'Rimbo Tengah'),
(1206, 95, 'Bathin III Ulu'),
(1207, 95, 'Bathin II Pelayang'),
(1208, 95, 'Jujuhan Ilir'),
(1209, 95, 'Tanah Sepenggal Lintas'),
(1210, 96, 'Tebo Tengah'),
(1211, 96, 'Tebo Ilir'),
(1212, 96, 'Tebo Ulu'),
(1213, 96, 'Rimbo Bujang'),
(1214, 96, 'Sumay'),
(1215, 96, 'VII Koto'),
(1216, 96, 'Rimbo Ulu'),
(1217, 96, 'Rimbo Ilir'),
(1218, 96, 'Tengah Ilir'),
(1219, 96, 'Serai Serumpun'),
(1220, 96, 'VII Koto Ilir'),
(1221, 96, 'Muara Tabir'),
(1222, 97, 'Telanaipura'),
(1223, 97, 'Jambi Selatan'),
(1224, 97, 'Jambi Timur'),
(1225, 97, 'Pasar Jambi'),
(1226, 97, 'Pelayangan'),
(1227, 97, 'Danau Teluk'),
(1228, 97, 'Kota Baru'),
(1229, 97, 'Jelutung'),
(1230, 97, 'Alam Barajo'),
(1231, 97, 'Danau Sipin'),
(1232, 97, 'Paal Merah'),
(1233, 98, 'Sungai Penuh'),
(1234, 98, 'Pesisir Bukit'),
(1235, 98, 'Hamparan Rawang'),
(1236, 98, 'Tanah Kampung'),
(1237, 98, 'Kumun Debai'),
(1238, 98, 'Pondok Tinggi'),
(1239, 98, 'Koto Baru'),
(1240, 98, 'Sungai Bungkal'),
(1241, 99, 'Sosoh Buay Rayap'),
(1242, 99, 'Pengandonan'),
(1243, 99, 'Peninjauan'),
(1244, 99, 'Baturaja Barat'),
(1245, 99, 'Baturaja Timur'),
(1246, 99, 'Ulu Ogan'),
(1247, 99, 'Semidang Aji'),
(1248, 99, 'Lubuk Batang'),
(1249, 99, 'Lengkiti'),
(1250, 99, 'Sinar Peninjauan'),
(1251, 99, 'Lubuk Raja'),
(1252, 99, 'Muara Jaya'),
(1253, 99, 'Kedaton Peninjauan Raya'),
(1254, 100, 'Tanjung Lubuk'),
(1255, 100, 'Pedamaran'),
(1256, 100, 'Mesuji'),
(1257, 100, 'Kayu Agung'),
(1258, 100, 'Sirah Pulau Padang'),
(1259, 100, 'Tulung Selapan'),
(1260, 100, 'Pampangan'),
(1261, 100, 'Lempuing'),
(1262, 100, 'Air Sugihan'),
(1263, 100, 'Sungai Menang'),
(1264, 100, 'Jejawi'),
(1265, 100, 'Cengal'),
(1266, 100, 'Pangkalan Lampam'),
(1267, 100, 'Mesuji Makmur'),
(1268, 100, 'Mesuji Raya'),
(1269, 100, 'Lempuing Jaya'),
(1270, 100, 'Teluk Gelam'),
(1271, 100, 'Pedamaran Timur'),
(1272, 101, 'Tanjung Agung'),
(1273, 101, 'Muara Enim'),
(1274, 101, 'Rambang Niru (Rambang Dangku)'),
(1275, 101, 'Gunung Megang'),
(1276, 101, 'Gelumbang'),
(1277, 101, 'Lawang Kidul'),
(1278, 101, 'Semende Darat Laut'),
(1279, 101, 'Semende Darat Tengah'),
(1280, 101, 'Semende Darat Ulu'),
(1281, 101, 'Ujan Mas'),
(1282, 101, 'Lubai'),
(1283, 101, 'Rambang'),
(1284, 101, 'Sungai Rotan'),
(1285, 101, 'Lembak'),
(1286, 101, 'Benakat'),
(1287, 101, 'Kelekar'),
(1288, 101, 'Muara Belida'),
(1289, 101, 'Belimbing'),
(1290, 101, 'Belida Darat'),
(1291, 101, 'Lubai Ulu'),
(1292, 101, 'Empat Petulai Dangku'),
(1293, 101, 'Panang Enim'),
(1294, 102, 'Tanjungsakti Pumu (Tanjung Sakti Pumu)'),
(1295, 102, 'Jarai'),
(1296, 102, 'Kota Agung'),
(1297, 102, 'Pulaupinang (Pulau Pinang)'),
(1298, 102, 'Merapi Barat'),
(1299, 102, 'Lahat'),
(1300, 102, 'Pajar Bulan'),
(1301, 102, 'Mulak Ulu'),
(1302, 102, 'Kikim Selatan'),
(1303, 102, 'Kikim Timur'),
(1304, 102, 'Kikim Tengah'),
(1305, 102, 'Kikim Barat'),
(1306, 102, 'Pseksu'),
(1307, 102, 'Gumay Talang'),
(1308, 102, 'Pagar Gunung'),
(1309, 102, 'Merapi Timur'),
(1310, 102, 'Tanjung Sakti Pumi'),
(1311, 102, 'Gumay Ulu'),
(1312, 102, 'Merapi Selatan'),
(1313, 102, 'Tanjungtebat (Tanjung Tebat)'),
(1314, 102, 'Muarapayang'),
(1315, 102, 'Sukamerindu'),
(1316, 102, 'Mulak Sebingkai'),
(1317, 102, 'Lahat Selatan'),
(1318, 103, 'Tugumulyo'),
(1319, 103, 'Muara Lakitan'),
(1320, 103, 'Muara Kelingi'),
(1321, 103, 'Jayaloka (Jaya Loka)'),
(1322, 103, 'Muara Beliti'),
(1323, 103, 'STL Ulu Terawas (Suku Tengah Lakitan Ulu Terawas)'),
(1324, 103, 'Selangit'),
(1325, 103, 'Megang Sakti'),
(1326, 103, 'Purwodadi'),
(1327, 103, 'BTS Ulu'),
(1328, 103, 'Tiang Pumpung Kepungut'),
(1329, 103, 'Sumber Harta'),
(1330, 103, 'Tuah Negeri'),
(1331, 103, 'Suka Karya (Sukakarya)'),
(1332, 104, 'Sekayu'),
(1333, 104, 'Lais'),
(1334, 104, 'Sungai Keruh'),
(1335, 104, 'Batang Hari Leko'),
(1336, 104, 'Sanga Desa'),
(1337, 104, 'Babat Toman'),
(1338, 104, 'Sungai Lilin'),
(1339, 104, 'Keluang'),
(1340, 104, 'Bayung Lencir'),
(1341, 104, 'Plakat Tinggi (Pelakat Tinggi)'),
(1342, 104, 'Lalan'),
(1343, 104, 'Tungkal Jaya'),
(1344, 104, 'Lawang Wetan'),
(1345, 104, 'Babat Supat'),
(1346, 104, 'Jirak Jaya'),
(1347, 105, 'Banyuasin I'),
(1348, 105, 'Banyuasin II'),
(1349, 105, 'Banyuasin III'),
(1350, 105, 'Pulau Rimau'),
(1351, 105, 'Betung'),
(1352, 105, 'Rambutan'),
(1353, 105, 'Muara Padang'),
(1354, 105, 'Muara Telang'),
(1355, 105, 'Makarti Jaya'),
(1356, 105, 'Talang Kelapa'),
(1357, 105, 'Rantau Bayur'),
(1358, 105, 'Tanjung Lago'),
(1359, 105, 'Muara Sugihan'),
(1360, 105, 'Air Salek'),
(1361, 105, 'Tungkal Ilir'),
(1362, 105, 'Suak Tapeh'),
(1363, 105, 'Sembawa'),
(1364, 105, 'Sumber Marga Telang'),
(1365, 105, 'Air Kumbang'),
(1366, 105, 'Karang Agung Ilir'),
(1367, 105, 'Selat Penuguan'),
(1368, 106, 'Martapura'),
(1369, 106, 'Buay Madang'),
(1370, 106, 'Belitang'),
(1371, 106, 'Cempaka'),
(1372, 106, 'Buay Pemuka Peliung'),
(1373, 106, 'Madang Suku II'),
(1374, 106, 'Madang Suku I'),
(1375, 106, 'Semendawai Suku III'),
(1376, 106, 'Belitang II'),
(1377, 106, 'Belitang III'),
(1378, 106, 'Bunga Mayang'),
(1379, 106, 'Buay Madang Timur'),
(1380, 106, 'Madang Suku III'),
(1381, 106, 'Semendawai Barat'),
(1382, 106, 'Semendawai Timur'),
(1383, 106, 'Jayapura'),
(1384, 106, 'Belitang Jaya'),
(1385, 106, 'Belitang Madang Raya'),
(1386, 106, 'Belitang Mulya'),
(1387, 106, 'Buay Pemuka Bangsa Raja'),
(1388, 107, 'Muara Dua (Muaradua)'),
(1389, 107, 'Pulau Beringin'),
(1390, 107, 'Banding Agung'),
(1391, 107, 'Muara Dua Kisam (Muaradua Kisam)'),
(1392, 107, 'Simpang'),
(1393, 107, 'Buay Sandang Aji'),
(1394, 107, 'Buay Runjung'),
(1395, 107, 'Mekakau Ilir'),
(1396, 107, 'Buay Pemaca'),
(1397, 107, 'Kisam Tinggi'),
(1398, 107, 'Kisam Ilir'),
(1399, 107, 'Buay Pematang Ribu Ranau Tengah'),
(1400, 107, 'Warkuk Ranau Selatan'),
(1401, 107, 'Runjung Agung'),
(1402, 107, 'Sungai Are'),
(1403, 107, 'Sindang Danau'),
(1404, 107, 'Buana Pemaca'),
(1405, 107, 'Tiga Dihaji'),
(1406, 107, 'Buay Rawan'),
(1407, 108, 'Muara Kuang'),
(1408, 108, 'Tanjung Batu'),
(1409, 108, 'Tanjung Raja'),
(1410, 108, 'Indralaya'),
(1411, 108, 'Pemulutan'),
(1412, 108, 'Rantau Alai'),
(1413, 108, 'Indralaya Utara'),
(1414, 108, 'Indralaya Selatan'),
(1415, 108, 'Pemulutan Selatan'),
(1416, 108, 'Pemulutan Barat'),
(1417, 108, 'Rantau Panjang'),
(1418, 108, 'Sungai Pinang'),
(1419, 108, 'Kandis'),
(1420, 108, 'Rambang Kuang'),
(1421, 108, 'Lubuk Keliat'),
(1422, 108, 'Payaraman'),
(1423, 109, 'Muara Pinang'),
(1424, 109, 'Pendopo'),
(1425, 109, 'Ulu Musi'),
(1426, 109, 'Tebing Tinggi'),
(1427, 109, 'Lintang Kanan'),
(1428, 109, 'Talang Padang'),
(1429, 109, 'Pasemah Air Keruh'),
(1430, 109, 'Sikap Dalam'),
(1431, 109, 'Saling'),
(1432, 109, 'Pendopo Barat'),
(1433, 110, 'Talang Ubi'),
(1434, 110, 'Penukal Utara'),
(1435, 110, 'Penukal'),
(1436, 110, 'Abab'),
(1437, 110, 'Tanah Abang'),
(1438, 111, 'Rupit'),
(1439, 111, 'Rawas Ulu'),
(1440, 111, 'Nibung'),
(1441, 111, 'Rawas Ilir'),
(1442, 111, 'Karang Dapo'),
(1443, 111, 'Karang Jaya'),
(1444, 111, 'Ulu Rawas'),
(1445, 112, 'Ilir Barat Dua (Ilir Barat II)'),
(1446, 112, 'Seberang Ulu Satu (Seberang Ulu I)'),
(1447, 112, 'Seberang Ulu Dua (Seberang Ulu II)'),
(1448, 112, 'Ilir Barat Satu (Ilir Barat I)'),
(1449, 112, 'Ilir Timur Satu (Ilir Timur I)'),
(1450, 112, 'Ilir Timur Dua (Ilir Timur II)'),
(1451, 112, 'Sukarami'),
(1452, 112, 'Sako'),
(1453, 112, 'Kemuning'),
(1454, 112, 'Kalidoni'),
(1455, 112, 'Bukitkecil (Bukit Kecil)'),
(1456, 112, 'Gandus'),
(1457, 112, 'Kertapati'),
(1458, 112, 'Plaju'),
(1459, 112, 'Alang Alang Lebar'),
(1460, 112, 'Sematangborang (Sematang Borang)'),
(1461, 112, 'Jakabaring'),
(1462, 112, 'Ilir Timur Tiga'),
(1463, 113, 'Pagar Alam Utara'),
(1464, 113, 'Pagar Alam Selatan'),
(1465, 113, 'Dempo Utara'),
(1466, 113, 'Dempo Selatan'),
(1467, 113, 'Dempo Tengah'),
(1468, 114, 'Lubuk Linggau Timur Satu (I)'),
(1469, 114, 'Lubuk Linggau Barat Satu (I)'),
(1470, 114, 'Lubuk Linggau Selatan Satu (I)'),
(1471, 114, 'Lubuk Linggau Utara Satu (I)'),
(1472, 114, 'Lubuk Linggau Timur Dua (II)'),
(1473, 114, 'Lubuk Linggau Barat Dua (II)'),
(1474, 114, 'Lubuk Linggau Selatan Dua (II)'),
(1475, 114, 'Lubuk Linggau Utara Dua (II)'),
(1476, 115, 'Prabumulih Barat'),
(1477, 115, 'Prabumulih Timur'),
(1478, 115, 'Cambai'),
(1479, 115, 'Rambang Kapak Tengah'),
(1480, 115, 'Prabumulih Utara'),
(1481, 115, 'Prabumulih Selatan'),
(1482, 116, 'Kedurang'),
(1483, 116, 'Seginim'),
(1484, 116, 'Pino'),
(1485, 116, 'Manna'),
(1486, 116, 'Kota Manna'),
(1487, 116, 'Pino Raya (Pinoraya)'),
(1488, 116, 'Kedurang Ilir'),
(1489, 116, 'Air Nipis'),
(1490, 116, 'Ulu Manna'),
(1491, 116, 'Bunga Mas'),
(1492, 116, 'Pasar Manna'),
(1493, 117, 'Kota Padang'),
(1494, 117, 'Padang Ulak Tanding'),
(1495, 117, 'Sindang Kelingi'),
(1496, 117, 'Curup'),
(1497, 117, 'Bermani Ulu'),
(1498, 117, 'Selupu Rejang'),
(1499, 117, 'Curup Utara'),
(1500, 117, 'Curup Timur'),
(1501, 117, 'Curup Selatan'),
(1502, 117, 'Curup Tengah'),
(1503, 117, 'Binduriang'),
(1504, 117, 'Sindang Beliti Ulu'),
(1505, 117, 'Sindang Dataran (Sindang Daratan)'),
(1506, 117, 'Sindang Beliti Ilir'),
(1507, 117, 'Bermani Ulu Raya'),
(1508, 118, 'Enggano'),
(1509, 118, 'Kerkap'),
(1510, 118, 'Kota Arga Makmur'),
(1511, 118, 'Giri Mulia (Giri Mulya)'),
(1512, 118, 'Padang Jaya'),
(1513, 118, 'Lais'),
(1514, 118, 'Batik Nau'),
(1515, 118, 'Ketahun'),
(1516, 118, 'Napal Putih'),
(1517, 118, 'Putri Hijau'),
(1518, 118, 'Air Besi'),
(1519, 118, 'Air Napal'),
(1520, 118, 'Hulu Palik'),
(1521, 118, 'Air Padang'),
(1522, 118, 'Arma Jaya'),
(1523, 118, 'Tanjung Agung Palik'),
(1524, 118, 'Ulok Kupai'),
(1525, 118, 'Pinang Raya'),
(1526, 118, 'Marga Sakti Sebelat (Marga Sakti)'),
(1527, 119, 'Kinal'),
(1528, 119, 'Tanjung Kemuning'),
(1529, 119, 'Kaur Utara'),
(1530, 119, 'Kaur Tengah'),
(1531, 119, 'Kaur Selatan'),
(1532, 119, 'Maje'),
(1533, 119, 'Nasal'),
(1534, 119, 'Semidang Gumay / Gumai'),
(1535, 119, 'Kelam Tengah'),
(1536, 119, 'Luas'),
(1537, 119, 'Muara Sahung'),
(1538, 119, 'Tetap (Muara Tetap)'),
(1539, 119, 'Lungkang Kule'),
(1540, 119, 'Padang Guci Hilir'),
(1541, 119, 'Padang Guci Hulu'),
(1542, 120, 'Sukaraja'),
(1543, 120, 'Seluma'),
(1544, 120, 'Talo'),
(1545, 120, 'Semidang Alas'),
(1546, 120, 'Semidang Alas Maras'),
(1547, 120, 'Air Periukan'),
(1548, 120, 'Lubuk Sandi'),
(1549, 120, 'Seluma Barat'),
(1550, 120, 'Seluma Timur'),
(1551, 120, 'Seluma Utara'),
(1552, 120, 'Seluma Selatan'),
(1553, 120, 'Talo Kecil'),
(1554, 120, 'Ulu Talo'),
(1555, 120, 'Ilir Talo'),
(1556, 121, 'Lubuk Pinang'),
(1557, 121, 'Kota Mukomuko (Mukomuko Utara)'),
(1558, 121, 'Teras Terunjam'),
(1559, 121, 'Pondok Suguh'),
(1560, 121, 'Ipuh (Muko Muko Selatan)'),
(1561, 121, 'Malin Deman'),
(1562, 121, 'Air Rami'),
(1563, 121, 'Teramang Jaya'),
(1564, 121, 'Selagan Raya'),
(1565, 121, 'Penarik'),
(1566, 121, 'XIV Koto'),
(1567, 121, 'V Koto'),
(1568, 121, 'Air Majunto'),
(1569, 121, 'Air Dikit'),
(1570, 121, 'Sungai Rumbai'),
(1571, 122, 'Lebong Utara'),
(1572, 122, 'Lebong Atas'),
(1573, 122, 'Lebong Tengah'),
(1574, 122, 'Lebong Selatan'),
(1575, 122, 'Rimbo Pengadang'),
(1576, 122, 'Topos'),
(1577, 122, 'Bingin Kuning'),
(1578, 122, 'Lebong Sakti'),
(1579, 122, 'Tubei (Pelabai)'),
(1580, 122, 'Amen'),
(1581, 122, 'Uram Jaya'),
(1582, 122, 'Pinang Belapis'),
(1583, 123, 'Bermani Ilir'),
(1584, 123, 'Ujan Mas'),
(1585, 123, 'Tebat Karai'),
(1586, 123, 'Kepahiang'),
(1587, 123, 'Merigi'),
(1588, 123, 'Kebawetan'),
(1589, 123, 'Seberang Musi'),
(1590, 123, 'Muara Kemumu'),
(1591, 124, 'Karang Tinggi'),
(1592, 124, 'Talang Empat'),
(1593, 124, 'Pondok Kelapa'),
(1594, 124, 'Pematang Tiga'),
(1595, 124, 'Pagar Jati'),
(1596, 124, 'Taba Penanjung'),
(1597, 124, 'Merigi Kelindang'),
(1598, 124, 'Merigi Sakti'),
(1599, 124, 'Pondok Kubang'),
(1600, 124, 'Bang Haji'),
(1601, 124, 'Semidang Lagan'),
(1602, 125, 'Selebar'),
(1603, 125, 'Gading Cempaka'),
(1604, 125, 'Teluk Segara'),
(1605, 125, 'Muara Bangka Hulu'),
(1606, 125, 'Kampung Melayu'),
(1607, 125, 'Ratu Agung'),
(1608, 125, 'Ratu Samban'),
(1609, 125, 'Sungai Serut'),
(1610, 125, 'Singaran Pati'),
(1611, 126, 'Natar'),
(1612, 126, 'Tanjung Bintang'),
(1613, 126, 'Kalianda'),
(1614, 126, 'Sidomulyo'),
(1615, 126, 'Katibung'),
(1616, 126, 'Penengahan'),
(1617, 126, 'Palas'),
(1618, 126, 'Jati Agung'),
(1619, 126, 'Ketapang'),
(1620, 126, 'Sragi'),
(1621, 126, 'Raja Basa (Rajabasa)'),
(1622, 126, 'Candipuro'),
(1623, 126, 'Merbau Mataram'),
(1624, 126, 'Bakauheni'),
(1625, 126, 'Tanjung Sari'),
(1626, 126, 'Way Sulan'),
(1627, 126, 'Way Panji'),
(1628, 127, 'Kalirejo'),
(1629, 127, 'Bangun Rejo'),
(1630, 127, 'Padang Ratu'),
(1631, 127, 'Gunung Sugih'),
(1632, 127, 'Trimurjo'),
(1633, 127, 'Punggur'),
(1634, 127, 'Terbanggi Besar'),
(1635, 127, 'Seputih Raman'),
(1636, 127, 'Rumbia'),
(1637, 127, 'Seputih Banyak'),
(1638, 127, 'Seputih Mataram'),
(1639, 127, 'Seputih Surabaya'),
(1640, 127, 'Terusan Nunyai'),
(1641, 127, 'Bumi Ratu Nuban'),
(1642, 127, 'Bekri'),
(1643, 127, 'Seputih Agung'),
(1644, 127, 'Way Pangubuan'),
(1645, 127, 'Bandar Mataram'),
(1646, 127, 'Pubian'),
(1647, 127, 'Selagai Lingga'),
(1648, 127, 'Anak Tuha'),
(1649, 127, 'Sendang Agung'),
(1650, 127, 'Kota Gajah'),
(1651, 127, 'Bumi Nabung'),
(1652, 127, 'Way Seputih'),
(1653, 127, 'Bandar Surabaya'),
(1654, 127, 'Anak Ratu Aji'),
(1655, 127, 'Putra Rumbia'),
(1656, 128, 'Bukit Kemuning'),
(1657, 128, 'Kotabumi'),
(1658, 128, 'Sungkai Selatan'),
(1659, 128, 'Tanjung Raja'),
(1660, 128, 'Abung Timur'),
(1661, 128, 'Abung Barat'),
(1662, 128, 'Abung Selatan'),
(1663, 128, 'Sungkai Utara'),
(1664, 128, 'Kotabumi Utara'),
(1665, 128, 'Kotabumi Selatan'),
(1666, 128, 'Abung Tengah'),
(1667, 128, 'Abung Tinggi'),
(1668, 128, 'Abung Semuli'),
(1669, 128, 'Abung Surakarta'),
(1670, 128, 'Muara Sungkai'),
(1671, 128, 'Bunga Mayang'),
(1672, 128, 'Hulu Sungkai'),
(1673, 128, 'Sungkai Tengah'),
(1674, 128, 'Abung Pekurun'),
(1675, 128, 'Sungkai Jaya'),
(1676, 128, 'Sungkai Barat'),
(1677, 128, 'Abung Kunang'),
(1678, 128, 'Blambangan Pagar'),
(1679, 129, 'Balik Bukit'),
(1680, 129, 'Sumber Jaya'),
(1681, 129, 'Belalau'),
(1682, 129, 'Way Tenong'),
(1683, 129, 'Sekincau'),
(1684, 129, 'Suoh'),
(1685, 129, 'Batu Brak'),
(1686, 129, 'Sukau'),
(1687, 129, 'Gedung Surian'),
(1688, 129, 'Kebun Tebu'),
(1689, 129, 'Air Hitam'),
(1690, 129, 'Pagar Dewa'),
(1691, 129, 'Batu Ketulis'),
(1692, 129, 'Lumbok Seminung'),
(1693, 129, 'Bandar Negeri Suoh'),
(1694, 130, 'Menggala'),
(1695, 130, 'Gedung Aji'),
(1696, 130, 'Banjar Agung'),
(1697, 130, 'Gedung Meneng'),
(1698, 130, 'Rawa Jitu Selatan (Rawajitu Selatan)'),
(1699, 130, 'Penawar Tama'),
(1700, 130, 'Rawa Jitu Timur (Rawajitu Timur)'),
(1701, 130, 'Banjar Margo'),
(1702, 130, 'Rawa Pitu'),
(1703, 130, 'Penawar Aji'),
(1704, 130, 'Dente Teladas'),
(1705, 130, 'Meraksa Aji'),
(1706, 130, 'Gedung Aji Baru'),
(1707, 130, 'Banjar Baru'),
(1708, 130, 'Menggala Timur'),
(1709, 131, 'Kota Agung (Kota Agung Pusat)'),
(1710, 131, 'Talang Padang'),
(1711, 131, 'Wonosobo'),
(1712, 131, 'Pulau Panggung'),
(1713, 131, 'Cukuh Balak'),
(1714, 131, 'Pugung'),
(1715, 131, 'Semaka'),
(1716, 131, 'Sumberejo (Sumber Rejo)'),
(1717, 131, 'Ulu Belu (Ulubelu)'),
(1718, 131, 'Pematang Sawa'),
(1719, 131, 'Kelumbayan (Klumbayan)'),
(1720, 131, 'Kota Agung Barat'),
(1721, 131, 'Kota Agung Timur'),
(1722, 131, 'Gisting'),
(1723, 131, 'Gunung Alip'),
(1724, 131, 'Limau'),
(1725, 131, 'Bandar Negeri Semuong'),
(1726, 131, 'Air Naningan'),
(1727, 131, 'Bulok'),
(1728, 131, 'Kelumbayan Barat (Klumbayan Barat)'),
(1729, 132, 'Sukadana'),
(1730, 132, 'Labuhan Maringgai'),
(1731, 132, 'Jabung'),
(1732, 132, 'Pekalongan'),
(1733, 132, 'Sekampung'),
(1734, 132, 'Batanghari'),
(1735, 132, 'Way Jepara'),
(1736, 132, 'Purbolinggo'),
(1737, 132, 'Raman Utara'),
(1738, 132, 'Metro Kibang'),
(1739, 132, 'Marga Tiga (Margatiga)'),
(1740, 132, 'Sekampung Udik'),
(1741, 132, 'Batanghari Nuban'),
(1742, 132, 'Bumi Agung'),
(1743, 132, 'Bandar Sribhawono (Bandar Sribawono)'),
(1744, 132, 'Mataram Baru'),
(1745, 132, 'Melinting'),
(1746, 132, 'Gunung Pelindung'),
(1747, 132, 'Pasir Sakti'),
(1748, 132, 'Waway Karya'),
(1749, 132, 'Labuhan Ratu'),
(1750, 132, 'Braja Selebah (Braja Slebah)'),
(1751, 132, 'Way Bungur'),
(1752, 132, 'Marga Sekampung'),
(1753, 133, 'Blambangan Umpu'),
(1754, 133, 'Kasui'),
(1755, 133, 'Banjit'),
(1756, 133, 'Baradatu'),
(1757, 133, 'Bahuga'),
(1758, 133, 'Pakuan Ratu'),
(1759, 133, 'Negeri Agung'),
(1760, 133, 'Way Tuba'),
(1761, 133, 'Rebang Tangkas'),
(1762, 133, 'Gunung Labuhan'),
(1763, 133, 'Negara Batin'),
(1764, 133, 'Negeri Besar'),
(1765, 133, 'Buay Bahuga'),
(1766, 133, 'Bumi Agung'),
(1767, 133, 'Umpu Semenguk'),
(1768, 134, 'Gedong Tataan'),
(1769, 134, 'Negeri Katon'),
(1770, 134, 'Tegineneng'),
(1771, 134, 'Way Lima'),
(1772, 134, 'Padang Cermin'),
(1773, 134, 'Punduh Pidada'),
(1774, 134, 'Kedondong'),
(1775, 134, 'Marga Punduh'),
(1776, 134, 'Way Khilau'),
(1777, 134, 'Teluk Pandan'),
(1778, 134, 'Way Ratai'),
(1779, 135, 'Pringsewu'),
(1780, 135, 'Gading Rejo'),
(1781, 135, 'Ambarawa'),
(1782, 135, 'Pardasuka'),
(1783, 135, 'Pagelaran'),
(1784, 135, 'Banyumas'),
(1785, 135, 'Adiluwih (Adi Luwih)'),
(1786, 135, 'Sukoharjo'),
(1787, 135, 'Pagelaran Utara'),
(1788, 136, 'Mesuji'),
(1789, 136, 'Mesuji Timur'),
(1790, 136, 'Rawa Jitu Utara'),
(1791, 136, 'Way Serdang'),
(1792, 136, 'Simpang Pematang'),
(1793, 136, 'Panca Jaya'),
(1794, 136, 'Tanjung Raya'),
(1795, 137, 'Tulang Bawang Tengah'),
(1796, 137, 'Tumijajar'),
(1797, 137, 'Tulang Bawang Udik'),
(1798, 137, 'Gunung Terang'),
(1799, 137, 'Gunung Agung'),
(1800, 137, 'Way Kenanga'),
(1801, 137, 'Lambu Kibang'),
(1802, 137, 'Pagar Dewa'),
(1803, 137, 'Batu Putih'),
(1804, 138, 'Pesisir Tengah'),
(1805, 138, 'Pesisir Selatan'),
(1806, 138, 'Lemong'),
(1807, 138, 'Pesisir Utara'),
(1808, 138, 'Karya Penggawa'),
(1809, 138, 'Pulau Pisang (Pulaupisang)'),
(1810, 138, 'Way Krui'),
(1811, 138, 'Krui Selatan'),
(1812, 138, 'Ngambur'),
(1813, 138, 'Ngaras (Bengkunat Belimbing)'),
(1814, 138, 'Bangkunat (Bengkunat)'),
(1815, 139, 'Kedaton'),
(1816, 139, 'Sukarame'),
(1817, 139, 'Tanjungkarang Barat (Tanjung Karang Barat)'),
(1818, 139, 'Panjang'),
(1819, 139, 'Tanjungkarang Timur (Tanjung Karang Timur)'),
(1820, 139, 'Tanjungkarang Pusat (Tanjung Karang Pusat)'),
(1821, 139, 'Telukbetung Selatan'),
(1822, 139, 'Telukbetung Barat'),
(1823, 139, 'Telukbetung Utara'),
(1824, 139, 'Rajabasa'),
(1825, 139, 'Tanjung Senang'),
(1826, 139, 'Sukabumi'),
(1827, 139, 'Kemiling'),
(1828, 139, 'Labuhan Ratu'),
(1829, 139, 'Way Halim'),
(1830, 139, 'Langkapura'),
(1831, 139, 'Enggal'),
(1832, 139, 'Kedamaian'),
(1833, 139, 'Telukbetung Timur'),
(1834, 139, 'Bumi Waras'),
(1835, 140, 'Metro Pusat'),
(1836, 140, 'Metro Utara'),
(1837, 140, 'Metro Barat'),
(1838, 140, 'Metro Timur'),
(1839, 140, 'Metro Selatan'),
(1840, 141, 'Sungailiat (Sungai Liat)'),
(1841, 141, 'Belinyu'),
(1842, 141, 'Merawang'),
(1843, 141, 'Mendo Barat'),
(1844, 141, 'Pemali'),
(1845, 141, 'Bakam'),
(1846, 141, 'Riau Silip'),
(1847, 141, 'Puding Besar'),
(1848, 142, 'Tanjung Pandan'),
(1849, 142, 'Membalong'),
(1850, 142, 'Selat Nasik'),
(1851, 142, 'Sijuk'),
(1852, 142, 'Badau'),
(1853, 143, 'Toboali'),
(1854, 143, 'Lepar (Lepar Pongok)'),
(1855, 143, 'Airgegas (Air Gegas)'),
(1856, 143, 'Simpang Rimba'),
(1857, 143, 'Payung'),
(1858, 143, 'Tukak Sadai'),
(1859, 143, 'Pulau Besar (Pulaubesar)'),
(1860, 143, 'Kepulauan Pongok'),
(1861, 144, 'Koba'),
(1862, 144, 'Pangkalan Baru'),
(1863, 144, 'Sungai Selan'),
(1864, 144, 'Simpang Katis'),
(1865, 144, 'Namang'),
(1866, 144, 'Lubuk Besar'),
(1867, 145, 'Mentok (Muntok)'),
(1868, 145, 'Simpang Teritip'),
(1869, 145, 'Jebus'),
(1870, 145, 'Kelapa'),
(1871, 145, 'Tempilang'),
(1872, 145, 'Parittiga'),
(1873, 146, 'Manggar'),
(1874, 146, 'Gantung'),
(1875, 146, 'Dendang'),
(1876, 146, 'Kelapa Kampit'),
(1877, 146, 'Damar'),
(1878, 146, 'Simpang Renggiang'),
(1879, 146, 'Simpang Pesak'),
(1880, 147, 'Bukit Intan (Bukitintan)'),
(1881, 147, 'Taman Sari'),
(1882, 147, 'Pangkal Balam'),
(1883, 147, 'Rangkui'),
(1884, 147, 'Gerunggang'),
(1885, 147, 'Gabek'),
(1886, 147, 'Girimaya'),
(1887, 148, 'Gunung Kijang'),
(1888, 148, 'Bintan Timur'),
(1889, 148, 'Bintan Utara'),
(1890, 148, 'Teluk Bintan'),
(1891, 148, 'Tambelan'),
(1892, 148, 'Telok Sebong (Teluk Sebong)'),
(1893, 148, 'Toapaya'),
(1894, 148, 'Mantang'),
(1895, 148, 'Bintan Pesisir'),
(1896, 148, 'Seri Kuala Lobam (Sri)'),
(1897, 149, 'Moro'),
(1898, 149, 'Kundur'),
(1899, 149, 'Karimun');
INSERT INTO `districts` (`id`, `city_id`, `name`) VALUES
(1900, 149, 'Meral'),
(1901, 149, 'Tebing'),
(1902, 149, 'Buru'),
(1903, 149, 'Kundur Utara'),
(1904, 149, 'Kundur Barat'),
(1905, 149, 'Durai'),
(1906, 149, 'Meral Barat'),
(1907, 149, 'Ungar'),
(1908, 149, 'Belat'),
(1909, 149, 'Selat Gelam'),
(1910, 149, 'Sugie Besar'),
(1911, 150, 'Midai'),
(1912, 150, 'Bunguran Barat'),
(1913, 150, 'Serasan'),
(1914, 150, 'Bunguran Timur'),
(1915, 150, 'Bunguran Utara'),
(1916, 150, 'Subi'),
(1917, 150, 'Pulau Laut'),
(1918, 150, 'Pulau Tiga'),
(1919, 150, 'Bunguran Timur Laut'),
(1920, 150, 'Bunguran Tengah'),
(1921, 150, 'Bunguran Selatan'),
(1922, 150, 'Serasan Timur'),
(1923, 150, 'Bunguran Batubi'),
(1924, 150, 'Pulau Tiga Barat'),
(1925, 150, 'Suak Midai'),
(1926, 150, 'Pulau Panjang'),
(1927, 150, 'Pulau Seluan'),
(1928, 151, 'Singkep'),
(1929, 151, 'Lingga'),
(1930, 151, 'Senayang'),
(1931, 151, 'Singkep Barat'),
(1932, 151, 'Lingga Utara'),
(1933, 151, 'Singkep Pesisir'),
(1934, 151, 'Lingga Timur'),
(1935, 151, 'Selayar'),
(1936, 151, 'Singkep Selatan'),
(1937, 151, 'Kepulauan Posek'),
(1938, 151, 'Katang Bidare'),
(1939, 151, 'Temiang Pesisir'),
(1940, 151, 'Bakung Serumpun'),
(1941, 152, 'Siantan'),
(1942, 152, 'Palmatak'),
(1943, 152, 'Siantan Timur'),
(1944, 152, 'Siantan Selatan'),
(1945, 152, 'Jemaja Timur'),
(1946, 152, 'Jemaja'),
(1947, 152, 'Siantan Tengah'),
(1948, 152, 'Siantan Utara'),
(1949, 152, 'Jemaja Barat'),
(1950, 152, 'Kute Siantan'),
(1951, 153, 'Belakang Padang'),
(1952, 153, 'Batu Ampar'),
(1953, 153, 'Sekupang'),
(1954, 153, 'Nongsa'),
(1955, 153, 'Bulang'),
(1956, 153, 'Lubuk Baja'),
(1957, 153, 'Sei Beduk (Sungai Beduk)'),
(1958, 153, 'Galang'),
(1959, 153, 'Bengkong'),
(1960, 153, 'Batam Kota'),
(1961, 153, 'Sagulung'),
(1962, 153, 'Batu Aji'),
(1963, 154, 'Tanjung Pinang Barat'),
(1964, 154, 'Tanjung Pinang Timur'),
(1965, 154, 'Tanjung Pinang Kota'),
(1966, 154, 'Bukit Bestari'),
(1967, 155, 'Kepulauan Seribu Utara'),
(1968, 155, 'Kepulauan Seribu Selatan'),
(1969, 156, 'Gambir'),
(1970, 156, 'Sawah Besar'),
(1971, 156, 'Kemayoran'),
(1972, 156, 'Senen'),
(1973, 156, 'Cempaka Putih'),
(1974, 156, 'Menteng'),
(1975, 156, 'Tanah Abang'),
(1976, 156, 'Johar Baru'),
(1977, 157, 'Penjaringan'),
(1978, 157, 'Tanjung Priok'),
(1979, 157, 'Koja'),
(1980, 157, 'Cilincing'),
(1981, 157, 'Pademangan'),
(1982, 157, 'Kelapa Gading'),
(1983, 158, 'Cengkareng'),
(1984, 158, 'Grogol Petamburan'),
(1985, 158, 'Taman Sari'),
(1986, 158, 'Tambora'),
(1987, 158, 'Kebon Jeruk'),
(1988, 158, 'Kalideres'),
(1989, 158, 'Pal Merah (Palmerah)'),
(1990, 158, 'Kembangan'),
(1991, 159, 'Tebet'),
(1992, 159, 'Setiabudi (Setia Budi)'),
(1993, 159, 'Mampang Prapatan'),
(1994, 159, 'Pasar Minggu'),
(1995, 159, 'Kebayoran Lama'),
(1996, 159, 'Cilandak'),
(1997, 159, 'Kebayoran Baru'),
(1998, 159, 'Pancoran'),
(1999, 159, 'Jagakarsa'),
(2000, 159, 'Pesanggrahan'),
(2001, 160, 'Matraman'),
(2002, 160, 'Pulogadung (Pulo Gadung)'),
(2003, 160, 'Jatinegara'),
(2004, 160, 'Kramatjati (Kramat Jati)'),
(2005, 160, 'Pasar Rebo'),
(2006, 160, 'Cakung'),
(2007, 160, 'Duren Sawit'),
(2008, 160, 'Makasar'),
(2009, 160, 'Ciracas'),
(2010, 160, 'Cipayung'),
(2011, 161, 'Cibinong'),
(2012, 161, 'Gunung Putri'),
(2013, 161, 'Citeureup'),
(2014, 161, 'Sukaraja'),
(2015, 161, 'Babakan Madang'),
(2016, 161, 'Jonggol'),
(2017, 161, 'Cileungsi'),
(2018, 161, 'Cariu'),
(2019, 161, 'Sukamakmur'),
(2020, 161, 'Parung'),
(2021, 161, 'Gunung Sindur'),
(2022, 161, 'Kemang'),
(2023, 161, 'Bojong Gede (Bojonggede)'),
(2024, 161, 'Leuwiliang'),
(2025, 161, 'Ciampea'),
(2026, 161, 'Cibungbulang'),
(2027, 161, 'Pamijahan'),
(2028, 161, 'Rumpin'),
(2029, 161, 'Jasinga'),
(2030, 161, 'Parung Panjang'),
(2031, 161, 'Nanggung'),
(2032, 161, 'Cigudeg'),
(2033, 161, 'Tenjo'),
(2034, 161, 'Ciawi'),
(2035, 161, 'Cisarua'),
(2036, 161, 'Megamendung'),
(2037, 161, 'Caringin'),
(2038, 161, 'Cijeruk'),
(2039, 161, 'Ciomas'),
(2040, 161, 'Dramaga'),
(2041, 161, 'Tamansari'),
(2042, 161, 'Klapanunggal'),
(2043, 161, 'Ciseeng'),
(2044, 161, 'Ranca Bungur'),
(2045, 161, 'Sukajaya'),
(2046, 161, 'Tanjungsari'),
(2047, 161, 'Tajurhalang'),
(2048, 161, 'Cigombong'),
(2049, 161, 'Leuwisadeng'),
(2050, 161, 'Tenjolaya'),
(2051, 162, 'Palabuhanratu (Pelabuhanratu)'),
(2052, 162, 'Simpenan'),
(2053, 162, 'Cikakak'),
(2054, 162, 'Bantargadung'),
(2055, 162, 'Cisolok'),
(2056, 162, 'Cikidang'),
(2057, 162, 'Lengkong'),
(2058, 162, 'Jampangtengah (Jampang Tengah)'),
(2059, 162, 'Warungkiara'),
(2060, 162, 'Cikembar'),
(2061, 162, 'Cibadak'),
(2062, 162, 'Nagrak'),
(2063, 162, 'Parungkuda (Parung Kuda)'),
(2064, 162, 'Bojonggenteng (Bojong Genteng)'),
(2065, 162, 'Parakansalak (Parakan Salak)'),
(2066, 162, 'Cicurug'),
(2067, 162, 'Cidahu'),
(2068, 162, 'Kalapanunggal (Kalapa Nunggal)'),
(2069, 162, 'Kabandungan'),
(2070, 162, 'Waluran'),
(2071, 162, 'Jampangkulon (Jampang Kulon)'),
(2072, 162, 'Ciemas'),
(2073, 162, 'Kalibunder'),
(2074, 162, 'Surade'),
(2075, 162, 'Cibitung'),
(2076, 162, 'Ciracap'),
(2077, 162, 'Gunungguruh'),
(2078, 162, 'Cicantayan'),
(2079, 162, 'Cisaat'),
(2080, 162, 'Kadudampit'),
(2081, 162, 'Caringin'),
(2082, 162, 'Sukabumi'),
(2083, 162, 'Sukaraja'),
(2084, 162, 'Kebonpedes'),
(2085, 162, 'Cireunghas'),
(2086, 162, 'Sukalarang'),
(2087, 162, 'Pabuaran'),
(2088, 162, 'Purabaya'),
(2089, 162, 'Nyalindung'),
(2090, 162, 'Gegerbitung (Geger Bitung)'),
(2091, 162, 'Sagaranten'),
(2092, 162, 'Curugkembar'),
(2093, 162, 'Cidolog'),
(2094, 162, 'Cidadap'),
(2095, 162, 'Tegalbuleud'),
(2096, 162, 'Cimanggu'),
(2097, 162, 'Ciambar'),
(2098, 163, 'Cianjur'),
(2099, 163, 'Warungkondang'),
(2100, 163, 'Cibeber'),
(2101, 163, 'Cilaku'),
(2102, 163, 'Ciranjang'),
(2103, 163, 'Bojongpicung'),
(2104, 163, 'Karangtengah'),
(2105, 163, 'Mande'),
(2106, 163, 'Sukaluyu'),
(2107, 163, 'Pacet'),
(2108, 163, 'Cugenang'),
(2109, 163, 'Cikalongkulon'),
(2110, 163, 'Sukaresmi'),
(2111, 163, 'Sukanagara'),
(2112, 163, 'Campaka'),
(2113, 163, 'Takokak'),
(2114, 163, 'Kadupandak'),
(2115, 163, 'Pagelaran'),
(2116, 163, 'Tanggeung'),
(2117, 163, 'Cibinong'),
(2118, 163, 'Sindangbarang'),
(2119, 163, 'Agrabinta'),
(2120, 163, 'Cidaun'),
(2121, 163, 'Naringgul'),
(2122, 163, 'Campakamulya (Campaka Mulya)'),
(2123, 163, 'Cikadu'),
(2124, 163, 'Gekbrong'),
(2125, 163, 'Cipanas'),
(2126, 163, 'Cijati'),
(2127, 163, 'Leles'),
(2128, 163, 'Haurwangi'),
(2129, 163, 'Pasirkuda'),
(2130, 164, 'Cileunyi'),
(2131, 164, 'Cimenyan (Cimeunyan)'),
(2132, 164, 'Cilengkrang'),
(2133, 164, 'Bojongsoang'),
(2134, 164, 'Margahayu'),
(2135, 164, 'Margaasih'),
(2136, 164, 'Katapang'),
(2137, 164, 'Dayeuhkolot'),
(2138, 164, 'Banjaran'),
(2139, 164, 'Pameungpeuk'),
(2140, 164, 'Pangalengan'),
(2141, 164, 'Arjasari'),
(2142, 164, 'Cimaung'),
(2143, 164, 'Cicalengka'),
(2144, 164, 'Nagreg'),
(2145, 164, 'Cikancung'),
(2146, 164, 'Rancaekek'),
(2147, 164, 'Ciparay'),
(2148, 164, 'Pacet'),
(2149, 164, 'Kertasari'),
(2150, 164, 'Baleendah'),
(2151, 164, 'Majalaya'),
(2152, 164, 'Solokanjeruk (Solokan Jeruk)'),
(2153, 164, 'Paseh'),
(2154, 164, 'Ibun'),
(2155, 164, 'Soreang'),
(2156, 164, 'Pasirjambu'),
(2157, 164, 'Ciwidey'),
(2158, 164, 'Rancabali (Ranca Bali)'),
(2159, 164, 'Cangkuang'),
(2160, 164, 'Kutawaringin'),
(2161, 165, 'Garut Kota'),
(2162, 165, 'Karangpawitan'),
(2163, 165, 'Wanaraja'),
(2164, 165, 'Tarogong Kaler'),
(2165, 165, 'Tarogong Kidul'),
(2166, 165, 'Banyuresmi'),
(2167, 165, 'Samarang'),
(2168, 165, 'Pasirwangi'),
(2169, 165, 'Leles'),
(2170, 165, 'Kadungora'),
(2171, 165, 'Leuwigoong'),
(2172, 165, 'Cibatu'),
(2173, 165, 'Kersamanah'),
(2174, 165, 'Malangbong'),
(2175, 165, 'Sukawening'),
(2176, 165, 'Karangtengah'),
(2177, 165, 'Bayongbong'),
(2178, 165, 'Cigedug'),
(2179, 165, 'Cilawu'),
(2180, 165, 'Cisurupan'),
(2181, 165, 'Sukaresmi'),
(2182, 165, 'Cikajang'),
(2183, 165, 'Banjarwangi'),
(2184, 165, 'Singajaya'),
(2185, 165, 'Cihurip'),
(2186, 165, 'Peundeuy'),
(2187, 165, 'Pameungpeuk'),
(2188, 165, 'Cisompet'),
(2189, 165, 'Cibalong'),
(2190, 165, 'Cikelet'),
(2191, 165, 'Bungbulang'),
(2192, 165, 'Mekarmukti'),
(2193, 165, 'Pakenjeng'),
(2194, 165, 'Pamulihan'),
(2195, 165, 'Cisewu'),
(2196, 165, 'Caringin'),
(2197, 165, 'Talegong'),
(2198, 165, 'Bl. Limbangan (Blubur Limbangan)'),
(2199, 165, 'Selaawi'),
(2200, 165, 'Cibiuk'),
(2201, 165, 'Pangatikan'),
(2202, 165, 'Sucinaraja'),
(2203, 166, 'Cipatujah'),
(2204, 166, 'Karangnunggal'),
(2205, 166, 'Cikalong'),
(2206, 166, 'Pancatengah'),
(2207, 166, 'Cikatomas'),
(2208, 166, 'Cibalong'),
(2209, 166, 'Parungponteng'),
(2210, 166, 'Bantarkalong'),
(2211, 166, 'Bojongasih'),
(2212, 166, 'Culamega'),
(2213, 166, 'Bojonggambir'),
(2214, 166, 'Sodonghilir'),
(2215, 166, 'Taraju'),
(2216, 166, 'Salawu'),
(2217, 166, 'Puspahiang'),
(2218, 166, 'Tanjungjaya'),
(2219, 166, 'Sukaraja'),
(2220, 166, 'Salopa'),
(2221, 166, 'Jatiwaras'),
(2222, 166, 'Cineam'),
(2223, 166, 'Karangjaya (Karang Jaya)'),
(2224, 166, 'Manonjaya'),
(2225, 166, 'Gunungtanjung (Gunung Tanjung)'),
(2226, 166, 'Singaparna'),
(2227, 166, 'Mangunreja'),
(2228, 166, 'Sukarame'),
(2229, 166, 'Cigalontang'),
(2230, 166, 'Leuwisari'),
(2231, 166, 'Padakembang'),
(2232, 166, 'Sariwangi'),
(2233, 166, 'Sukaratu'),
(2234, 166, 'Cisayong'),
(2235, 166, 'Sukahening'),
(2236, 166, 'Rajapolah'),
(2237, 166, 'Jamanis'),
(2238, 166, 'Ciawi'),
(2239, 166, 'Kadipaten'),
(2240, 166, 'Pagerageung'),
(2241, 166, 'Sukaresik'),
(2242, 167, 'Ciamis'),
(2243, 167, 'Cikoneng'),
(2244, 167, 'Cijeungjing'),
(2245, 167, 'Sadananya'),
(2246, 167, 'Cidolog'),
(2247, 167, 'Cihaurbeuti'),
(2248, 167, 'Panumbangan'),
(2249, 167, 'Panjalu'),
(2250, 167, 'Kawali'),
(2251, 167, 'Panawangan'),
(2252, 167, 'Cipaku'),
(2253, 167, 'Jatinagara'),
(2254, 167, 'Rajadesa'),
(2255, 167, 'Sukadana'),
(2256, 167, 'Rancah'),
(2257, 167, 'Tambaksari'),
(2258, 167, 'Lakbok'),
(2259, 167, 'Banjarsari'),
(2260, 167, 'Pamarican'),
(2261, 167, 'Cimaragas'),
(2262, 167, 'Cisaga'),
(2263, 167, 'Sindangkasih'),
(2264, 167, 'Baregbeg'),
(2265, 167, 'Sukamantri'),
(2266, 167, 'Lumbung'),
(2267, 167, 'Purwadadi'),
(2268, 167, 'Banjaranyar'),
(2269, 168, 'Kadugede'),
(2270, 168, 'Ciniru'),
(2271, 168, 'Subang'),
(2272, 168, 'Ciwaru'),
(2273, 168, 'Cibingbin'),
(2274, 168, 'Luragung'),
(2275, 168, 'Lebakwangi'),
(2276, 168, 'Garawangi'),
(2277, 168, 'Kuningan'),
(2278, 168, 'Ciawigebang'),
(2279, 168, 'Cidahu'),
(2280, 168, 'Jalaksana'),
(2281, 168, 'Cilimus'),
(2282, 168, 'Mandirancan'),
(2283, 168, 'Selajambe'),
(2284, 168, 'Kramatmulya (Kramat Mulya)'),
(2285, 168, 'Darma'),
(2286, 168, 'Cigugur'),
(2287, 168, 'Pasawahan'),
(2288, 168, 'Nusaherang'),
(2289, 168, 'Cipicung'),
(2290, 168, 'Pancalang'),
(2291, 168, 'Japara'),
(2292, 168, 'Cimahi'),
(2293, 168, 'Cilebak'),
(2294, 168, 'Hantara'),
(2295, 168, 'Kalimanggis'),
(2296, 168, 'Cibeureum'),
(2297, 168, 'Karang Kancana (Karangkancana)'),
(2298, 168, 'Maleber'),
(2299, 168, 'Sindangagung (Sindang Agung)'),
(2300, 168, 'Cigandamekar'),
(2301, 169, 'Waled'),
(2302, 169, 'Ciledug'),
(2303, 169, 'Losari'),
(2304, 169, 'Pabedilan'),
(2305, 169, 'Babakan'),
(2306, 169, 'Karangsembung'),
(2307, 169, 'Lemahabang'),
(2308, 169, 'Susukan Lebak'),
(2309, 169, 'Sedong'),
(2310, 169, 'Astanajapura'),
(2311, 169, 'Pangenan'),
(2312, 169, 'Mundu'),
(2313, 169, 'Beber'),
(2314, 169, 'Talun (Cirebon Selatan)'),
(2315, 169, 'Sumber'),
(2316, 169, 'Dukupuntang'),
(2317, 169, 'Palimanan'),
(2318, 169, 'Plumbon'),
(2319, 169, 'Weru'),
(2320, 169, 'Kedawung'),
(2321, 169, 'Gunung Jati (Cirebon Utara)'),
(2322, 169, 'Kapetakan'),
(2323, 169, 'Klangenan'),
(2324, 169, 'Arjawinangun'),
(2325, 169, 'Panguragan'),
(2326, 169, 'Ciwaringin'),
(2327, 169, 'Susukan'),
(2328, 169, 'Gegesik'),
(2329, 169, 'Kaliwedi'),
(2330, 169, 'Gebang'),
(2331, 169, 'Depok'),
(2332, 169, 'Pasaleman'),
(2333, 169, 'Pabuaran'),
(2334, 169, 'Karangwareng'),
(2335, 169, 'Tengah Tani'),
(2336, 169, 'Plered'),
(2337, 169, 'Gempol'),
(2338, 169, 'Greged (Greget)'),
(2339, 169, 'Suranenggala'),
(2340, 169, 'Jamblang'),
(2341, 170, 'Lemahsugih'),
(2342, 170, 'Bantarujeg'),
(2343, 170, 'Cikijing'),
(2344, 170, 'Talaga'),
(2345, 170, 'Argapura'),
(2346, 170, 'Maja'),
(2347, 170, 'Majalengka'),
(2348, 170, 'Sukahaji'),
(2349, 170, 'Rajagaluh'),
(2350, 170, 'Leuwimunding'),
(2351, 170, 'Jatiwangi'),
(2352, 170, 'Dawuan'),
(2353, 170, 'Kadipaten'),
(2354, 170, 'Kertajati'),
(2355, 170, 'Jatitujuh'),
(2356, 170, 'Ligung'),
(2357, 170, 'Sumberjaya'),
(2358, 170, 'Panyingkiran'),
(2359, 170, 'Palasah'),
(2360, 170, 'Cigasong'),
(2361, 170, 'Sindangwangi'),
(2362, 170, 'Banjaran'),
(2363, 170, 'Cingambul'),
(2364, 170, 'Kasokandel'),
(2365, 170, 'Sindang'),
(2366, 170, 'Malausma'),
(2367, 171, 'Wado'),
(2368, 171, 'Jatinunggal'),
(2369, 171, 'Darmaraja'),
(2370, 171, 'Cibugel'),
(2371, 171, 'Cisitu'),
(2372, 171, 'Situraja'),
(2373, 171, 'Conggeang'),
(2374, 171, 'Paseh'),
(2375, 171, 'Surian'),
(2376, 171, 'Buahdua'),
(2377, 171, 'Tanjungsari'),
(2378, 171, 'Sukasari'),
(2379, 171, 'Pamulihan'),
(2380, 171, 'Cimanggung'),
(2381, 171, 'Jatinangor'),
(2382, 171, 'Rancakalong'),
(2383, 171, 'Sumedang Selatan'),
(2384, 171, 'Sumedang Utara'),
(2385, 171, 'Ganeas'),
(2386, 171, 'Tanjungkerta'),
(2387, 171, 'Tanjungmedar'),
(2388, 171, 'Cimalaka'),
(2389, 171, 'Cisarua'),
(2390, 171, 'Tomo'),
(2391, 171, 'Ujungjaya'),
(2392, 171, 'Jatigede'),
(2393, 172, 'Haurgeulis'),
(2394, 172, 'Kroya'),
(2395, 172, 'Gabuswetan'),
(2396, 172, 'Cikedung'),
(2397, 172, 'Lelea'),
(2398, 172, 'Bangodua'),
(2399, 172, 'Widasari'),
(2400, 172, 'Kertasemaya'),
(2401, 172, 'Krangkeng'),
(2402, 172, 'Karangampel'),
(2403, 172, 'Juntinyuat'),
(2404, 172, 'Sliyeg'),
(2405, 172, 'Jatibarang'),
(2406, 172, 'Balongan'),
(2407, 172, 'Indramayu'),
(2408, 172, 'Sindang'),
(2409, 172, 'Cantigi'),
(2410, 172, 'Lohbener'),
(2411, 172, 'Arahan'),
(2412, 172, 'Losarang'),
(2413, 172, 'Kandanghaur'),
(2414, 172, 'Bongas'),
(2415, 172, 'Anjatan'),
(2416, 172, 'Sukra'),
(2417, 172, 'Gantar'),
(2418, 172, 'Terisi (Trisi)'),
(2419, 172, 'Sukagumiwang'),
(2420, 172, 'Kedokan Bunder'),
(2421, 172, 'Pasekan'),
(2422, 172, 'Tukdana'),
(2423, 172, 'Patrol'),
(2424, 173, 'Sagalaherang'),
(2425, 173, 'Cisalak'),
(2426, 173, 'Subang'),
(2427, 173, 'Kalijati'),
(2428, 173, 'Pabuaran'),
(2429, 173, 'Purwadadi'),
(2430, 173, 'Pagaden'),
(2431, 173, 'Binong'),
(2432, 173, 'Ciasem'),
(2433, 173, 'Pusakanagara'),
(2434, 173, 'Pamanukan'),
(2435, 173, 'Jalancagak'),
(2436, 173, 'Blanakan'),
(2437, 173, 'Tanjungsiang'),
(2438, 173, 'Compreng'),
(2439, 173, 'Patokbeusi'),
(2440, 173, 'Cibogo'),
(2441, 173, 'Cipunagara'),
(2442, 173, 'Cijambe'),
(2443, 173, 'Cipeundeuy'),
(2444, 173, 'Legonkulon'),
(2445, 173, 'Cikaum'),
(2446, 173, 'Serangpanjang'),
(2447, 173, 'Sukasari'),
(2448, 173, 'Tambakdahan'),
(2449, 173, 'Kasomalang'),
(2450, 173, 'Dawuan'),
(2451, 173, 'Pagaden Barat'),
(2452, 173, 'Ciater'),
(2453, 173, 'Pusakajaya'),
(2454, 174, 'Purwakarta'),
(2455, 174, 'Campaka'),
(2456, 174, 'Jatiluhur'),
(2457, 174, 'Plered'),
(2458, 174, 'Sukatani'),
(2459, 174, 'Darangdan'),
(2460, 174, 'Maniis'),
(2461, 174, 'Tegalwaru (Tegal Waru)'),
(2462, 174, 'Wanayasa'),
(2463, 174, 'Pasawahan'),
(2464, 174, 'Bojong'),
(2465, 174, 'Babakancikao'),
(2466, 174, 'Bungursari'),
(2467, 174, 'Cibatu'),
(2468, 174, 'Sukasari'),
(2469, 174, 'Pondoksalam'),
(2470, 174, 'Kiarapedes'),
(2471, 175, 'Karawang Barat'),
(2472, 175, 'Pangkalan'),
(2473, 175, 'Telukjambe Timur'),
(2474, 175, 'Ciampel'),
(2475, 175, 'Klari'),
(2476, 175, 'Rengasdengklok'),
(2477, 175, 'Kutawaluya'),
(2478, 175, 'Batujaya'),
(2479, 175, 'Tirtajaya'),
(2480, 175, 'Pedes'),
(2481, 175, 'Cibuaya'),
(2482, 175, 'Pakisjaya'),
(2483, 175, 'Cikampek'),
(2484, 175, 'Jatisari'),
(2485, 175, 'Cilamaya Wetan'),
(2486, 175, 'Tirtamulya'),
(2487, 175, 'Telagasari (Talagasari)'),
(2488, 175, 'Rawamerta'),
(2489, 175, 'Lemahabang'),
(2490, 175, 'Tempuran'),
(2491, 175, 'Majalaya'),
(2492, 175, 'Jayakerta'),
(2493, 175, 'Cilamaya Kulon'),
(2494, 175, 'Banyusari'),
(2495, 175, 'Kota Baru (Kotabaru)'),
(2496, 175, 'Karawang Timur'),
(2497, 175, 'Telukjambe Barat'),
(2498, 175, 'Tegalwaru'),
(2499, 175, 'Purwasari'),
(2500, 175, 'Cilebar'),
(2501, 176, 'Tarumajaya'),
(2502, 176, 'Babelan'),
(2503, 176, 'Sukawangi'),
(2504, 176, 'Tambelang'),
(2505, 176, 'Tambun Utara'),
(2506, 176, 'Tambun Selatan'),
(2507, 176, 'Cibitung'),
(2508, 176, 'Cikarang Barat'),
(2509, 176, 'Cikarang Utara'),
(2510, 176, 'Karang Bahagia (Karangbahagia)'),
(2511, 176, 'Cikarang Timur'),
(2512, 176, 'Kedung Waringin'),
(2513, 176, 'Pebayuran'),
(2514, 176, 'Sukakarya'),
(2515, 176, 'Sukatani'),
(2516, 176, 'Cabangbungin'),
(2517, 176, 'Muaragembong (Muara Gembong)'),
(2518, 176, 'Setu'),
(2519, 176, 'Cikarang Selatan'),
(2520, 176, 'Cikarang Pusat'),
(2521, 176, 'Serang Baru'),
(2522, 176, 'Cibarusah'),
(2523, 176, 'Bojongmangu'),
(2524, 177, 'Lembang'),
(2525, 177, 'Parongpong'),
(2526, 177, 'Cisarua'),
(2527, 177, 'Cikalongwetan (Cikalong Wetan)'),
(2528, 177, 'Cipeundeuy'),
(2529, 177, 'Ngamprah'),
(2530, 177, 'Cipatat'),
(2531, 177, 'Padalarang'),
(2532, 177, 'Batujajar'),
(2533, 177, 'Cihampelas'),
(2534, 177, 'Cililin'),
(2535, 177, 'Cipongkor'),
(2536, 177, 'Rongga'),
(2537, 177, 'Sindangkerta'),
(2538, 177, 'Gununghalu'),
(2539, 177, 'Saguling'),
(2540, 178, 'Parigi'),
(2541, 178, 'Cijulang'),
(2542, 178, 'Cimerak'),
(2543, 178, 'Cigugur'),
(2544, 178, 'Langkaplancar'),
(2545, 178, 'Mangunjaya'),
(2546, 178, 'Padaherang'),
(2547, 178, 'Kalipucang'),
(2548, 178, 'Pangandaran'),
(2549, 178, 'Sidamulih'),
(2550, 179, 'Bogor Selatan'),
(2551, 179, 'Bogor Timur'),
(2552, 179, 'Bogor Tengah'),
(2553, 179, 'Bogor Barat'),
(2554, 179, 'Bogor Utara'),
(2555, 179, 'Tanah Sareal (Tanah Sereal)'),
(2556, 180, 'Gunung Puyuh (Gunungpuyuh)'),
(2557, 180, 'Cikole'),
(2558, 180, 'Citamiang'),
(2559, 180, 'Warudoyong'),
(2560, 180, 'Baros'),
(2561, 180, 'Lembursitu'),
(2562, 180, 'Cibeureum'),
(2563, 181, 'Sukasari'),
(2564, 181, 'Coblong'),
(2565, 181, 'Babakan Ciparay'),
(2566, 181, 'Bojongloa Kaler'),
(2567, 181, 'Andir'),
(2568, 181, 'Cicendo'),
(2569, 181, 'Sukajadi'),
(2570, 181, 'Cidadap'),
(2571, 181, 'Bandung Wetan'),
(2572, 181, 'Astana Anyar'),
(2573, 181, 'Regol'),
(2574, 181, 'Batununggal'),
(2575, 181, 'Lengkong'),
(2576, 181, 'Cibeunying Kidul'),
(2577, 181, 'Bandung Kulon'),
(2578, 181, 'Kiaracondong'),
(2579, 181, 'Bojongloa Kidul'),
(2580, 181, 'Cibeunying Kaler'),
(2581, 181, 'Sumur Bandung'),
(2582, 181, 'Antapani (Cicadas)'),
(2583, 181, 'Bandung Kidul'),
(2584, 181, 'Buahbatu'),
(2585, 181, 'Rancasari'),
(2586, 181, 'Arcamanik'),
(2587, 181, 'Cibiru'),
(2588, 181, 'Ujungberung (Ujung Berung)'),
(2589, 181, 'Gedebage'),
(2590, 181, 'Panyileukan'),
(2591, 181, 'Cinambo'),
(2592, 181, 'Mandalajati'),
(2593, 182, 'Kejaksan'),
(2594, 182, 'Lemahwungkuk (Lemah Wungkuk)'),
(2595, 182, 'Harjamukti'),
(2596, 182, 'Pekalipan'),
(2597, 182, 'Kesambi'),
(2598, 183, 'Bekasi Timur'),
(2599, 183, 'Bekasi Barat'),
(2600, 183, 'Bekasi Utara'),
(2601, 183, 'Bekasi Selatan'),
(2602, 183, 'Rawalumbu'),
(2603, 183, 'Medansatria (Medan Satria)'),
(2604, 183, 'Bantargebang (Bantar Gebang)'),
(2605, 183, 'Pondokgede (Pondok Gede)'),
(2606, 183, 'Jatiasih'),
(2607, 183, 'Jatisampurna (Jati Sampurna)'),
(2608, 183, 'Mustikajaya (Mustika Jaya)'),
(2609, 183, 'Pondokmelati (Pondok Melati)'),
(2610, 184, 'Pancoran Mas'),
(2611, 184, 'Cimanggis'),
(2612, 184, 'Sawangan'),
(2613, 184, 'Limo'),
(2614, 184, 'Sukmajaya'),
(2615, 184, 'Beji'),
(2616, 184, 'Cipayung'),
(2617, 184, 'Cilodong'),
(2618, 184, 'Cinere'),
(2619, 184, 'Tapos'),
(2620, 184, 'Bojongsari'),
(2621, 185, 'Cimahi Selatan'),
(2622, 185, 'Cimahi Tengah'),
(2623, 185, 'Cimahi Utara'),
(2624, 186, 'Cihideung'),
(2625, 186, 'Cipedes'),
(2626, 186, 'Tawang'),
(2627, 186, 'Indihiang'),
(2628, 186, 'Kawalu'),
(2629, 186, 'Cibeureum'),
(2630, 186, 'Tamansari'),
(2631, 186, 'Mangkubumi'),
(2632, 186, 'Bungursari'),
(2633, 186, 'Purbaratu'),
(2634, 187, 'Banjar'),
(2635, 187, 'Pataruman'),
(2636, 187, 'Purwaharja'),
(2637, 187, 'Langensari'),
(2638, 188, 'Kedungreja'),
(2639, 188, 'Kesugihan'),
(2640, 188, 'Adipala'),
(2641, 188, 'Binangun'),
(2642, 188, 'Nusawungu'),
(2643, 188, 'Kroya'),
(2644, 188, 'Maos'),
(2645, 188, 'Jeruklegi'),
(2646, 188, 'Kawunganten'),
(2647, 188, 'Gandrungmangu'),
(2648, 188, 'Sidareja'),
(2649, 188, 'Karangpucung'),
(2650, 188, 'Cimanggu'),
(2651, 188, 'Majenang'),
(2652, 188, 'Wanareja'),
(2653, 188, 'Dayeuhluhur'),
(2654, 188, 'Sampang'),
(2655, 188, 'Cipari'),
(2656, 188, 'Patimuan'),
(2657, 188, 'Bantarsari'),
(2658, 188, 'Cilacap Selatan'),
(2659, 188, 'Cilacap Tengah'),
(2660, 188, 'Cilacap Utara'),
(2661, 188, 'Kampung Laut'),
(2662, 189, 'Lumbir'),
(2663, 189, 'Wangon'),
(2664, 189, 'Jatilawang'),
(2665, 189, 'Rawalo'),
(2666, 189, 'Kebasen'),
(2667, 189, 'Kemranjen'),
(2668, 189, 'Sumpiuh'),
(2669, 189, 'Tambak'),
(2670, 189, 'Somagede'),
(2671, 189, 'Kalibagor'),
(2672, 189, 'Banyumas'),
(2673, 189, 'Patikraja'),
(2674, 189, 'Purwojati'),
(2675, 189, 'Ajibarang'),
(2676, 189, 'Gumelar'),
(2677, 189, 'Pekuncen'),
(2678, 189, 'Cilongok'),
(2679, 189, 'Karanglewas'),
(2680, 189, 'Sokaraja'),
(2681, 189, 'Kembaran'),
(2682, 189, 'Sumbang'),
(2683, 189, 'Baturraden (Baturaden)'),
(2684, 189, 'Kedungbanteng (Kedung Banteng)'),
(2685, 189, 'Purwokerto Selatan'),
(2686, 189, 'Purwokerto Barat'),
(2687, 189, 'Purwokerto Timur'),
(2688, 189, 'Purwokerto Utara'),
(2689, 190, 'Kemangkon'),
(2690, 190, 'Bukateja'),
(2691, 190, 'Kejobong'),
(2692, 190, 'Kaligondang'),
(2693, 190, 'Purbalingga'),
(2694, 190, 'Kalimanah'),
(2695, 190, 'Kutasari'),
(2696, 190, 'Mrebet'),
(2697, 190, 'Bobotsari'),
(2698, 190, 'Karangreja'),
(2699, 190, 'Karanganyar'),
(2700, 190, 'Karangmoncol'),
(2701, 190, 'Rembang'),
(2702, 190, 'Bojongsari'),
(2703, 190, 'Padamara'),
(2704, 190, 'Pengadegan'),
(2705, 190, 'Karangjambu'),
(2706, 190, 'Kertanegara'),
(2707, 191, 'Susukan'),
(2708, 191, 'Purworeja Klampok (Purworejo Klampok)'),
(2709, 191, 'Mandiraja'),
(2710, 191, 'Purwanegara (Purwonegoro)'),
(2711, 191, 'Bawang'),
(2712, 191, 'Banjarnegara'),
(2713, 191, 'Sigaluh'),
(2714, 191, 'Madukara'),
(2715, 191, 'Banjarmangu'),
(2716, 191, 'Wanadadi (Wonodadi)'),
(2717, 191, 'Rakit'),
(2718, 191, 'Punggelan'),
(2719, 191, 'Karangkobar'),
(2720, 191, 'Pagentan'),
(2721, 191, 'Pejawaran'),
(2722, 191, 'Batur'),
(2723, 191, 'Wanayasa'),
(2724, 191, 'Kalibening'),
(2725, 191, 'Pandanarum'),
(2726, 191, 'Pagedongan'),
(2727, 192, 'Ayah'),
(2728, 192, 'Buayan'),
(2729, 192, 'Puring'),
(2730, 192, 'Petanahan'),
(2731, 192, 'Klirong'),
(2732, 192, 'Buluspesantren'),
(2733, 192, 'Ambal'),
(2734, 192, 'Mirit'),
(2735, 192, 'Prembun'),
(2736, 192, 'Kutowinangun'),
(2737, 192, 'Alian (Aliyan)'),
(2738, 192, 'Kebumen'),
(2739, 192, 'Pejagoan'),
(2740, 192, 'Sruweng'),
(2741, 192, 'Adimulyo'),
(2742, 192, 'Kuwarasan'),
(2743, 192, 'Rowokele'),
(2744, 192, 'Sempor'),
(2745, 192, 'Gombong'),
(2746, 192, 'Karanganyar'),
(2747, 192, 'Karanggayam'),
(2748, 192, 'Sadang'),
(2749, 192, 'Bonorowo'),
(2750, 192, 'Padureso'),
(2751, 192, 'Poncowarno'),
(2752, 192, 'Karangsambung'),
(2753, 193, 'Grabag'),
(2754, 193, 'Ngombol'),
(2755, 193, 'Purwodadi'),
(2756, 193, 'Bagelen'),
(2757, 193, 'Kaligesing'),
(2758, 193, 'Purworejo'),
(2759, 193, 'Banyuurip'),
(2760, 193, 'Bayan'),
(2761, 193, 'Kutoarjo'),
(2762, 193, 'Butuh'),
(2763, 193, 'Pituruh'),
(2764, 193, 'Kemiri'),
(2765, 193, 'Bruno'),
(2766, 193, 'Gebang'),
(2767, 193, 'Loano'),
(2768, 193, 'Bener'),
(2769, 194, 'Wadaslintang'),
(2770, 194, 'Kepil'),
(2771, 194, 'Sapuran'),
(2772, 194, 'Kaliwiro'),
(2773, 194, 'Leksono'),
(2774, 194, 'Selomerto'),
(2775, 194, 'Kalikajar'),
(2776, 194, 'Kertek'),
(2777, 194, 'Wonosobo'),
(2778, 194, 'Watumalang'),
(2779, 194, 'Mojotengah'),
(2780, 194, 'Garung'),
(2781, 194, 'Kejajar'),
(2782, 194, 'Sukoharjo'),
(2783, 194, 'Kalibawang'),
(2784, 195, 'Salaman'),
(2785, 195, 'Borobudur'),
(2786, 195, 'Ngluwar'),
(2787, 195, 'Salam'),
(2788, 195, 'Srumbung'),
(2789, 195, 'Dukun'),
(2790, 195, 'Sawangan'),
(2791, 195, 'Muntilan'),
(2792, 195, 'Mungkid'),
(2793, 195, 'Mertoyudan'),
(2794, 195, 'Tempuran'),
(2795, 195, 'Kajoran'),
(2796, 195, 'Kaliangkrik'),
(2797, 195, 'Bandongan'),
(2798, 195, 'Candimulyo'),
(2799, 195, 'Pakis'),
(2800, 195, 'Ngablak'),
(2801, 195, 'Grabag'),
(2802, 195, 'Tegalrejo'),
(2803, 195, 'Secang'),
(2804, 195, 'Windusari'),
(2805, 196, 'Selo'),
(2806, 196, 'Ampel'),
(2807, 196, 'Cepogo'),
(2808, 196, 'Musuk'),
(2809, 196, 'Boyolali'),
(2810, 196, 'Mojosongo'),
(2811, 196, 'Teras'),
(2812, 196, 'Sawit'),
(2813, 196, 'Banyudono'),
(2814, 196, 'Sambi'),
(2815, 196, 'Ngemplak'),
(2816, 196, 'Nogosari'),
(2817, 196, 'Simo'),
(2818, 196, 'Karanggede'),
(2819, 196, 'Klego'),
(2820, 196, 'Andong'),
(2821, 196, 'Kemusu'),
(2822, 196, 'Wonosegoro'),
(2823, 196, 'Juwangi'),
(2824, 196, 'Gladagsari'),
(2825, 196, 'Tamansari'),
(2826, 196, 'Wonosamodro'),
(2827, 197, 'Prambanan'),
(2828, 197, 'Gantiwarno'),
(2829, 197, 'Wedi'),
(2830, 197, 'Bayat'),
(2831, 197, 'Cawas'),
(2832, 197, 'Trucuk'),
(2833, 197, 'Kebonarum'),
(2834, 197, 'Jogonalan'),
(2835, 197, 'Manisrenggo'),
(2836, 197, 'Karangnongko'),
(2837, 197, 'Ceper'),
(2838, 197, 'Pedan'),
(2839, 197, 'Karangdowo'),
(2840, 197, 'Juwiring'),
(2841, 197, 'Wonosari'),
(2842, 197, 'Delanggu'),
(2843, 197, 'Polanharjo'),
(2844, 197, 'Karanganom'),
(2845, 197, 'Tulung'),
(2846, 197, 'Jatinom'),
(2847, 197, 'Kemalang'),
(2848, 197, 'Ngawen'),
(2849, 197, 'Kalikotes'),
(2850, 197, 'Klaten Utara'),
(2851, 197, 'Klaten Tengah'),
(2852, 197, 'Klaten Selatan'),
(2853, 198, 'Weru'),
(2854, 198, 'Bulu'),
(2855, 198, 'Tawangsari'),
(2856, 198, 'Sukoharjo'),
(2857, 198, 'Nguter'),
(2858, 198, 'Bendosari'),
(2859, 198, 'Polokarto'),
(2860, 198, 'Mojolaban'),
(2861, 198, 'Grogol'),
(2862, 198, 'Baki'),
(2863, 198, 'Gatak'),
(2864, 198, 'Kartasura'),
(2865, 199, 'Pracimantoro'),
(2866, 199, 'Giritontro'),
(2867, 199, 'Giriwoyo'),
(2868, 199, 'Batuwarno'),
(2869, 199, 'Tirtomoyo'),
(2870, 199, 'Nguntoronadi'),
(2871, 199, 'Baturetno'),
(2872, 199, 'Eromoko'),
(2873, 199, 'Wuryantoro'),
(2874, 199, 'Manyaran'),
(2875, 199, 'Selogiri'),
(2876, 199, 'Wonogiri'),
(2877, 199, 'Ngadirojo'),
(2878, 199, 'Sidoharjo'),
(2879, 199, 'Jatiroto'),
(2880, 199, 'Kismantoro'),
(2881, 199, 'Purwantoro'),
(2882, 199, 'Bulukerto'),
(2883, 199, 'Slogohimo'),
(2884, 199, 'Jatisrono'),
(2885, 199, 'Jatipurno'),
(2886, 199, 'Girimarto'),
(2887, 199, 'Karangtengah'),
(2888, 199, 'Paranggupito'),
(2889, 199, 'Puhpelem'),
(2890, 200, 'Jatipuro'),
(2891, 200, 'Jatiyoso'),
(2892, 200, 'Jumapolo'),
(2893, 200, 'Jumantono'),
(2894, 200, 'Matesih'),
(2895, 200, 'Tawangmangu'),
(2896, 200, 'Ngargoyoso'),
(2897, 200, 'Karangpandan'),
(2898, 200, 'Karanganyar'),
(2899, 200, 'Tasikmadu'),
(2900, 200, 'Jaten'),
(2901, 200, 'Colomadu'),
(2902, 200, 'Gondangrejo'),
(2903, 200, 'Kebakkramat'),
(2904, 200, 'Mojogedang'),
(2905, 200, 'Kerjo'),
(2906, 200, 'Jenawi'),
(2907, 201, 'Kalijambe'),
(2908, 201, 'Plupuh'),
(2909, 201, 'Masaran'),
(2910, 201, 'Kedawung'),
(2911, 201, 'Sambirejo'),
(2912, 201, 'Gondang'),
(2913, 201, 'Sambungmacan (Sambung Macan)'),
(2914, 201, 'Ngrampal'),
(2915, 201, 'Karangmalang'),
(2916, 201, 'Sragen'),
(2917, 201, 'Sidoharjo'),
(2918, 201, 'Tanon'),
(2919, 201, 'Gemolong'),
(2920, 201, 'Miri'),
(2921, 201, 'Sumberlawang'),
(2922, 201, 'Mondokan'),
(2923, 201, 'Sukodono'),
(2924, 201, 'Gesi'),
(2925, 201, 'Tangen'),
(2926, 201, 'Jenar'),
(2927, 202, 'Kedungjati'),
(2928, 202, 'Karangrayung'),
(2929, 202, 'Penawangan'),
(2930, 202, 'Toroh'),
(2931, 202, 'Geyer'),
(2932, 202, 'Pulokulon'),
(2933, 202, 'Kradenan'),
(2934, 202, 'Gabus'),
(2935, 202, 'Ngaringan'),
(2936, 202, 'Wirosari'),
(2937, 202, 'Tawangharjo'),
(2938, 202, 'Grobogan'),
(2939, 202, 'Purwodadi'),
(2940, 202, 'Brati'),
(2941, 202, 'Klambu'),
(2942, 202, 'Godong'),
(2943, 202, 'Gubug'),
(2944, 202, 'Tegowanu'),
(2945, 202, 'Tanggungharjo'),
(2946, 203, 'Jati'),
(2947, 203, 'Randublatung'),
(2948, 203, 'Kradenan'),
(2949, 203, 'Kedungtuban'),
(2950, 203, 'Cepu'),
(2951, 203, 'Sambong'),
(2952, 203, 'Jiken'),
(2953, 203, 'Jepon'),
(2954, 203, 'Blora (Blora kota)'),
(2955, 203, 'Tunjungan'),
(2956, 203, 'Banjarejo'),
(2957, 203, 'Ngawen'),
(2958, 203, 'Kunduran'),
(2959, 203, 'Todanan'),
(2960, 203, 'Bogorejo'),
(2961, 203, 'Japah'),
(2962, 204, 'Sumber'),
(2963, 204, 'Bulu'),
(2964, 204, 'Gunem'),
(2965, 204, 'Sale'),
(2966, 204, 'Sarang'),
(2967, 204, 'Sedan'),
(2968, 204, 'Pamotan'),
(2969, 204, 'Sulang'),
(2970, 204, 'Kaliori'),
(2971, 204, 'Rembang'),
(2972, 204, 'Pancur'),
(2973, 204, 'Kragan'),
(2974, 204, 'Sluke'),
(2975, 204, 'Lasem'),
(2976, 205, 'Sukolilo'),
(2977, 205, 'Kayen'),
(2978, 205, 'Tambakromo'),
(2979, 205, 'Winong'),
(2980, 205, 'Pucakwangi'),
(2981, 205, 'Jaken'),
(2982, 205, 'Batangan'),
(2983, 205, 'Juwana'),
(2984, 205, 'Jakenan'),
(2985, 205, 'Pati'),
(2986, 205, 'Gabus'),
(2987, 205, 'Margorejo'),
(2988, 205, 'Gembong'),
(2989, 205, 'Tlogowungu'),
(2990, 205, 'Wedarijaksa'),
(2991, 205, 'Margoyoso'),
(2992, 205, 'Gunungwungkal'),
(2993, 205, 'Cluwak'),
(2994, 205, 'Tayu'),
(2995, 205, 'Dukuhseti'),
(2996, 205, 'Trangkil'),
(2997, 206, 'Kaliwungu'),
(2998, 206, 'Kota Kudus (Kudus Kota)'),
(2999, 206, 'Jati'),
(3000, 206, 'Undaan'),
(3001, 206, 'Mejobo'),
(3002, 206, 'Jekulo'),
(3003, 206, 'Bae'),
(3004, 206, 'Gebog'),
(3005, 206, 'Dawe'),
(3006, 207, 'Kedung'),
(3007, 207, 'Pecangaan'),
(3008, 207, 'Welahan'),
(3009, 207, 'Mayong'),
(3010, 207, 'Batealit'),
(3011, 207, 'Jepara'),
(3012, 207, 'Mlonggo'),
(3013, 207, 'Bangsri'),
(3014, 207, 'Keling'),
(3015, 207, 'Karimunjawa (Karimun Jawa)'),
(3016, 207, 'Tahunan'),
(3017, 207, 'Nalumsari'),
(3018, 207, 'Kalinyamatan'),
(3019, 207, 'Kembang'),
(3020, 207, 'Pakis Aji'),
(3021, 207, 'Donorojo'),
(3022, 208, 'Mranggen'),
(3023, 208, 'Karangawen'),
(3024, 208, 'Guntur'),
(3025, 208, 'Sayung'),
(3026, 208, 'Karangtengah (Karang Tengah)'),
(3027, 208, 'Wonosalam'),
(3028, 208, 'Dempet'),
(3029, 208, 'Gajah'),
(3030, 208, 'Karanganyar'),
(3031, 208, 'Mijen'),
(3032, 208, 'Demak'),
(3033, 208, 'Bonang'),
(3034, 208, 'Wedung'),
(3035, 208, 'Kebonagung'),
(3036, 209, 'Getasan'),
(3037, 209, 'Tengaran'),
(3038, 209, 'Susukan'),
(3039, 209, 'Suruh'),
(3040, 209, 'Pabelan'),
(3041, 209, 'Tuntang'),
(3042, 209, 'Banyubiru'),
(3043, 209, 'Jambu'),
(3044, 209, 'Sumowono'),
(3045, 209, 'Ambarawa'),
(3046, 209, 'Bawen'),
(3047, 209, 'Bringin'),
(3048, 209, 'Bergas'),
(3049, 209, 'Pringapus'),
(3050, 209, 'Bancak'),
(3051, 209, 'Kaliwungu'),
(3052, 209, 'Ungaran Barat'),
(3053, 209, 'Ungaran Timur'),
(3054, 209, 'Bandungan'),
(3055, 210, 'Bulu'),
(3056, 210, 'Tembarak'),
(3057, 210, 'Temanggung'),
(3058, 210, 'Pringsurat'),
(3059, 210, 'Kaloran'),
(3060, 210, 'Kandangan'),
(3061, 210, 'Kedu'),
(3062, 210, 'Parakan'),
(3063, 210, 'Ngadirejo'),
(3064, 210, 'Jumo'),
(3065, 210, 'Tretep'),
(3066, 210, 'Candiroto'),
(3067, 210, 'Kranggan'),
(3068, 210, 'Tlogomulyo'),
(3069, 210, 'Selopampang'),
(3070, 210, 'Bansari'),
(3071, 210, 'Kledung'),
(3072, 210, 'Bejen'),
(3073, 210, 'Wonoboyo'),
(3074, 210, 'Gemawang'),
(3075, 211, 'Plantungan'),
(3076, 211, 'Pageruyung (Pagerruyung)'),
(3077, 211, 'Sukorejo'),
(3078, 211, 'Patean'),
(3079, 211, 'Singorojo'),
(3080, 211, 'Limbangan'),
(3081, 211, 'Boja'),
(3082, 211, 'Kaliwungu'),
(3083, 211, 'Brangsong'),
(3084, 211, 'Pegandon'),
(3085, 211, 'Gemuh'),
(3086, 211, 'Weleri'),
(3087, 211, 'Cepiring'),
(3088, 211, 'Patebon'),
(3089, 211, 'Kendal'),
(3090, 211, 'Rowosari'),
(3091, 211, 'Kangkung'),
(3092, 211, 'Ringinarum'),
(3093, 211, 'Ngampel'),
(3094, 211, 'Kaliwungu Selatan'),
(3095, 212, 'Wonotunggal'),
(3096, 212, 'Bandar'),
(3097, 212, 'Blado'),
(3098, 212, 'Reban'),
(3099, 212, 'Bawang'),
(3100, 212, 'Tersono'),
(3101, 212, 'Gringsing'),
(3102, 212, 'Limpung'),
(3103, 212, 'Subah'),
(3104, 212, 'Tulis'),
(3105, 212, 'Batang'),
(3106, 212, 'Warungasem'),
(3107, 212, 'Kandeman'),
(3108, 212, 'Pecalungan'),
(3109, 212, 'Banyuputih'),
(3110, 213, 'Kandangserang'),
(3111, 213, 'Paninggaran'),
(3112, 213, 'Lebakbarang'),
(3113, 213, 'Petungkriyono (Petungkriono)'),
(3114, 213, 'Talun'),
(3115, 213, 'Doro'),
(3116, 213, 'Karanganyar'),
(3117, 213, 'Kajen'),
(3118, 213, 'Kesesi'),
(3119, 213, 'Sragi'),
(3120, 213, 'Bojong'),
(3121, 213, 'Wonopringgo'),
(3122, 213, 'Kedungwuni'),
(3123, 213, 'Buaran'),
(3124, 213, 'Tirto'),
(3125, 213, 'Wiradesa'),
(3126, 213, 'Siwalan'),
(3127, 213, 'Karangdadap'),
(3128, 213, 'Wonokerto'),
(3129, 214, 'Moga'),
(3130, 214, 'Pulosari'),
(3131, 214, 'Belik'),
(3132, 214, 'Watukumpul'),
(3133, 214, 'Bodeh'),
(3134, 214, 'Bantarbolang'),
(3135, 214, 'Randudongkal'),
(3136, 214, 'Pemalang'),
(3137, 214, 'Taman'),
(3138, 214, 'Petarukan'),
(3139, 214, 'Ampelgading'),
(3140, 214, 'Comal'),
(3141, 214, 'Ulujami'),
(3142, 214, 'Warungpring'),
(3143, 215, 'Margasari'),
(3144, 215, 'Bumijawa'),
(3145, 215, 'Bojong'),
(3146, 215, 'Balapulang'),
(3147, 215, 'Pagerbarang'),
(3148, 215, 'Lebaksiu'),
(3149, 215, 'Jatinegara'),
(3150, 215, 'Kedungbanteng (Kedung Banteng)'),
(3151, 215, 'Pangkah'),
(3152, 215, 'Slawi'),
(3153, 215, 'Adiwerna'),
(3154, 215, 'Talang'),
(3155, 215, 'Dukuhturi'),
(3156, 215, 'Tarub'),
(3157, 215, 'Kramat'),
(3158, 215, 'Suradadi (Surodadi)'),
(3159, 215, 'Warureja (Warurejo)'),
(3160, 215, 'Dukuhwaru'),
(3161, 216, 'Salem'),
(3162, 216, 'Bantarkawung'),
(3163, 216, 'Bumiayu'),
(3164, 216, 'Paguyangan'),
(3165, 216, 'Sirampog'),
(3166, 216, 'Tonjong'),
(3167, 216, 'Jatibarang'),
(3168, 216, 'Wanasari'),
(3169, 216, 'Brebes'),
(3170, 216, 'Songgom'),
(3171, 216, 'Kersana'),
(3172, 216, 'Losari'),
(3173, 216, 'Tanjung'),
(3174, 216, 'Bulakamba'),
(3175, 216, 'Larangan'),
(3176, 216, 'Ketanggungan'),
(3177, 216, 'Banjarharjo'),
(3178, 217, 'Magelang Selatan'),
(3179, 217, 'Magelang Utara'),
(3180, 217, 'Magelang Tengah'),
(3181, 218, 'Laweyan'),
(3182, 218, 'Serengan'),
(3183, 218, 'Pasar Kliwon'),
(3184, 218, 'Jebres'),
(3185, 218, 'Banjarsari'),
(3186, 219, 'Sidorejo'),
(3187, 219, 'Tingkir'),
(3188, 219, 'Argomulyo'),
(3189, 219, 'Sidomukti'),
(3190, 220, 'Semarang Tengah'),
(3191, 220, 'Semarang Utara'),
(3192, 220, 'Semarang Timur'),
(3193, 220, 'Gayamsari'),
(3194, 220, 'Genuk'),
(3195, 220, 'Pedurungan'),
(3196, 220, 'Semarang Selatan'),
(3197, 220, 'Candisari'),
(3198, 220, 'Gajahmungkur (Gajah Mungkur)'),
(3199, 220, 'Tembalang'),
(3200, 220, 'Banyumanik'),
(3201, 220, 'Gunungpati'),
(3202, 220, 'Semarang Barat'),
(3203, 220, 'Mijen'),
(3204, 220, 'Ngaliyan'),
(3205, 220, 'Tugu'),
(3206, 221, 'Pekalongan Barat'),
(3207, 221, 'Pekalongan Timur'),
(3208, 221, 'Pekalongan Utara'),
(3209, 221, 'Pekalongan Selatan'),
(3210, 222, 'Tegal Barat'),
(3211, 222, 'Tegal Timur'),
(3212, 222, 'Tegal Selatan'),
(3213, 222, 'Margadana'),
(3214, 223, 'Temon'),
(3215, 223, 'Wates'),
(3216, 223, 'Panjatan'),
(3217, 223, 'Galur'),
(3218, 223, 'Lendah'),
(3219, 223, 'Sentolo'),
(3220, 223, 'Pengasih'),
(3221, 223, 'Kokap'),
(3222, 223, 'Girimulyo'),
(3223, 223, 'Nanggulan'),
(3224, 223, 'Samigaluh'),
(3225, 223, 'Kalibawang'),
(3226, 224, 'Srandakan'),
(3227, 224, 'Sanden'),
(3228, 224, 'Kretek'),
(3229, 224, 'Pundong'),
(3230, 224, 'Bambanglipuro (Bambang Lipuro)'),
(3231, 224, 'Pandak'),
(3232, 224, 'Pajangan'),
(3233, 224, 'Bantul'),
(3234, 224, 'Jetis'),
(3235, 224, 'Imogiri'),
(3236, 224, 'Dlingo'),
(3237, 224, 'Banguntapan'),
(3238, 224, 'Pleret'),
(3239, 224, 'Piyungan'),
(3240, 224, 'Sewon'),
(3241, 224, 'Kasihan'),
(3242, 224, 'Sedayu'),
(3243, 225, 'Wonosari'),
(3244, 225, 'Nglipar'),
(3245, 225, 'Playen'),
(3246, 225, 'Patuk'),
(3247, 225, 'Paliyan'),
(3248, 225, 'Panggang'),
(3249, 225, 'Tepus'),
(3250, 225, 'Semanu'),
(3251, 225, 'Karangmojo'),
(3252, 225, 'Ponjong'),
(3253, 225, 'Rongkop'),
(3254, 225, 'Semin'),
(3255, 225, 'Ngawen'),
(3256, 225, 'Gedangsari (Gedang Sari)'),
(3257, 225, 'Saptosari (Sapto Sari)'),
(3258, 225, 'Girisubo'),
(3259, 225, 'Tanjungsari'),
(3260, 225, 'Purwosari'),
(3261, 226, 'Gamping'),
(3262, 226, 'Godean'),
(3263, 226, 'Moyudan'),
(3264, 226, 'Minggir'),
(3265, 226, 'Seyegan'),
(3266, 226, 'Mlati'),
(3267, 226, 'Depok'),
(3268, 226, 'Berbah'),
(3269, 226, 'Prambanan'),
(3270, 226, 'Kalasan'),
(3271, 226, 'Ngemplak'),
(3272, 226, 'Ngaglik'),
(3273, 226, 'Sleman'),
(3274, 226, 'Tempel'),
(3275, 226, 'Turi'),
(3276, 226, 'Pakem'),
(3277, 226, 'Cangkringan'),
(3278, 227, 'Tegalrejo'),
(3279, 227, 'Jetis'),
(3280, 227, 'Gondokusuman'),
(3281, 227, 'Danurejan'),
(3282, 227, 'Gedongtengen (Gedong Tengen)'),
(3283, 227, 'Ngampilan'),
(3284, 227, 'Wirobrajan'),
(3285, 227, 'Mantrijeron'),
(3286, 227, 'Kraton'),
(3287, 227, 'Gondomanan'),
(3288, 227, 'Pakualaman'),
(3289, 227, 'Mergangsan'),
(3290, 227, 'Umbulharjo'),
(3291, 227, 'Kotagede'),
(3292, 228, 'Donorojo'),
(3293, 228, 'Pringkuku'),
(3294, 228, 'Punung'),
(3295, 228, 'Pacitan'),
(3296, 228, 'Kebonagung (Kebon Agung)'),
(3297, 228, 'Arjosari'),
(3298, 228, 'Nawangan'),
(3299, 228, 'Bandar'),
(3300, 228, 'Tegalombo'),
(3301, 228, 'Tulakan'),
(3302, 228, 'Ngadirojo'),
(3303, 228, 'Sudimoro'),
(3304, 229, 'Slahung'),
(3305, 229, 'Ngrayun'),
(3306, 229, 'Bungkal'),
(3307, 229, 'Sambit'),
(3308, 229, 'Sawoo'),
(3309, 229, 'Sooko'),
(3310, 229, 'Pulung'),
(3311, 229, 'Mlarak'),
(3312, 229, 'Jetis'),
(3313, 229, 'Siman'),
(3314, 229, 'Balong'),
(3315, 229, 'Kauman'),
(3316, 229, 'Badegan'),
(3317, 229, 'Sampung'),
(3318, 229, 'Sukorejo'),
(3319, 229, 'Babadan'),
(3320, 229, 'Ponorogo'),
(3321, 229, 'Jenangan'),
(3322, 229, 'Ngebel'),
(3323, 229, 'Jambon'),
(3324, 229, 'Pudak'),
(3325, 230, 'Panggul'),
(3326, 230, 'Munjungan'),
(3327, 230, 'Pule'),
(3328, 230, 'Dongko'),
(3329, 230, 'Tugu'),
(3330, 230, 'Karangan'),
(3331, 230, 'Kampak'),
(3332, 230, 'Watulimo'),
(3333, 230, 'Bendungan'),
(3334, 230, 'Gandusari'),
(3335, 230, 'Trenggalek'),
(3336, 230, 'Pogalan'),
(3337, 230, 'Durenan'),
(3338, 230, 'Suruh'),
(3339, 231, 'Tulungagung'),
(3340, 231, 'Boyolangu'),
(3341, 231, 'Kedungwaru'),
(3342, 231, 'Ngantru'),
(3343, 231, 'Kauman'),
(3344, 231, 'Pagerwojo'),
(3345, 231, 'Sendang'),
(3346, 231, 'Karangrejo (Karang Rejo)'),
(3347, 231, 'Gondang'),
(3348, 231, 'Sumbergempol'),
(3349, 231, 'Ngunut'),
(3350, 231, 'Pucanglaban'),
(3351, 231, 'Rejotangan'),
(3352, 231, 'Kalidawir'),
(3353, 231, 'Besuki'),
(3354, 231, 'Campurdarat (Campur Darat)'),
(3355, 231, 'Bandung'),
(3356, 231, 'Pakel'),
(3357, 231, 'Tanggunggunung (Tanggung Gunung)'),
(3358, 232, 'Wonodadi'),
(3359, 232, 'Udanawu'),
(3360, 232, 'Srengat'),
(3361, 232, 'Kademangan'),
(3362, 232, 'Bakung'),
(3363, 232, 'Ponggok'),
(3364, 232, 'Sanankulon (Sanan Kulon)'),
(3365, 232, 'Wonotirto'),
(3366, 232, 'Nglegok'),
(3367, 232, 'Kanigoro'),
(3368, 232, 'Garum'),
(3369, 232, 'Sutojayan'),
(3370, 232, 'Panggungrejo'),
(3371, 232, 'Talun'),
(3372, 232, 'Gandusari'),
(3373, 232, 'Binangun'),
(3374, 232, 'Wlingi'),
(3375, 232, 'Doko'),
(3376, 232, 'Kesamben'),
(3377, 232, 'Wates'),
(3378, 232, 'Selorejo'),
(3379, 232, 'Selopuro'),
(3380, 233, 'Semen'),
(3381, 233, 'Mojo'),
(3382, 233, 'Kras'),
(3383, 233, 'Ngadiluwih'),
(3384, 233, 'Kandat'),
(3385, 233, 'Wates'),
(3386, 233, 'Ngancar'),
(3387, 233, 'Puncu'),
(3388, 233, 'Plosoklaten'),
(3389, 233, 'Gurah'),
(3390, 233, 'Pagu'),
(3391, 233, 'Gampengrejo'),
(3392, 233, 'Grogol'),
(3393, 233, 'Papar'),
(3394, 233, 'Purwoasri'),
(3395, 233, 'Plemahan'),
(3396, 233, 'Pare'),
(3397, 233, 'Kepung'),
(3398, 233, 'Kandangan'),
(3399, 233, 'Tarokan'),
(3400, 233, 'Kunjang'),
(3401, 233, 'Banyakan'),
(3402, 233, 'Ringinrejo'),
(3403, 233, 'Kayen Kidul'),
(3404, 233, 'Ngasem'),
(3405, 233, 'Badas'),
(3406, 234, 'Donomulyo'),
(3407, 234, 'Pagak'),
(3408, 234, 'Bantur'),
(3409, 234, 'Sumbermanjing Wetan'),
(3410, 234, 'Dampit'),
(3411, 234, 'Ampelgading'),
(3412, 234, 'Poncokusumo'),
(3413, 234, 'Wajak'),
(3414, 234, 'Turen'),
(3415, 234, 'Gondanglegi'),
(3416, 234, 'Kalipare'),
(3417, 234, 'Sumberpucung'),
(3418, 234, 'Kepanjen'),
(3419, 234, 'Bululawang'),
(3420, 234, 'Tajinan'),
(3421, 234, 'Tumpang'),
(3422, 234, 'Jabung'),
(3423, 234, 'Pakis'),
(3424, 234, 'Pakisaji'),
(3425, 234, 'Ngajum (Ngajung)'),
(3426, 234, 'Wagir'),
(3427, 234, 'Dau'),
(3428, 234, 'Karangploso (Karang Ploso)'),
(3429, 234, 'Singosari'),
(3430, 234, 'Lawang'),
(3431, 234, 'Pujon'),
(3432, 234, 'Ngantang'),
(3433, 234, 'Kasembon'),
(3434, 234, 'Gedangan'),
(3435, 234, 'Tirtoyudo'),
(3436, 234, 'Kromengan'),
(3437, 234, 'Wonosari'),
(3438, 234, 'Pagelaran'),
(3439, 235, 'Tempursari'),
(3440, 235, 'Pronojiwo'),
(3441, 235, 'Candipuro'),
(3442, 235, 'Pasirian'),
(3443, 235, 'Tempeh'),
(3444, 235, 'Kunir'),
(3445, 235, 'Yosowilangun'),
(3446, 235, 'Rowokangkung'),
(3447, 235, 'Tekung'),
(3448, 235, 'Lumajang'),
(3449, 235, 'Pasrujambe (Pasujambe)'),
(3450, 235, 'Senduro'),
(3451, 235, 'Gucialit'),
(3452, 235, 'Padang'),
(3453, 235, 'Sukodono'),
(3454, 235, 'Kedungjajang'),
(3455, 235, 'Jatiroto'),
(3456, 235, 'Randuagung'),
(3457, 235, 'Klakah'),
(3458, 235, 'Ranuyoso'),
(3459, 235, 'Sumbersuko'),
(3460, 236, 'Jombang'),
(3461, 236, 'Kencong'),
(3462, 236, 'Sumberbaru (Sumber Baru)'),
(3463, 236, 'Gumukmas (Gumuk Mas)'),
(3464, 236, 'Umbulsari'),
(3465, 236, 'Tanggul'),
(3466, 236, 'Semboro'),
(3467, 236, 'Puger'),
(3468, 236, 'Bangsalsari'),
(3469, 236, 'Balung'),
(3470, 236, 'Wuluhan'),
(3471, 236, 'Ambulu'),
(3472, 236, 'Rambipuji'),
(3473, 236, 'Panti'),
(3474, 236, 'Sukorambi'),
(3475, 236, 'Jenggawah'),
(3476, 236, 'Ajung'),
(3477, 236, 'Tempurejo'),
(3478, 236, 'Kaliwates'),
(3479, 236, 'Patrang'),
(3480, 236, 'Sumbersari (Sumber Sari)'),
(3481, 236, 'Arjasa'),
(3482, 236, 'Mumbulsari'),
(3483, 236, 'Pakusari'),
(3484, 236, 'Jelbuk'),
(3485, 236, 'Mayang'),
(3486, 236, 'Kalisat'),
(3487, 236, 'Ledokombo'),
(3488, 236, 'Sukowono'),
(3489, 236, 'Silo'),
(3490, 236, 'Sumberjambe (Sumber Jambe)'),
(3491, 237, 'Pesanggaran'),
(3492, 237, 'Bangorejo'),
(3493, 237, 'Purwoharjo'),
(3494, 237, 'Tegaldlimo'),
(3495, 237, 'Muncar'),
(3496, 237, 'Cluring'),
(3497, 237, 'Gambiran'),
(3498, 237, 'Srono'),
(3499, 237, 'Genteng'),
(3500, 237, 'Glenmore'),
(3501, 237, 'Kalibaru'),
(3502, 237, 'Singojuruh'),
(3503, 237, 'Rogojampi'),
(3504, 237, 'Kabat'),
(3505, 237, 'Glagah'),
(3506, 237, 'Banyuwangi'),
(3507, 237, 'Giri'),
(3508, 237, 'Wongsorejo'),
(3509, 237, 'Songgon'),
(3510, 237, 'Sempu'),
(3511, 237, 'Kalipuro'),
(3512, 237, 'Siliragung'),
(3513, 237, 'Tegalsari'),
(3514, 237, 'Licin'),
(3515, 237, 'Blimbingsari'),
(3516, 238, 'Maesan'),
(3517, 238, 'Tamanan'),
(3518, 238, 'Tlogosari'),
(3519, 238, 'Sukosari'),
(3520, 238, 'Pujer'),
(3521, 238, 'Grujugan'),
(3522, 238, 'Curahdami'),
(3523, 238, 'Tenggarang'),
(3524, 238, 'Wonosari'),
(3525, 238, 'Tapen'),
(3526, 238, 'Bondowoso'),
(3527, 238, 'Wringin'),
(3528, 238, 'Tegalampel'),
(3529, 238, 'Klabang'),
(3530, 238, 'Cermee'),
(3531, 238, 'Prajekan'),
(3532, 238, 'Pakem'),
(3533, 238, 'Sumberwringin (Sumber Wringin)'),
(3534, 238, 'Sempol'),
(3535, 238, 'Binakal'),
(3536, 238, 'Taman Krocok'),
(3537, 238, 'Botolinggo'),
(3538, 238, 'Jambesari Darus Sholah'),
(3539, 239, 'Jatibanteng'),
(3540, 239, 'Besuki'),
(3541, 239, 'Suboh'),
(3542, 239, 'Mlandingan'),
(3543, 239, 'Kendit'),
(3544, 239, 'Panarukan'),
(3545, 239, 'Situbondo'),
(3546, 239, 'Panji'),
(3547, 239, 'Mangaran'),
(3548, 239, 'Kapongan'),
(3549, 239, 'Arjasa'),
(3550, 239, 'Jangkar'),
(3551, 239, 'Asembagus'),
(3552, 239, 'Banyuputih'),
(3553, 239, 'Sumbermalang'),
(3554, 239, 'Banyuglugur'),
(3555, 239, 'Bungatan'),
(3556, 240, 'Sukapura'),
(3557, 240, 'Sumber'),
(3558, 240, 'Kuripan'),
(3559, 240, 'Bantaran'),
(3560, 240, 'Leces'),
(3561, 240, 'Banyuanyar (Banyu Anyar)'),
(3562, 240, 'Tiris'),
(3563, 240, 'Krucil'),
(3564, 240, 'Gading'),
(3565, 240, 'Pakuniran'),
(3566, 240, 'Kotaanyar (Kota Anyar)'),
(3567, 240, 'Paiton'),
(3568, 240, 'Besuk'),
(3569, 240, 'Kraksaan'),
(3570, 240, 'Krejengan'),
(3571, 240, 'Pejarakan (Pajarakan)'),
(3572, 240, 'Maron'),
(3573, 240, 'Gending'),
(3574, 240, 'Dringu'),
(3575, 240, 'Tegalsiwalan (Tegal Siwalan)'),
(3576, 240, 'Sumberasih'),
(3577, 240, 'Wonomerto'),
(3578, 240, 'Tongas'),
(3579, 240, 'Lumbang'),
(3580, 241, 'Purwodadi'),
(3581, 241, 'Tutur'),
(3582, 241, 'Puspo'),
(3583, 241, 'Lumbang'),
(3584, 241, 'Pasrepan'),
(3585, 241, 'Kejayan'),
(3586, 241, 'Wonorejo'),
(3587, 241, 'Purwosari'),
(3588, 241, 'Sukorejo'),
(3589, 241, 'Prigen'),
(3590, 241, 'Pandaan'),
(3591, 241, 'Gempol'),
(3592, 241, 'Beji'),
(3593, 241, 'Bangil'),
(3594, 241, 'Rembang'),
(3595, 241, 'Kraton'),
(3596, 241, 'Pohjentrek'),
(3597, 241, 'Gondangwetan (Gondang Wetan)'),
(3598, 241, 'Winongan'),
(3599, 241, 'Grati'),
(3600, 241, 'Nguling'),
(3601, 241, 'Lekok'),
(3602, 241, 'Rejoso'),
(3603, 241, 'Tosari'),
(3604, 242, 'Tarik'),
(3605, 242, 'Prambon'),
(3606, 242, 'Krembung'),
(3607, 242, 'Porong'),
(3608, 242, 'Jabon'),
(3609, 242, 'Tanggulangin'),
(3610, 242, 'Candi'),
(3611, 242, 'Sidoarjo'),
(3612, 242, 'Tulangan'),
(3613, 242, 'Wonoayu'),
(3614, 242, 'Krian'),
(3615, 242, 'Balongbendo'),
(3616, 242, 'Taman'),
(3617, 242, 'Sukodono'),
(3618, 242, 'Buduran'),
(3619, 242, 'Gedangan'),
(3620, 242, 'Sedati'),
(3621, 242, 'Waru'),
(3622, 243, 'Jatirejo'),
(3623, 243, 'Gondang'),
(3624, 243, 'Pacet'),
(3625, 243, 'Trawas'),
(3626, 243, 'Ngoro'),
(3627, 243, 'Pungging'),
(3628, 243, 'Kutorejo'),
(3629, 243, 'Mojosari'),
(3630, 243, 'Dlanggu'),
(3631, 243, 'Bangsal'),
(3632, 243, 'Puri'),
(3633, 243, 'Trowulan'),
(3634, 243, 'Sooko'),
(3635, 243, 'Gedeg'),
(3636, 243, 'Kemlagi'),
(3637, 243, 'Jetis'),
(3638, 243, 'Dawarblandong (Dawar Blandong)'),
(3639, 243, 'Mojoanyar'),
(3640, 244, 'Perak'),
(3641, 244, 'Gudo'),
(3642, 244, 'Ngoro'),
(3643, 244, 'Bareng'),
(3644, 244, 'Wonosalam'),
(3645, 244, 'Mojoagung'),
(3646, 244, 'Mojowarno'),
(3647, 244, 'Diwek'),
(3648, 244, 'Jombang'),
(3649, 244, 'Peterongan'),
(3650, 244, 'Sumobito'),
(3651, 244, 'Kesamben'),
(3652, 244, 'Tembelang'),
(3653, 244, 'Ploso'),
(3654, 244, 'Plandaan'),
(3655, 244, 'Kabuh'),
(3656, 244, 'Kudu'),
(3657, 244, 'Bandarkedungmulyo (Bandar Kedung Mulyo)'),
(3658, 244, 'Jogoroto'),
(3659, 244, 'Megaluh'),
(3660, 244, 'Ngusikan'),
(3661, 245, 'Sawahan'),
(3662, 245, 'Ngetos'),
(3663, 245, 'Berbek'),
(3664, 245, 'Loceret'),
(3665, 245, 'Pace'),
(3666, 245, 'Prambon'),
(3667, 245, 'Ngronggot'),
(3668, 245, 'Kertosono'),
(3669, 245, 'Patianrowo'),
(3670, 245, 'Baron'),
(3671, 245, 'Tanjunganom'),
(3672, 245, 'Sukomoro'),
(3673, 245, 'Nganjuk'),
(3674, 245, 'Bagor'),
(3675, 245, 'Wilangan'),
(3676, 245, 'Rejoso'),
(3677, 245, 'Gondang'),
(3678, 245, 'Ngluyu'),
(3679, 245, 'Lengkong'),
(3680, 245, 'Jatikalen'),
(3681, 246, 'Kebonsari (Kebon Sari)'),
(3682, 246, 'Dolopo'),
(3683, 246, 'Geger'),
(3684, 246, 'Dagangan'),
(3685, 246, 'Kare'),
(3686, 246, 'Gemarang'),
(3687, 246, 'Wungu'),
(3688, 246, 'Madiun'),
(3689, 246, 'Jiwan'),
(3690, 246, 'Balerejo'),
(3691, 246, 'Mejayan'),
(3692, 246, 'Saradan'),
(3693, 246, 'Pilangkenceng'),
(3694, 246, 'Sawahan'),
(3695, 246, 'Wonoasri'),
(3696, 247, 'Poncol'),
(3697, 247, 'Parang'),
(3698, 247, 'Lembeyan'),
(3699, 247, 'Takeran'),
(3700, 247, 'Kawedanan'),
(3701, 247, 'Magetan'),
(3702, 247, 'Plaosan'),
(3703, 247, 'Panekan'),
(3704, 247, 'Sukomoro'),
(3705, 247, 'Bendo'),
(3706, 247, 'Maospati'),
(3707, 247, 'Barat'),
(3708, 247, 'Karangrejo'),
(3709, 247, 'Karas'),
(3710, 247, 'Kartoharjo (Kertoharjo)'),
(3711, 247, 'Ngariboyo'),
(3712, 247, 'Nguntoronadi'),
(3713, 247, 'Sidorejo'),
(3714, 248, 'Sine'),
(3715, 248, 'Ngrambe'),
(3716, 248, 'Jogorogo'),
(3717, 248, 'Kendal'),
(3718, 248, 'Geneng'),
(3719, 248, 'Kwadungan'),
(3720, 248, 'Karangjati'),
(3721, 248, 'Padas'),
(3722, 248, 'Ngawi'),
(3723, 248, 'Paron'),
(3724, 248, 'Kedunggalar'),
(3725, 248, 'Widodaren'),
(3726, 248, 'Mantingan'),
(3727, 248, 'Pangkur'),
(3728, 248, 'Bringin'),
(3729, 248, 'Pitu'),
(3730, 248, 'Karanganyar'),
(3731, 248, 'Gerih'),
(3732, 248, 'Kasreman'),
(3733, 249, 'Ngraho'),
(3734, 249, 'Tambakrejo'),
(3735, 249, 'Ngambon'),
(3736, 249, 'Ngasem'),
(3737, 249, 'Bubulan'),
(3738, 249, 'Dander'),
(3739, 249, 'Sugihwaras'),
(3740, 249, 'Kedungadem'),
(3741, 249, 'Kepohbaru'),
(3742, 249, 'Baureno'),
(3743, 249, 'Kanor'),
(3744, 249, 'Sumberejo'),
(3745, 249, 'Balen'),
(3746, 249, 'Kapas'),
(3747, 249, 'Bojonegoro'),
(3748, 249, 'Kalitidu'),
(3749, 249, 'Malo'),
(3750, 249, 'Purwosari'),
(3751, 249, 'Padangan'),
(3752, 249, 'Kasiman'),
(3753, 249, 'Temayang'),
(3754, 249, 'Margomulyo'),
(3755, 249, 'Trucuk'),
(3756, 249, 'Sukosewu'),
(3757, 249, 'Kedewan'),
(3758, 249, 'Gondang'),
(3759, 249, 'Sekar'),
(3760, 249, 'Gayam'),
(3761, 250, 'Kenduruan'),
(3762, 250, 'Jatirogo'),
(3763, 250, 'Bangilan'),
(3764, 250, 'Bancar'),
(3765, 250, 'Senori'),
(3766, 250, 'Tambakboyo'),
(3767, 250, 'Singgahan'),
(3768, 250, 'Kerek'),
(3769, 250, 'Parengan'),
(3770, 250, 'Montong'),
(3771, 250, 'Soko'),
(3772, 250, 'Jenu'),
(3773, 250, 'Merakurak'),
(3774, 250, 'Rengel'),
(3775, 250, 'Semanding'),
(3776, 250, 'Tuban'),
(3777, 250, 'Plumpang'),
(3778, 250, 'Palang'),
(3779, 250, 'Widang'),
(3780, 250, 'Grabagan'),
(3781, 251, 'Sukorame'),
(3782, 251, 'Bluluk'),
(3783, 251, 'Modo'),
(3784, 251, 'Ngimbang'),
(3785, 251, 'Babat'),
(3786, 251, 'Kedungpring'),
(3787, 251, 'Brondong'),
(3788, 251, 'Laren'),
(3789, 251, 'Sekaran'),
(3790, 251, 'Maduran'),
(3791, 251, 'Sambeng'),
(3792, 251, 'Sugio'),
(3793, 251, 'Pucuk'),
(3794, 251, 'Paciran'),
(3795, 251, 'Solokuro'),
(3796, 251, 'Mantup'),
(3797, 251, 'Sukodadi'),
(3798, 251, 'Karanggeneng (Karang Geneng)'),
(3799, 251, 'Kembangbahu'),
(3800, 251, 'Kalitengah'),
(3801, 251, 'Turi'),
(3802, 251, 'Lamongan'),
(3803, 251, 'Tikung'),
(3804, 251, 'Karangbinangun'),
(3805, 251, 'Deket'),
(3806, 251, 'Glagah'),
(3807, 251, 'Sarirejo'),
(3808, 252, 'Dukun'),
(3809, 252, 'Balongpanggang (Balong Panggang)'),
(3810, 252, 'Panceng'),
(3811, 252, 'Benjeng'),
(3812, 252, 'Duduksampeyan (Duduk Sampeyan)'),
(3813, 252, 'Wringinanom (Wringin Anom)'),
(3814, 252, 'Ujungpangkah (Ujung Pangkah)'),
(3815, 252, 'Kedamean'),
(3816, 252, 'Sidayu'),
(3817, 252, 'Manyar'),
(3818, 252, 'Cerme'),
(3819, 252, 'Bungah'),
(3820, 252, 'Menganti'),
(3821, 252, 'Kebomas'),
(3822, 252, 'Driyorejo'),
(3823, 252, 'Gresik'),
(3824, 252, 'Sangkapura'),
(3825, 252, 'Tambak'),
(3826, 253, 'Bangkalan'),
(3827, 253, 'Socah'),
(3828, 253, 'Burneh'),
(3829, 253, 'Kamal'),
(3830, 253, 'Arosbaya'),
(3831, 253, 'Geger'),
(3832, 253, 'Klampis'),
(3833, 253, 'Sepulu'),
(3834, 253, 'Tanjung Bumi (Tanjungbumi)'),
(3835, 253, 'Kokop'),
(3836, 253, 'Kwanyar'),
(3837, 253, 'Labang'),
(3838, 253, 'Tanah Merah'),
(3839, 253, 'Tragah'),
(3840, 253, 'Blega'),
(3841, 253, 'Modung'),
(3842, 253, 'Konang'),
(3843, 253, 'Galis'),
(3844, 254, 'Sreseh'),
(3845, 254, 'Torjun'),
(3846, 254, 'Sampang'),
(3847, 254, 'Camplong'),
(3848, 254, 'Omben'),
(3849, 254, 'Kedungdung'),
(3850, 254, 'Jrengik'),
(3851, 254, 'Tambelangan'),
(3852, 254, 'Banyuates'),
(3853, 254, 'Robatal'),
(3854, 254, 'Sokobanah'),
(3855, 254, 'Ketapang'),
(3856, 254, 'Pangarengan'),
(3857, 254, 'Karangpenang (Karang Penang)'),
(3858, 255, 'Tlanakan'),
(3859, 255, 'Pademawu'),
(3860, 255, 'Galis'),
(3861, 255, 'Pamekasan'),
(3862, 255, 'Proppo'),
(3863, 255, 'Palengaan (Palenggaan, Palenga\'an)'),
(3864, 255, 'Pegantenan'),
(3865, 255, 'Larangan'),
(3866, 255, 'Pakong'),
(3867, 255, 'Waru'),
(3868, 255, 'Batumarmar'),
(3869, 255, 'Kadur'),
(3870, 255, 'Pasean'),
(3871, 256, 'Kota Sumenep'),
(3872, 256, 'Kalianget'),
(3873, 256, 'Manding'),
(3874, 256, 'Talango'),
(3875, 256, 'Bluto'),
(3876, 256, 'Saronggi'),
(3877, 256, 'Lenteng'),
(3878, 256, 'Giliginting (Gili Ginting)'),
(3879, 256, 'Guluk-Guluk (Guluk Guluk)'),
(3880, 256, 'Ganding'),
(3881, 256, 'Pragaan'),
(3882, 256, 'Ambunten'),
(3883, 256, 'Pasongsongan'),
(3884, 256, 'Dasuk'),
(3885, 256, 'Rubaru'),
(3886, 256, 'Batang Batang'),
(3887, 256, 'Batuputih'),
(3888, 256, 'Dungkek'),
(3889, 256, 'Gapura'),
(3890, 256, 'Gayam'),
(3891, 256, 'Nonggunong'),
(3892, 256, 'Ra\'as (Raas)'),
(3893, 256, 'Masalembu'),
(3894, 256, 'Arjasa'),
(3895, 256, 'Sapeken'),
(3896, 256, 'Batuan'),
(3897, 256, 'Kangayan'),
(3898, 257, 'Mojoroto'),
(3899, 257, 'Kota (Kediri Kota)'),
(3900, 257, 'Pesantren'),
(3901, 258, 'Kepanjenkidul (Kepanjen Kidul)'),
(3902, 258, 'Sukorejo'),
(3903, 258, 'Sananwetan (Sanan Wetan)'),
(3904, 259, 'Blimbing'),
(3905, 259, 'Klojen'),
(3906, 259, 'Kedungkandang'),
(3907, 259, 'Sukun'),
(3908, 259, 'Lowokwaru'),
(3909, 260, 'Kademangan'),
(3910, 260, 'Wonoasih'),
(3911, 260, 'Mayangan'),
(3912, 260, 'Kanigaran'),
(3913, 260, 'Kedopok (Kedopak)'),
(3914, 261, 'Gadingrejo'),
(3915, 261, 'Purworejo'),
(3916, 261, 'Bugul Kidul'),
(3917, 261, 'Panggungrejo'),
(3918, 262, 'Prajuritkulon (Prajurit Kulon)'),
(3919, 262, 'Magersari'),
(3920, 262, 'Kranggan'),
(3921, 263, 'Kartoharjo'),
(3922, 263, 'Manguharjo'),
(3923, 263, 'Taman'),
(3924, 264, 'Karang Pilang (Karangpilang)'),
(3925, 264, 'Wonocolo'),
(3926, 264, 'Rungkut'),
(3927, 264, 'Wonokromo'),
(3928, 264, 'Tegalsari'),
(3929, 264, 'Sawahan'),
(3930, 264, 'Genteng'),
(3931, 264, 'Gubeng'),
(3932, 264, 'Sukolilo'),
(3933, 264, 'Tambaksari'),
(3934, 264, 'Simokerto'),
(3935, 264, 'Pabean Cantian (Pabean Cantikan)'),
(3936, 264, 'Bubutan'),
(3937, 264, 'Tandes'),
(3938, 264, 'Krembangan'),
(3939, 264, 'Semampir'),
(3940, 264, 'Kenjeran'),
(3941, 264, 'Lakarsantri'),
(3942, 264, 'Benowo'),
(3943, 264, 'Wiyung'),
(3944, 264, 'Dukuh Pakis'),
(3945, 264, 'Gayungan'),
(3946, 264, 'Jambangan'),
(3947, 264, 'Tenggilis Mejoyo'),
(3948, 264, 'Gunung Anyar (Gununganyar)'),
(3949, 264, 'Mulyorejo'),
(3950, 264, 'Sukomanunggal'),
(3951, 264, 'Asem Rowo (Asemrowo)'),
(3952, 264, 'Bulak'),
(3953, 264, 'Pakal'),
(3954, 264, 'Sambikerep'),
(3955, 265, 'Batu'),
(3956, 265, 'Bumiaji'),
(3957, 265, 'Junrejo'),
(3958, 266, 'Sumur'),
(3959, 266, 'Cimanggu'),
(3960, 266, 'Cibaliung'),
(3961, 266, 'Cikeusik'),
(3962, 266, 'Cigeulis'),
(3963, 266, 'Panimbang'),
(3964, 266, 'Angsana'),
(3965, 266, 'Munjul'),
(3966, 266, 'Pagelaran'),
(3967, 266, 'Bojong');
INSERT INTO `districts` (`id`, `city_id`, `name`) VALUES
(3968, 266, 'Picung'),
(3969, 266, 'Labuan'),
(3970, 266, 'Menes'),
(3971, 266, 'Saketi'),
(3972, 266, 'Cipeucang'),
(3973, 266, 'Jiput'),
(3974, 266, 'Mandalawangi'),
(3975, 266, 'Cimanuk'),
(3976, 266, 'Kaduhejo'),
(3977, 266, 'Banjar'),
(3978, 266, 'Pandeglang'),
(3979, 266, 'Cadasari'),
(3980, 266, 'Cisata'),
(3981, 266, 'Patia'),
(3982, 266, 'Karang Tanjung'),
(3983, 266, 'Cikedal (Cikeudal)'),
(3984, 266, 'Cibitung'),
(3985, 266, 'Carita'),
(3986, 266, 'Sukaresmi'),
(3987, 266, 'Mekarjaya'),
(3988, 266, 'Sindangresmi'),
(3989, 266, 'Pulosari'),
(3990, 266, 'Koroncong'),
(3991, 266, 'Majasari'),
(3992, 266, 'Sobang'),
(3993, 267, 'Malingping'),
(3994, 267, 'Panggarangan'),
(3995, 267, 'Bayah'),
(3996, 267, 'Cipanas'),
(3997, 267, 'Muncang'),
(3998, 267, 'Leuwidamar'),
(3999, 267, 'Bojongmanik'),
(4000, 267, 'Gunungkencana (Gunung Kencana)'),
(4001, 267, 'Banjarsari'),
(4002, 267, 'Cileles'),
(4003, 267, 'Cimarga'),
(4004, 267, 'Sajira'),
(4005, 267, 'Maja'),
(4006, 267, 'Rangkasbitung'),
(4007, 267, 'Warunggunung'),
(4008, 267, 'Cijaku'),
(4009, 267, 'Cikulur'),
(4010, 267, 'Cibadak'),
(4011, 267, 'Cibeber'),
(4012, 267, 'Cilograng'),
(4013, 267, 'Wanasalam'),
(4014, 267, 'Sobang'),
(4015, 267, 'Curug bitung (Curugbitung)'),
(4016, 267, 'Kalanganyar'),
(4017, 267, 'Lebakgedong'),
(4018, 267, 'Cihara'),
(4019, 267, 'Cirinten'),
(4020, 267, 'Cigemlong (Cigemblong)'),
(4021, 268, 'Balaraja'),
(4022, 268, 'Jayanti'),
(4023, 268, 'Tigaraksa'),
(4024, 268, 'Jambe'),
(4025, 268, 'Cisoka'),
(4026, 268, 'Kresek'),
(4027, 268, 'Kronjo'),
(4028, 268, 'Mauk'),
(4029, 268, 'Kemiri'),
(4030, 268, 'Sukadiri'),
(4031, 268, 'Rajeg'),
(4032, 268, 'Pasar Kemis'),
(4033, 268, 'Teluknaga'),
(4034, 268, 'Kosambi'),
(4035, 268, 'Pakuhaji'),
(4036, 268, 'Sepatan'),
(4037, 268, 'Curug'),
(4038, 268, 'Cikupa'),
(4039, 268, 'Panongan'),
(4040, 268, 'Legok'),
(4041, 268, 'Pagedangan'),
(4042, 268, 'Cisauk'),
(4043, 268, 'Sukamulya'),
(4044, 268, 'Kelapa Dua'),
(4045, 268, 'Sindang Jaya'),
(4046, 268, 'Sepatan Timur'),
(4047, 268, 'Solear'),
(4048, 268, 'Gunung Kaler'),
(4049, 268, 'Mekar Baru'),
(4050, 269, 'Kramatwatu'),
(4051, 269, 'Waringinkurung (Waringin Kurung)'),
(4052, 269, 'Bojonegara'),
(4053, 269, 'Pulo Ampel'),
(4054, 269, 'Ciruas'),
(4055, 269, 'Kragilan'),
(4056, 269, 'Pontang'),
(4057, 269, 'Tirtayasa'),
(4058, 269, 'Tanara'),
(4059, 269, 'Cikande'),
(4060, 269, 'Kibin'),
(4061, 269, 'Carenang (Cerenang)'),
(4062, 269, 'Binuang'),
(4063, 269, 'Petir'),
(4064, 269, 'Tunjung Teja'),
(4065, 269, 'Baros'),
(4066, 269, 'Cikeusal'),
(4067, 269, 'Pamarayan'),
(4068, 269, 'Kopo'),
(4069, 269, 'Jawilan'),
(4070, 269, 'Ciomas'),
(4071, 269, 'Pabuaran'),
(4072, 269, 'Padarincang'),
(4073, 269, 'Anyar'),
(4074, 269, 'Cinangka'),
(4075, 269, 'Mancak'),
(4076, 269, 'Gunungsari (Gunung Sari)'),
(4077, 269, 'Bandung'),
(4078, 269, 'Lebak Wangi'),
(4079, 270, 'Tangerang'),
(4080, 270, 'Jatiuwung'),
(4081, 270, 'Batuceper'),
(4082, 270, 'Benda'),
(4083, 270, 'Cipondoh'),
(4084, 270, 'Ciledug'),
(4085, 270, 'Karawaci'),
(4086, 270, 'Periuk'),
(4087, 270, 'Cibodas'),
(4088, 270, 'Neglasari'),
(4089, 270, 'Pinang (Penang)'),
(4090, 270, 'Karang Tengah'),
(4091, 270, 'Larangan'),
(4092, 271, 'Cibeber'),
(4093, 271, 'Cilegon'),
(4094, 271, 'Pulomerak'),
(4095, 271, 'Ciwandan'),
(4096, 271, 'Jombang'),
(4097, 271, 'Gerogol'),
(4098, 271, 'Purwakarta'),
(4099, 271, 'Citangkil'),
(4100, 272, 'Serang'),
(4101, 272, 'Kasemen'),
(4102, 272, 'Walantaka'),
(4103, 272, 'Curug'),
(4104, 272, 'Cipocok Jaya'),
(4105, 272, 'Taktakan'),
(4106, 273, 'Serpong'),
(4107, 273, 'Serpong Utara'),
(4108, 273, 'Pondok Aren'),
(4109, 273, 'Ciputat'),
(4110, 273, 'Ciputat Timur'),
(4111, 273, 'Pamulang'),
(4112, 273, 'Setu'),
(4113, 274, 'Negara'),
(4114, 274, 'Mendoyo'),
(4115, 274, 'Pekutatan'),
(4116, 274, 'Melaya'),
(4117, 274, 'Jembrana'),
(4118, 275, 'Selemadeg'),
(4119, 275, 'Selemadeg Timur (Salamadeg Timur, Salemadeg Timur)'),
(4120, 275, 'Selemadeg Barat (Salemadeg Barat)'),
(4121, 275, 'Kerambitan'),
(4122, 275, 'Tabanan'),
(4123, 275, 'Kediri'),
(4124, 275, 'Marga'),
(4125, 275, 'Penebel'),
(4126, 275, 'Baturiti'),
(4127, 275, 'Pupuan'),
(4128, 276, 'Kuta'),
(4129, 276, 'Mengwi'),
(4130, 276, 'Abiansemal'),
(4131, 276, 'Petang'),
(4132, 276, 'Kuta Selatan'),
(4133, 276, 'Kuta Utara'),
(4134, 277, 'Sukawati'),
(4135, 277, 'Blahbatuh (Belah Batuh)'),
(4136, 277, 'Gianyar'),
(4137, 277, 'Tampaksiring (Tampak Siring)'),
(4138, 277, 'Ubud'),
(4139, 277, 'Tegallalang'),
(4140, 277, 'Payangan'),
(4141, 278, 'Nusa Penida (Nusapenida)'),
(4142, 278, 'Banjarangkan'),
(4143, 278, 'Klungkung'),
(4144, 278, 'Dawan'),
(4145, 279, 'Susut'),
(4146, 279, 'Bangli'),
(4147, 279, 'Tembuku'),
(4148, 279, 'Kintamani'),
(4149, 280, 'Rendang'),
(4150, 280, 'Sidemen'),
(4151, 280, 'Manggis'),
(4152, 280, 'Karangasem (Karang Asem)'),
(4153, 280, 'Abang'),
(4154, 280, 'Bebandem'),
(4155, 280, 'Selat'),
(4156, 280, 'Kubu'),
(4157, 281, 'Gerokgak'),
(4158, 281, 'Seririt'),
(4159, 281, 'Busungbiu (Busung biu)'),
(4160, 281, 'Banjar'),
(4161, 281, 'Sukasada'),
(4162, 281, 'Buleleng'),
(4163, 281, 'Sawan'),
(4164, 281, 'Kubutambahan'),
(4165, 281, 'Tejakula'),
(4166, 282, 'Denpasar Selatan'),
(4167, 282, 'Denpasar Timur'),
(4168, 282, 'Denpasar Barat'),
(4169, 282, 'Denpasar Utara'),
(4170, 283, 'Gerung'),
(4171, 283, 'Kediri'),
(4172, 283, 'Narmada'),
(4173, 283, 'Sekotong'),
(4174, 283, 'Labuapi'),
(4175, 283, 'Gunungsari'),
(4176, 283, 'Lingsar'),
(4177, 283, 'Lembar'),
(4178, 283, 'Batu Layar'),
(4179, 283, 'Kuripan'),
(4180, 284, 'Praya'),
(4181, 284, 'Jonggat'),
(4182, 284, 'Batukliang'),
(4183, 284, 'Pujut'),
(4184, 284, 'Praya Barat'),
(4185, 284, 'Praya Timur'),
(4186, 284, 'Janapria'),
(4187, 284, 'Pringgarata'),
(4188, 284, 'Kopang'),
(4189, 284, 'Praya Tengah'),
(4190, 284, 'Praya Barat Daya'),
(4191, 284, 'Batukliang Utara'),
(4192, 285, 'Keruak'),
(4193, 285, 'Sakra'),
(4194, 285, 'Terara'),
(4195, 285, 'Sikur'),
(4196, 285, 'Masbagik'),
(4197, 285, 'Sukamulia'),
(4198, 285, 'Selong'),
(4199, 285, 'Pringgabaya'),
(4200, 285, 'Aikmel'),
(4201, 285, 'Sambelia (Sambalia)'),
(4202, 285, 'Montong Gading'),
(4203, 285, 'Pringgasela'),
(4204, 285, 'Suralaga'),
(4205, 285, 'Wanasaba'),
(4206, 285, 'Sembalun'),
(4207, 285, 'Suwela (Suela)'),
(4208, 285, 'Labuhan Haji'),
(4209, 285, 'Sakra Timur'),
(4210, 285, 'Sakra Barat'),
(4211, 285, 'Jerowaru'),
(4212, 285, 'Lenek'),
(4213, 286, 'Lunyuk'),
(4214, 286, 'Alas'),
(4215, 286, 'Utan'),
(4216, 286, 'Batu Lanteh (Batulanteh)'),
(4217, 286, 'Sumbawa'),
(4218, 286, 'Moyo Hilir'),
(4219, 286, 'Moyo Hulu'),
(4220, 286, 'Ropang'),
(4221, 286, 'Lape (Lape Lopok)'),
(4222, 286, 'Plampang'),
(4223, 286, 'Empang'),
(4224, 286, 'Alas Barat'),
(4225, 286, 'Labuhan Badas'),
(4226, 286, 'Labangka'),
(4227, 286, 'Buer'),
(4228, 286, 'Rhee'),
(4229, 286, 'Unter Iwes (Unterwiris)'),
(4230, 286, 'Moyo Utara'),
(4231, 286, 'Maronge'),
(4232, 286, 'Tarano'),
(4233, 286, 'Lopok'),
(4234, 286, 'Lenangguar'),
(4235, 286, 'Orong Telu'),
(4236, 286, 'Lantung'),
(4237, 287, 'Dompu'),
(4238, 287, 'Kempo'),
(4239, 287, 'Hu\'u'),
(4240, 287, 'Kilo'),
(4241, 287, 'Woja'),
(4242, 287, 'Pekat'),
(4243, 287, 'Manggalewa'),
(4244, 287, 'Pajo'),
(4245, 288, 'Monta'),
(4246, 288, 'Bolo'),
(4247, 288, 'Woha'),
(4248, 288, 'Belo'),
(4249, 288, 'Wawo'),
(4250, 288, 'Sape'),
(4251, 288, 'Wera'),
(4252, 288, 'Donggo'),
(4253, 288, 'Sanggar'),
(4254, 288, 'Ambalawi'),
(4255, 288, 'Langgudu'),
(4256, 288, 'Lambu'),
(4257, 288, 'Madapangga'),
(4258, 288, 'Tambora'),
(4259, 288, 'Soromandi'),
(4260, 288, 'Parado'),
(4261, 288, 'Lambitu'),
(4262, 288, 'Palibelo'),
(4263, 289, 'Jereweh'),
(4264, 289, 'Taliwang'),
(4265, 289, 'Seteluk (Sateluk)'),
(4266, 289, 'Sekongkang'),
(4267, 289, 'Brang Rea'),
(4268, 289, 'Poto Tano'),
(4269, 289, 'Brang Ene'),
(4270, 289, 'Maluk'),
(4271, 290, 'Tanjung'),
(4272, 290, 'Gangga'),
(4273, 290, 'Kayangan'),
(4274, 290, 'Bayan'),
(4275, 290, 'Pemenang'),
(4276, 291, 'Ampenan'),
(4277, 291, 'Mataram'),
(4278, 291, 'Cakranegara'),
(4279, 291, 'Sekarbela'),
(4280, 291, 'Selaprang (Selaparang)'),
(4281, 291, 'Sandubaya (Sandujaya)'),
(4282, 292, 'Rasanae Barat'),
(4283, 292, 'Rasanae Timur'),
(4284, 292, 'Asakota'),
(4285, 292, 'Raba'),
(4286, 292, 'Mpunda'),
(4287, 293, 'Semau'),
(4288, 293, 'Kupang Barat'),
(4289, 293, 'Kupang Timur'),
(4290, 293, 'Sulamu'),
(4291, 293, 'Kupang Tengah'),
(4292, 293, 'Amarasi'),
(4293, 293, 'Fatuleu'),
(4294, 293, 'Takari'),
(4295, 293, 'Amfoang Selatan'),
(4296, 293, 'Amfoang Utara'),
(4297, 293, 'Nekamese'),
(4298, 293, 'Amarasi Barat'),
(4299, 293, 'Amarasi Selatan'),
(4300, 293, 'Amarasi Timur'),
(4301, 293, 'Amabi Oefeto Timur'),
(4302, 293, 'Amfoang Barat Daya'),
(4303, 293, 'Amfoang Barat Laut'),
(4304, 293, 'Semau Selatan'),
(4305, 293, 'Taebenu'),
(4306, 293, 'Amabi Oefeto'),
(4307, 293, 'Amfoang Timur'),
(4308, 293, 'Fatuleu Barat'),
(4309, 293, 'Fatuleu Tengah'),
(4310, 293, 'Amfoang Tengah'),
(4311, 294, 'Kota Soe'),
(4312, 294, 'Mollo Selatan'),
(4313, 294, 'Mollo Utara'),
(4314, 294, 'Amanuban Timur'),
(4315, 294, 'Amanuban Tengah'),
(4316, 294, 'Amanuban Selatan'),
(4317, 294, 'Amanuban Barat'),
(4318, 294, 'Amanatun Selatan'),
(4319, 294, 'Amanatun Utara'),
(4320, 294, 'KI\'E (Kie, Ki\'e)'),
(4321, 294, 'Kuanfatu'),
(4322, 294, 'Fatumnasi'),
(4323, 294, 'Polen'),
(4324, 294, 'Batu Putih'),
(4325, 294, 'Boking'),
(4326, 294, 'Toianas'),
(4327, 294, 'Nunkolo'),
(4328, 294, 'Oenino'),
(4329, 294, 'Kolbano'),
(4330, 294, 'Kot Olin'),
(4331, 294, 'Kualin'),
(4332, 294, 'Mollo Barat'),
(4333, 294, 'Kok Baun'),
(4334, 294, 'Noebana'),
(4335, 294, 'Santian'),
(4336, 294, 'Noebeba'),
(4337, 294, 'Kuatnana'),
(4338, 294, 'Fautmolo'),
(4339, 294, 'Fatukopa'),
(4340, 294, 'Mollo Tengah'),
(4341, 294, 'Tobu'),
(4342, 294, 'Nunbena'),
(4343, 295, 'Miomaffo Timur (Miomafo Timur)'),
(4344, 295, 'Miomaffo Barat (Miomafo Barat)'),
(4345, 295, 'Biboki Selatan'),
(4346, 295, 'Noemuti'),
(4347, 295, 'Kota Kefamenanu'),
(4348, 295, 'Biboki Utara'),
(4349, 295, 'Biboki Anleu'),
(4350, 295, 'Insana'),
(4351, 295, 'Insana Utara'),
(4352, 295, 'Noemuti Timur'),
(4353, 295, 'Miomaffo Tengah (Miomafo Tengah)'),
(4354, 295, 'Musi'),
(4355, 295, 'Mutis'),
(4356, 295, 'Bikomi Selatan'),
(4357, 295, 'Bikomi Tengah'),
(4358, 295, 'Bikomi Nilulat'),
(4359, 295, 'Bikomi Utara'),
(4360, 295, 'Naibenu'),
(4361, 295, 'Insana Fafinesu'),
(4362, 295, 'Insana Barat'),
(4363, 295, 'Insana Tengah'),
(4364, 295, 'Biboki Tan Pah'),
(4365, 295, 'Biboki Moenleu'),
(4366, 295, 'Biboki Feotleu'),
(4367, 296, 'Lamaknen'),
(4368, 296, 'Tasifeto Timur'),
(4369, 296, 'Raihat'),
(4370, 296, 'Tasifeto Barat'),
(4371, 296, 'Kakuluk Mesak'),
(4372, 296, 'Kota Atambua (Atambua Kota)'),
(4373, 296, 'Raimanuk'),
(4374, 296, 'Lasiolat'),
(4375, 296, 'Lamaknen Selatan'),
(4376, 296, 'Atambua Barat'),
(4377, 296, 'Atambua Selatan'),
(4378, 296, 'Nanaet Duabesi'),
(4379, 297, 'Teluk Mutiara'),
(4380, 297, 'Alor Barat Laut'),
(4381, 297, 'Alor Barat Daya'),
(4382, 297, 'Alor Selatan'),
(4383, 297, 'Alor Timur'),
(4384, 297, 'Pantar'),
(4385, 297, 'Alor Tengah Utara'),
(4386, 297, 'Alor Timur Laut'),
(4387, 297, 'Pantar Barat'),
(4388, 297, 'Kabola'),
(4389, 297, 'Pulau Pura'),
(4390, 297, 'Mataru'),
(4391, 297, 'Pureman'),
(4392, 297, 'Pantar Timur'),
(4393, 297, 'Lembur'),
(4394, 297, 'Pantar Tengah'),
(4395, 297, 'Pantar Baru Laut'),
(4396, 297, 'Abad Selatan'),
(4397, 298, 'Wulanggitang'),
(4398, 298, 'Titehena'),
(4399, 298, 'Larantuka'),
(4400, 298, 'Ile Mandiri'),
(4401, 298, 'Tanjung Bunga'),
(4402, 298, 'Solor Barat'),
(4403, 298, 'Solor Timur'),
(4404, 298, 'Adonara Barat'),
(4405, 298, 'Wotan Ulumando'),
(4406, 298, 'Adonara Timur'),
(4407, 298, 'Kelubagolit'),
(4408, 298, 'Witihama'),
(4409, 298, 'Ile Boleng'),
(4410, 298, 'Demon Pagong'),
(4411, 298, 'Lewolema'),
(4412, 298, 'Ile Bura'),
(4413, 298, 'Adonara'),
(4414, 298, 'Adonara Tengah'),
(4415, 298, 'Solor Selatan'),
(4416, 299, 'Paga'),
(4417, 299, 'Mego'),
(4418, 299, 'Lela'),
(4419, 299, 'Nita'),
(4420, 299, 'Alok'),
(4421, 299, 'Palue'),
(4422, 299, 'Nelle (Maumerei)'),
(4423, 299, 'Talibura'),
(4424, 299, 'Waigete'),
(4425, 299, 'Kewapante'),
(4426, 299, 'Bola'),
(4427, 299, 'Magepanda'),
(4428, 299, 'Waiblama'),
(4429, 299, 'Alok Barat'),
(4430, 299, 'Alok Timur'),
(4431, 299, 'Koting'),
(4432, 299, 'Tana Wawo'),
(4433, 299, 'Hewokloang'),
(4434, 299, 'Kangae'),
(4435, 299, 'Doreng'),
(4436, 299, 'Mapitara'),
(4437, 300, 'Nangapanda'),
(4438, 300, 'Pulau Ende'),
(4439, 300, 'Ende'),
(4440, 300, 'Ende Selatan'),
(4441, 300, 'Ndona'),
(4442, 300, 'Detusoko'),
(4443, 300, 'Wewaria'),
(4444, 300, 'Wolowaru'),
(4445, 300, 'Wolojita'),
(4446, 300, 'Maurole'),
(4447, 300, 'Maukaro'),
(4448, 300, 'Lio Timur'),
(4449, 300, 'Kota Baru'),
(4450, 300, 'Kelimutu'),
(4451, 300, 'Detukeli'),
(4452, 300, 'Ndona Timur'),
(4453, 300, 'Ndori'),
(4454, 300, 'Ende Utara'),
(4455, 300, 'Ende Tengah'),
(4456, 300, 'Ende Timur'),
(4457, 300, 'Lepembusu Kelisoke'),
(4458, 301, 'Aimere'),
(4459, 301, 'Golewa'),
(4460, 301, 'Bajawa'),
(4461, 301, 'Soa'),
(4462, 301, 'Riung'),
(4463, 301, 'Jerebuu'),
(4464, 301, 'Riung Barat'),
(4465, 301, 'Bajawa Utara'),
(4466, 301, 'Wolomeze (Riung Selatan)'),
(4467, 301, 'Golewa Selatan'),
(4468, 301, 'Golewa Barat'),
(4469, 301, 'Inerie'),
(4470, 302, 'Wae Rii'),
(4471, 302, 'Ruteng'),
(4472, 302, 'Satar Mese'),
(4473, 302, 'Cibal'),
(4474, 302, 'Reok'),
(4475, 302, 'Langke Rembong'),
(4476, 302, 'Satar Mese Barat'),
(4477, 302, 'Rahong Utara'),
(4478, 302, 'Lelak'),
(4479, 302, 'Reok Barat'),
(4480, 302, 'Cibal Barat'),
(4481, 302, 'Satar Mese Utara'),
(4482, 303, 'Kota Waingapu'),
(4483, 303, 'Haharu'),
(4484, 303, 'Lewa'),
(4485, 303, 'Nggaha Ori Angu (Nggaha Oriangu)'),
(4486, 303, 'Tabundung'),
(4487, 303, 'Pinu Pahar (Pinupahar / Pirapahar)'),
(4488, 303, 'Pandawai'),
(4489, 303, 'Umalulu'),
(4490, 303, 'Rindi'),
(4491, 303, 'Pahunga Lodu'),
(4492, 303, 'Wulla Waijelu (Wula Waijelu)'),
(4493, 303, 'Paberiwai'),
(4494, 303, 'Karera'),
(4495, 303, 'Kahaungu Eti (Kahaunguweti)'),
(4496, 303, 'Matawai La Pawu (Lappau)'),
(4497, 303, 'Kambera'),
(4498, 303, 'Kambata Mapambuhang'),
(4499, 303, 'Lewa Tidahu'),
(4500, 303, 'Katala Hamu Lingu'),
(4501, 303, 'Kanatang'),
(4502, 303, 'Ngadu Ngala'),
(4503, 303, 'Mahu'),
(4504, 304, 'Tana Righu'),
(4505, 304, 'Loli'),
(4506, 304, 'Wanokaka'),
(4507, 304, 'Lamboya'),
(4508, 304, 'Kota Waikabubak'),
(4509, 304, 'Laboya Barat (Lamboya Barat)'),
(4510, 305, 'Naga Wutung'),
(4511, 305, 'Atadei'),
(4512, 305, 'Ile Ape'),
(4513, 305, 'Lebatukan'),
(4514, 305, 'Nubatukan'),
(4515, 305, 'Omesuri'),
(4516, 305, 'Buyasuri'),
(4517, 305, 'Wulandoni'),
(4518, 305, 'Ile Ape Timur'),
(4519, 306, 'Rote Barat Daya'),
(4520, 306, 'Rote Barat Laut'),
(4521, 306, 'Lobalain'),
(4522, 306, 'Rote Tengah'),
(4523, 306, 'Pantai Baru'),
(4524, 306, 'Rote Timur'),
(4525, 306, 'Rote Barat'),
(4526, 306, 'Rote Selatan'),
(4527, 306, 'Ndao Nuse'),
(4528, 306, 'Landu Leko'),
(4529, 306, 'Loaholu'),
(4530, 307, 'Macang Pacar'),
(4531, 307, 'Kuwus'),
(4532, 307, 'Lembor'),
(4533, 307, 'Sano Nggoang'),
(4534, 307, 'Komodo'),
(4535, 307, 'Boleng'),
(4536, 307, 'Welak'),
(4537, 307, 'Ndoso'),
(4538, 307, 'Lembor Selatan'),
(4539, 307, 'Mbeliling'),
(4540, 307, 'Pacar'),
(4541, 307, 'Kuwus Barat'),
(4542, 308, 'Aesesa'),
(4543, 308, 'Nangaroro'),
(4544, 308, 'Boawae'),
(4545, 308, 'Mauponggo'),
(4546, 308, 'Wolowae'),
(4547, 308, 'Keo Tengah'),
(4548, 308, 'Aesesa Selatan'),
(4549, 309, 'Katiku Tana'),
(4550, 309, 'Umbu Ratu Nggay Barat'),
(4551, 309, 'Mamboro'),
(4552, 309, 'Umbu Ratu Nggay'),
(4553, 309, 'Katiku Tana Selatan (Katikutana Selatan)'),
(4554, 309, 'Umbu Ratu Nggay Tengah'),
(4555, 310, 'Loura'),
(4556, 310, 'Wewewa Utara'),
(4557, 310, 'Wewewa Timur'),
(4558, 310, 'Wewewa Barat'),
(4559, 310, 'Wewewa Selatan'),
(4560, 310, 'Kodi Bangedo'),
(4561, 310, 'Kodi'),
(4562, 310, 'Kodi Utara'),
(4563, 310, 'Kota Tambolaka'),
(4564, 310, 'Wewewa Tengah'),
(4565, 310, 'Kodi Balaghar'),
(4566, 311, 'Borong'),
(4567, 311, 'Lamba Leda Selatan (Poco Ranaka)'),
(4568, 311, 'Lamba Leda'),
(4569, 311, 'Sambi Rampas'),
(4570, 311, 'Elar'),
(4571, 311, 'Kota Komba'),
(4572, 311, 'Rana Mese'),
(4573, 311, 'Lamba Leda Timur (Poco Ranaka Timur)'),
(4574, 311, 'Elar Selatan'),
(4575, 311, 'Kota Komba Utara'),
(4576, 311, 'Lamba Leda Utara'),
(4577, 311, 'Congkar'),
(4578, 312, 'Sabu Barat'),
(4579, 312, 'Sabu Tengah'),
(4580, 312, 'Sabu Timur'),
(4581, 312, 'Sabu Liae'),
(4582, 312, 'Hawu Mehara'),
(4583, 312, 'Raijua'),
(4584, 313, 'Malaka Tengah'),
(4585, 313, 'Malaka Barat'),
(4586, 313, 'Wewiku'),
(4587, 313, 'Weliman'),
(4588, 313, 'Rinhat'),
(4589, 313, 'Io Kufeu'),
(4590, 313, 'Sasitamean'),
(4591, 313, 'Laenmanen'),
(4592, 313, 'Malaka Timur'),
(4593, 313, 'Kobalima Timur'),
(4594, 313, 'Kobalima'),
(4595, 313, 'Botin Leobele'),
(4596, 314, 'Alak'),
(4597, 314, 'Maulafa'),
(4598, 314, 'Kelapa Lima'),
(4599, 314, 'Oebobo'),
(4600, 314, 'Kota Raja'),
(4601, 314, 'Kota Lama'),
(4602, 315, 'Sambas'),
(4603, 315, 'Teluk Keramat'),
(4604, 315, 'Jawai'),
(4605, 315, 'Tebas'),
(4606, 315, 'Pemangkat'),
(4607, 315, 'Sejangkung'),
(4608, 315, 'Selakau'),
(4609, 315, 'Paloh'),
(4610, 315, 'Sajingan Besar'),
(4611, 315, 'Subah'),
(4612, 315, 'Galing'),
(4613, 315, 'Tekarang'),
(4614, 315, 'Semparuk'),
(4615, 315, 'Sajad'),
(4616, 315, 'Sebawi'),
(4617, 315, 'Jawai Selatan'),
(4618, 315, 'Tangaran'),
(4619, 315, 'Salatiga'),
(4620, 315, 'Selakau Timur'),
(4621, 316, 'Mempawah Hilir'),
(4622, 316, 'Toho'),
(4623, 316, 'Sungai Pinyuh (Sei Pinyuh)'),
(4624, 316, 'Jongkat (Siantan)'),
(4625, 316, 'Sungai Kunyit'),
(4626, 316, 'Segedong'),
(4627, 316, 'Anjongan'),
(4628, 316, 'Sadaniang'),
(4629, 316, 'Mempawah Timur'),
(4630, 317, 'Kapuas (Sanggau Kapuas)'),
(4631, 317, 'Mukok'),
(4632, 317, 'Noyan'),
(4633, 317, 'Jangkang'),
(4634, 317, 'Bonti'),
(4635, 317, 'Beduai (Beduwai)'),
(4636, 317, 'Sekayam'),
(4637, 317, 'Kembayan'),
(4638, 317, 'Parindu'),
(4639, 317, 'Tayan Hulu'),
(4640, 317, 'Tayan Hilir'),
(4641, 317, 'Balai'),
(4642, 317, 'Toba'),
(4643, 317, 'Meliau'),
(4644, 317, 'Entikong'),
(4645, 318, 'Matan Hilir Utara'),
(4646, 318, 'Marau'),
(4647, 318, 'Manis Mata'),
(4648, 318, 'Kendawangan'),
(4649, 318, 'Sandai'),
(4650, 318, 'Sungai Laur'),
(4651, 318, 'Simpang Hulu'),
(4652, 318, 'Nanga Tayap'),
(4653, 318, 'Matan Hilir Selatan'),
(4654, 318, 'Tumbang Titi'),
(4655, 318, 'Jelai Hulu'),
(4656, 318, 'Delta Pawan'),
(4657, 318, 'Muara Pawan'),
(4658, 318, 'Benua Kayong'),
(4659, 318, 'Hulu Sungai'),
(4660, 318, 'Simpang Dua'),
(4661, 318, 'Air Upas'),
(4662, 318, 'Singkup'),
(4663, 318, 'Pemahan'),
(4664, 318, 'Sungai Melayu Rayak'),
(4665, 319, 'Sintang'),
(4666, 319, 'Tempunak'),
(4667, 319, 'Sepauk'),
(4668, 319, 'Ketungau Hilir'),
(4669, 319, 'Ketungau Tengah'),
(4670, 319, 'Ketungau Hulu'),
(4671, 319, 'Dedai'),
(4672, 319, 'Kayan Hilir'),
(4673, 319, 'Kayan Hulu'),
(4674, 319, 'Serawai'),
(4675, 319, 'Ambalau'),
(4676, 319, 'Kelam Permai'),
(4677, 319, 'Sungai Tebelian'),
(4678, 319, 'Binjai Hulu'),
(4679, 320, 'Putussibau Utara'),
(4680, 320, 'Bika'),
(4681, 320, 'Embaloh Hilir'),
(4682, 320, 'Embaloh Hulu'),
(4683, 320, 'Bunut Hilir'),
(4684, 320, 'Bunut Hulu'),
(4685, 320, 'Jongkong (Jengkong)'),
(4686, 320, 'Hulu Gurung'),
(4687, 320, 'Selimbau'),
(4688, 320, 'Semitau'),
(4689, 320, 'Seberuang'),
(4690, 320, 'Batang Lupar'),
(4691, 320, 'Empanang'),
(4692, 320, 'Badau'),
(4693, 320, 'Silat Hilir'),
(4694, 320, 'Silat Hulu'),
(4695, 320, 'Putussibau Selatan'),
(4696, 320, 'Kalis'),
(4697, 320, 'Boyan Tanjung'),
(4698, 320, 'Mentebah'),
(4699, 320, 'Pengkadan (Batu Datu)'),
(4700, 320, 'Suhaid'),
(4701, 320, 'Puring Kencana'),
(4702, 321, 'Sungai Raya'),
(4703, 321, 'Samalantan'),
(4704, 321, 'Ledo'),
(4705, 321, 'Bengkayang'),
(4706, 321, 'Seluas'),
(4707, 321, 'Sanggau Ledo'),
(4708, 321, 'Jagoi Babang'),
(4709, 321, 'Monterado'),
(4710, 321, 'Teriak'),
(4711, 321, 'Suti Semarang'),
(4712, 321, 'Capkala'),
(4713, 321, 'Siding'),
(4714, 321, 'Lumar'),
(4715, 321, 'Sungai Betung'),
(4716, 321, 'Sungai Raya Kepulauan'),
(4717, 321, 'Lembah Bawang'),
(4718, 321, 'Tujuh Belas'),
(4719, 322, 'Ngabang'),
(4720, 322, 'Mempawah Hulu'),
(4721, 322, 'Menjalin'),
(4722, 322, 'Mandor'),
(4723, 322, 'Air Besar'),
(4724, 322, 'Menyuke'),
(4725, 322, 'Sengah Temila'),
(4726, 322, 'Meranti'),
(4727, 322, 'Kuala Behe'),
(4728, 322, 'Sebangki'),
(4729, 322, 'Jelimpo'),
(4730, 322, 'Banyuke Hulu'),
(4731, 322, 'Sompak'),
(4732, 323, 'Sekadau Hilir'),
(4733, 323, 'Sekadau Hulu'),
(4734, 323, 'Nanga Taman'),
(4735, 323, 'Nanga Mahap'),
(4736, 323, 'Belitang Hilir'),
(4737, 323, 'Belitang Hulu'),
(4738, 323, 'Belitang'),
(4739, 324, 'Belimbing'),
(4740, 324, 'Nanga Pinoh'),
(4741, 324, 'Ella Hilir'),
(4742, 324, 'Menukung'),
(4743, 324, 'Sayan'),
(4744, 324, 'Tanah Pinoh'),
(4745, 324, 'Sokan'),
(4746, 324, 'Pinoh Utara'),
(4747, 324, 'Pinoh Selatan'),
(4748, 324, 'Belimbing Hulu'),
(4749, 324, 'Tanah Pinoh Barat'),
(4750, 325, 'Sukadana'),
(4751, 325, 'Simpang Hilir'),
(4752, 325, 'Teluk Batang'),
(4753, 325, 'Pulau Maya (Pulau Maya Karimata)'),
(4754, 325, 'Seponti'),
(4755, 325, 'Kepulauan Karimata'),
(4756, 326, 'Sungai Raya'),
(4757, 326, 'Kuala Mandor B'),
(4758, 326, 'Sungai Ambawang'),
(4759, 326, 'Terentang'),
(4760, 326, 'Batu Ampar'),
(4761, 326, 'Kubu'),
(4762, 326, 'Rasau Jaya'),
(4763, 326, 'Teluk Pakedai'),
(4764, 326, 'Sungai Kakap'),
(4765, 327, 'Pontianak Selatan'),
(4766, 327, 'Pontianak Timur'),
(4767, 327, 'Pontianak Barat'),
(4768, 327, 'Pontianak Utara'),
(4769, 327, 'Pontianak Kota'),
(4770, 327, 'Pontianak Tenggara'),
(4771, 328, 'Singkawang Tengah'),
(4772, 328, 'Singkawang Barat'),
(4773, 328, 'Singkawang Timur'),
(4774, 328, 'Singkawang Utara'),
(4775, 328, 'Singkawang Selatan'),
(4776, 329, 'Kumai'),
(4777, 329, 'Arut Selatan'),
(4778, 329, 'Kotawaringin Lama'),
(4779, 329, 'Arut Utara'),
(4780, 329, 'Pangkalan Lada'),
(4781, 329, 'Pangkalan Banteng'),
(4782, 330, 'Kota Besi'),
(4783, 330, 'Cempaga'),
(4784, 330, 'Mentaya Hulu'),
(4785, 330, 'Parenggean'),
(4786, 330, 'Baamang'),
(4787, 330, 'Mentawa Baru Ketapang'),
(4788, 330, 'Mentaya Hilir Utara'),
(4789, 330, 'Mentaya Hilir Selatan'),
(4790, 330, 'Pulau Hanaut'),
(4791, 330, 'Antang Kalang'),
(4792, 330, 'Teluk Sampit'),
(4793, 330, 'Seranau'),
(4794, 330, 'Cempaga Hulu'),
(4795, 330, 'Telawang'),
(4796, 330, 'Bukit Santuai (Bukit Santuei)'),
(4797, 330, 'Tualan Hulu'),
(4798, 330, 'Telaga Antang'),
(4799, 331, 'Selat'),
(4800, 331, 'Kapuas Hilir'),
(4801, 331, 'Kapuas Timur'),
(4802, 331, 'Kapuas Kuala'),
(4803, 331, 'Kapuas Barat'),
(4804, 331, 'Pulau Petak'),
(4805, 331, 'Kapuas Murung'),
(4806, 331, 'Basarang'),
(4807, 331, 'Mantangai'),
(4808, 331, 'Timpah'),
(4809, 331, 'Kapuas Tengah'),
(4810, 331, 'Kapuas Hulu'),
(4811, 331, 'Tamban Catur'),
(4812, 331, 'Pasak Talawang'),
(4813, 331, 'Mandau Talawang'),
(4814, 331, 'Dadahup'),
(4815, 331, 'Bataguh'),
(4816, 332, 'Jenamas'),
(4817, 332, 'Dusun Hilir'),
(4818, 332, 'Karau Kuala'),
(4819, 332, 'Dusun Utara'),
(4820, 332, 'Gn. Bintang Awai (Gunung Bintang Awai)'),
(4821, 332, 'Dusun Selatan'),
(4822, 333, 'Montallat (Montalat)'),
(4823, 333, 'Gunung Timang'),
(4824, 333, 'Gunung Purei'),
(4825, 333, 'Teweh Timur'),
(4826, 333, 'Teweh Tengah'),
(4827, 333, 'Lahei'),
(4828, 333, 'Teweh Baru'),
(4829, 333, 'Teweh Selatan'),
(4830, 333, 'Lahei Barat'),
(4831, 334, 'Kamipang'),
(4832, 334, 'Katingan Hilir'),
(4833, 334, 'Tewang Sangalang Garing'),
(4834, 334, 'Pulau Malan'),
(4835, 334, 'Katingan Tengah'),
(4836, 334, 'Sanaman Mantikei (Senamang Mantikei)'),
(4837, 334, 'Marikit'),
(4838, 334, 'Katingan Hulu'),
(4839, 334, 'Mendawai'),
(4840, 334, 'Katingan Kuala'),
(4841, 334, 'Tasik Payawan'),
(4842, 334, 'Petak Malai'),
(4843, 334, 'Bukit Raya'),
(4844, 335, 'Seruyan Hilir'),
(4845, 335, 'Seruyan Tengah'),
(4846, 335, 'Danau Sembuluh'),
(4847, 335, 'Hanau'),
(4848, 335, 'Seruyan Hulu'),
(4849, 335, 'Seruyan Hilir Timur'),
(4850, 335, 'Seruyan Raya'),
(4851, 335, 'Danau Seluluk'),
(4852, 335, 'Batu Ampar'),
(4853, 335, 'Suling Tambun'),
(4854, 336, 'Sukamara'),
(4855, 336, 'Jelai'),
(4856, 336, 'Balai Riam'),
(4857, 336, 'Pantai Lunci'),
(4858, 336, 'Permata Kecubung'),
(4859, 337, 'Lamandau'),
(4860, 337, 'Delang'),
(4861, 337, 'Bulik'),
(4862, 337, 'Bulik Timur'),
(4863, 337, 'Menthobi Raya'),
(4864, 337, 'Sematu Jaya'),
(4865, 337, 'Belantikan Raya'),
(4866, 337, 'Batang Kawa'),
(4867, 338, 'Sepang (Sepang Simin)'),
(4868, 338, 'Kurun'),
(4869, 338, 'Tewah'),
(4870, 338, 'Kahayan Hulu Utara'),
(4871, 338, 'Rungan'),
(4872, 338, 'Manuhing'),
(4873, 338, 'Mihing Raya'),
(4874, 338, 'Damang Batu'),
(4875, 338, 'Miri Manasa'),
(4876, 338, 'Rungan Hulu'),
(4877, 338, 'Manuhing Raya (Mahuning Raya)'),
(4878, 338, 'Rungan Barat'),
(4879, 339, 'Pandih Batu'),
(4880, 339, 'Kahayan Kuala'),
(4881, 339, 'Kahayan Tengah'),
(4882, 339, 'Banama Tingang'),
(4883, 339, 'Kahayan Hilir'),
(4884, 339, 'Maliku'),
(4885, 339, 'Jabiren Raya'),
(4886, 339, 'Sebangau Kuala'),
(4887, 340, 'Murung'),
(4888, 340, 'Tanah Siang'),
(4889, 340, 'Laung Tuhup'),
(4890, 340, 'Permata Intan'),
(4891, 340, 'Sumber Barito'),
(4892, 340, 'Barito Tuhup Raya'),
(4893, 340, 'Tanah Siang Selatan'),
(4894, 340, 'Sungai Babuat'),
(4895, 340, 'Seribu Riam'),
(4896, 340, 'Uut Murung'),
(4897, 341, 'Dusun Timur'),
(4898, 341, 'Banua Lima'),
(4899, 341, 'Patangkep Tutui'),
(4900, 341, 'Awang'),
(4901, 341, 'Dusun Tengah'),
(4902, 341, 'Pematang Karau'),
(4903, 341, 'Paju Epat'),
(4904, 341, 'Raren Batuah'),
(4905, 341, 'Paku'),
(4906, 341, 'Karusen Janang'),
(4907, 342, 'Pahandut'),
(4908, 342, 'Bukit Batu'),
(4909, 342, 'Jekan Raya'),
(4910, 342, 'Sabangau (Sebangau)'),
(4911, 342, 'Rakumpit'),
(4912, 343, 'Takisung'),
(4913, 343, 'Jorong'),
(4914, 343, 'Pelaihari'),
(4915, 343, 'Kurau'),
(4916, 343, 'Bati Bati'),
(4917, 343, 'Panyipatan'),
(4918, 343, 'Kintap'),
(4919, 343, 'Tambang Ulang'),
(4920, 343, 'Batu Ampar'),
(4921, 343, 'Bajuin'),
(4922, 343, 'Bumi Makmur'),
(4923, 344, 'Pulau Sembilan (Pulausembilan)'),
(4924, 344, 'Pulau Laut Barat (Pulaulaut Barat)'),
(4925, 344, 'Pulau Laut Selatan (Pulaulaut Selatan)'),
(4926, 344, 'Pulau Laut Timur (Pulaulaut Timur)'),
(4927, 344, 'Pulau Sebuku (Pulausebuku)'),
(4928, 344, 'Pulau Laut Utara (Pulaulaut Utara)'),
(4929, 344, 'Kelumpang Selatan'),
(4930, 344, 'Kelumpang Hulu'),
(4931, 344, 'Kelumpang Tengah'),
(4932, 344, 'Kelumpang Utara'),
(4933, 344, 'Pamukan Selatan'),
(4934, 344, 'Sampanahan'),
(4935, 344, 'Pamukan Utara'),
(4936, 344, 'Hampang'),
(4937, 344, 'Sungai Durian (Sungaidurian)'),
(4938, 344, 'Pulau Laut Tengah (Pulaulaut Tengah)'),
(4939, 344, 'Kelumpang Hilir'),
(4940, 344, 'Kelumpang Barat'),
(4941, 344, 'Pamukan Barat'),
(4942, 344, 'Pulau Laut Kepulauan (Pulaulaut Kepulauan)'),
(4943, 344, 'Pulau Laut Tanjung Selayar'),
(4944, 344, 'Pulaulaut Sigam'),
(4945, 345, 'Aluh Aluh'),
(4946, 345, 'Kertak Hanyar'),
(4947, 345, 'Gambut'),
(4948, 345, 'Sungai Tabuk'),
(4949, 345, 'Martapura (Martapura Kota)'),
(4950, 345, 'Karang Intan'),
(4951, 345, 'Astambul'),
(4952, 345, 'Simpang Empat'),
(4953, 345, 'Pengaron (Pengarom)'),
(4954, 345, 'Sungai Pinang'),
(4955, 345, 'Aranio'),
(4956, 345, 'Mataraman'),
(4957, 345, 'Beruntung Baru'),
(4958, 345, 'Martapura Barat'),
(4959, 345, 'Martapura Timur'),
(4960, 345, 'Sambung Makmur'),
(4961, 345, 'Paramasan (Peramasan)'),
(4962, 345, 'Telaga Bauntung'),
(4963, 345, 'Tatah Makmur'),
(4964, 345, 'Cintapuri Darussalam'),
(4965, 346, 'Tabunganen'),
(4966, 346, 'Tamban'),
(4967, 346, 'Anjir Pasar'),
(4968, 346, 'Anjir Muara'),
(4969, 346, 'Alalak'),
(4970, 346, 'Mandastana'),
(4971, 346, 'Rantau Badauh'),
(4972, 346, 'Belawang'),
(4973, 346, 'Cerbon'),
(4974, 346, 'Bakumpai'),
(4975, 346, 'Kuripan'),
(4976, 346, 'Tabukan'),
(4977, 346, 'Mekarsari (Mekar Sari)'),
(4978, 346, 'Barambai'),
(4979, 346, 'Marabahan'),
(4980, 346, 'Wanaraya'),
(4981, 346, 'Jejangkit'),
(4982, 347, 'Binuang'),
(4983, 347, 'Tapin Selatan'),
(4984, 347, 'Tapin Tengah'),
(4985, 347, 'Tapin Utara'),
(4986, 347, 'Candi Laras Selatan'),
(4987, 347, 'Candi Laras Utara'),
(4988, 347, 'Bakarangan'),
(4989, 347, 'Piani'),
(4990, 347, 'Bungur'),
(4991, 347, 'Lokpaikat'),
(4992, 347, 'Salam Babaris'),
(4993, 347, 'Hatungun'),
(4994, 348, 'Sungai Raya'),
(4995, 348, 'Padang Batung'),
(4996, 348, 'Telaga Langsat'),
(4997, 348, 'Angkinang'),
(4998, 348, 'Kandangan'),
(4999, 348, 'Simpur'),
(5000, 348, 'Daha Selatan'),
(5001, 348, 'Daha Utara'),
(5002, 348, 'Kalumpang (Kelumpang)'),
(5003, 348, 'Loksado'),
(5004, 348, 'Daha Barat'),
(5005, 349, 'Haruyan'),
(5006, 349, 'Batu Benawa'),
(5007, 349, 'Labuan Amas Selatan'),
(5008, 349, 'Labuan Amas Utara'),
(5009, 349, 'Pandawan'),
(5010, 349, 'Barabai'),
(5011, 349, 'Batang Alai Selatan'),
(5012, 349, 'Batang Alai Utara'),
(5013, 349, 'Hantakan'),
(5014, 349, 'Batang Alai Timur'),
(5015, 349, 'Limpasu'),
(5016, 350, 'Danau Panggang'),
(5017, 350, 'Babirik'),
(5018, 350, 'Sungai Pandan'),
(5019, 350, 'Amuntai Selatan'),
(5020, 350, 'Amuntai Tengah'),
(5021, 350, 'Amuntai Utara'),
(5022, 350, 'Banjang'),
(5023, 350, 'Haur Gading'),
(5024, 350, 'Paminggir'),
(5025, 350, 'Sungai Tabukan'),
(5026, 351, 'Banua Lawas'),
(5027, 351, 'Kelua (Klua)'),
(5028, 351, 'Tanta'),
(5029, 351, 'Tanjung'),
(5030, 351, 'Haruai'),
(5031, 351, 'Murung Pudak'),
(5032, 351, 'Muara Uya'),
(5033, 351, 'Muara Harus'),
(5034, 351, 'Pugaan'),
(5035, 351, 'Upau'),
(5036, 351, 'Jaro'),
(5037, 351, 'Bintang Ara'),
(5038, 352, 'Batu Licin (Batulicin)'),
(5039, 352, 'Kusan Hilir'),
(5040, 352, 'Sungai Loban'),
(5041, 352, 'Satui'),
(5042, 352, 'Kusan Hulu'),
(5043, 352, 'Simpang Empat'),
(5044, 352, 'Karang Bintang'),
(5045, 352, 'Mantewe'),
(5046, 352, 'Angsana'),
(5047, 352, 'Kuranji'),
(5048, 352, 'Kusan Tengah'),
(5049, 352, 'Teluk Kepayang'),
(5050, 353, 'Juai'),
(5051, 353, 'Halong'),
(5052, 353, 'Awayan'),
(5053, 353, 'Batu Mandi'),
(5054, 353, 'Lampihong'),
(5055, 353, 'Paringin'),
(5056, 353, 'Paringin Selatan'),
(5057, 353, 'Tebing Tinggi'),
(5058, 354, 'Banjarmasin Selatan'),
(5059, 354, 'Banjarmasin Timur'),
(5060, 354, 'Banjarmasin Barat'),
(5061, 354, 'Banjarmasin Utara'),
(5062, 354, 'Banjarmasin Tengah'),
(5063, 355, 'Landasan Ulin'),
(5064, 355, 'Cempaka'),
(5065, 355, 'Banjarbaru Utara (Banjar Baru Utara)'),
(5066, 355, 'Banjarbaru Selatan (Banjar Baru Selatan)'),
(5067, 355, 'Liang Anggang'),
(5068, 356, 'Batu Sopang'),
(5069, 356, 'Tanjung Harapan'),
(5070, 356, 'Paser Belengkong (Pasir Belengkong)'),
(5071, 356, 'Tanah Grogot'),
(5072, 356, 'Kuaro'),
(5073, 356, 'Long Ikis'),
(5074, 356, 'Muara Komam'),
(5075, 356, 'Long Kali'),
(5076, 356, 'Batu Engau'),
(5077, 356, 'Muara Samu'),
(5078, 357, 'Muara Muntai'),
(5079, 357, 'Loa Kulu'),
(5080, 357, 'Loa Janan'),
(5081, 357, 'Anggana'),
(5082, 357, 'Muara Badak'),
(5083, 357, 'Tenggarong'),
(5084, 357, 'Sebulu'),
(5085, 357, 'Kota Bangun'),
(5086, 357, 'Kenohan'),
(5087, 357, 'Kembang Janggut'),
(5088, 357, 'Muara Kaman'),
(5089, 357, 'Tabang'),
(5090, 357, 'Samboja (Semboja)'),
(5091, 357, 'Muara Jawa'),
(5092, 357, 'Sanga Sanga'),
(5093, 357, 'Tenggarong Seberang'),
(5094, 357, 'Marang Kayu'),
(5095, 357, 'Muara Wis'),
(5096, 357, 'Kota Bangun Darat'),
(5097, 357, 'Samboja Barat'),
(5098, 358, 'Kelay'),
(5099, 358, 'Talisayan'),
(5100, 358, 'Sambaliung'),
(5101, 358, 'Segah'),
(5102, 358, 'Tanjung Redeb'),
(5103, 358, 'Gunung Tabur'),
(5104, 358, 'Pulau Derawan'),
(5105, 358, 'Biduk-Biduk'),
(5106, 358, 'Teluk Bayur'),
(5107, 358, 'Tabalar'),
(5108, 358, 'Maratua'),
(5109, 358, 'Batu Putih'),
(5110, 358, 'Biatan'),
(5111, 359, 'Long Iram'),
(5112, 359, 'Melak'),
(5113, 359, 'Barong Tongkok'),
(5114, 359, 'Damai'),
(5115, 359, 'Muara Lawa'),
(5116, 359, 'Muara Pahu'),
(5117, 359, 'Jempang'),
(5118, 359, 'Bongan'),
(5119, 359, 'Penyinggahan'),
(5120, 359, 'Bentian Besar'),
(5121, 359, 'Linggang Bigung'),
(5122, 359, 'Nyuatan'),
(5123, 359, 'Siluq Ngurai'),
(5124, 359, 'Mook Manaar Bulatn'),
(5125, 359, 'Tering'),
(5126, 359, 'Sekolaq Darat'),
(5127, 360, 'Muara Ancalong'),
(5128, 360, 'Muara Wahau'),
(5129, 360, 'Muara Bengkal'),
(5130, 360, 'Sangatta Utara'),
(5131, 360, 'Sangkulirang'),
(5132, 360, 'Busang'),
(5133, 360, 'Telen'),
(5134, 360, 'Kombeng (Kongbeng)'),
(5135, 360, 'Bengalon'),
(5136, 360, 'Kaliorang'),
(5137, 360, 'Sandaran'),
(5138, 360, 'Sangatta Selatan'),
(5139, 360, 'Teluk Pandan'),
(5140, 360, 'Rantau Pulung'),
(5141, 360, 'Kaubun'),
(5142, 360, 'Karangan'),
(5143, 360, 'Batu Ampar'),
(5144, 360, 'Long Mesangat'),
(5145, 361, 'Penajam'),
(5146, 361, 'Waru'),
(5147, 361, 'Babulu'),
(5148, 361, 'Sepaku'),
(5149, 362, 'Long Bagun'),
(5150, 362, 'Long Hubung'),
(5151, 362, 'Laham'),
(5152, 362, 'Long Apari'),
(5153, 362, 'Long Pahangai'),
(5154, 363, 'Balikpapan Timur'),
(5155, 363, 'Balikpapan Barat'),
(5156, 363, 'Balikpapan Utara'),
(5157, 363, 'Balikpapan Tengah'),
(5158, 363, 'Balikpapan Selatan'),
(5159, 363, 'Balikpapan Kota'),
(5160, 364, 'Palaran'),
(5161, 364, 'Samarinda Seberang'),
(5162, 364, 'Samarinda Ulu'),
(5163, 364, 'Samarinda Ilir'),
(5164, 364, 'Samarinda Utara'),
(5165, 364, 'Sungai Kunjang'),
(5166, 364, 'Sambutan'),
(5167, 364, 'Sungai Pinang'),
(5168, 364, 'Samarinda Kota'),
(5169, 364, 'Loa Janan Ilir'),
(5170, 365, 'Bontang Utara'),
(5171, 365, 'Bontang Selatan'),
(5172, 365, 'Bontang Barat'),
(5173, 366, 'Tanjung Palas'),
(5174, 366, 'Tanjung Palas Barat'),
(5175, 366, 'Tanjung Palas Utara'),
(5176, 366, 'Tanjung Palas Timur'),
(5177, 366, 'Tanjung Selor'),
(5178, 366, 'Tanjung Palas Tengah'),
(5179, 366, 'Peso'),
(5180, 366, 'Peso Hilir (Ilir)'),
(5181, 366, 'Sekatak'),
(5182, 366, 'Bunyu (Pulau Bunyu)'),
(5183, 367, 'Mentarang'),
(5184, 367, 'Malinau Kota'),
(5185, 367, 'Pujungan'),
(5186, 367, 'Kayan Hilir'),
(5187, 367, 'Kayan Hulu'),
(5188, 367, 'Malinau Selatan'),
(5189, 367, 'Malinau Utara'),
(5190, 367, 'Malinau Barat'),
(5191, 367, 'Sungai Boh'),
(5192, 367, 'Kayan Selatan'),
(5193, 367, 'Bahau Hulu'),
(5194, 367, 'Mentarang Hulu'),
(5195, 367, 'Malinau Selatan Hilir'),
(5196, 367, 'Malinau Selatan Hulu'),
(5197, 367, 'Sungai Tubu'),
(5198, 368, 'Sebatik'),
(5199, 368, 'Nunukan'),
(5200, 368, 'Sembakung'),
(5201, 368, 'Lumbis'),
(5202, 368, 'Krayan'),
(5203, 368, 'Sebuku'),
(5204, 368, 'Krayan Selatan'),
(5205, 368, 'Sebatik Barat'),
(5206, 368, 'Nunukan Selatan'),
(5207, 368, 'Sebatik Timur'),
(5208, 368, 'Sebatik Utara'),
(5209, 368, 'Sebatik Tengah'),
(5210, 368, 'Sei Menggaris'),
(5211, 368, 'Tulin Onsoi'),
(5212, 368, 'Lumbis Ogong'),
(5213, 368, 'Sembakung Atulai'),
(5214, 368, 'Krayan Tengah'),
(5215, 368, 'Krayan Timur'),
(5216, 368, 'Krayan Barat'),
(5217, 368, 'Lumbis Pansiangan'),
(5218, 368, 'Lumbis Hulu'),
(5219, 369, 'Sesayap'),
(5220, 369, 'Sesayap Hilir'),
(5221, 369, 'Tana Lia'),
(5222, 369, 'Betayau'),
(5223, 369, 'Muruk Rian'),
(5224, 370, 'Tarakan Barat'),
(5225, 370, 'Tarakan Tengah'),
(5226, 370, 'Tarakan Timur'),
(5227, 370, 'Tarakan Utara'),
(5228, 371, 'Sang Tombolang'),
(5229, 371, 'Dumoga Barat'),
(5230, 371, 'Dumoga Timur'),
(5231, 371, 'Dumoga Utara'),
(5232, 371, 'Lolak'),
(5233, 371, 'Bolaang'),
(5234, 371, 'Lolayan'),
(5235, 371, 'Passi Barat'),
(5236, 371, 'Poigar'),
(5237, 371, 'Passi Timur'),
(5238, 371, 'Bolaang Timur'),
(5239, 371, 'Bilalang'),
(5240, 371, 'Dumoga'),
(5241, 371, 'Dumoga Tenggara'),
(5242, 371, 'Dumoga Tengah'),
(5243, 372, 'Tondano Barat'),
(5244, 372, 'Tondano Timur'),
(5245, 372, 'Eris'),
(5246, 372, 'Kombi'),
(5247, 372, 'Lembean Timur'),
(5248, 372, 'Kakas'),
(5249, 372, 'Tompaso'),
(5250, 372, 'Remboken'),
(5251, 372, 'Langowan Timur'),
(5252, 372, 'Langowan Barat'),
(5253, 372, 'Sonder'),
(5254, 372, 'Kawangkoan'),
(5255, 372, 'Pineleng'),
(5256, 372, 'Tombulu'),
(5257, 372, 'Tombariri'),
(5258, 372, 'Tondano Utara'),
(5259, 372, 'Langowan Selatan'),
(5260, 372, 'Tondano Selatan'),
(5261, 372, 'Langowan Utara'),
(5262, 372, 'Kakas Barat'),
(5263, 372, 'Kawangkoan Utara'),
(5264, 372, 'Kawangkoan Barat'),
(5265, 372, 'Mandolang'),
(5266, 372, 'Tombariri Timur'),
(5267, 372, 'Tompaso Barat'),
(5268, 373, 'Tabukan Utara'),
(5269, 373, 'Nusa Tabukan'),
(5270, 373, 'Manganitu Selatan'),
(5271, 373, 'Tatoareng'),
(5272, 373, 'Tamako'),
(5273, 373, 'Manganitu'),
(5274, 373, 'Tabukan Tengah'),
(5275, 373, 'Tabukan Selatan'),
(5276, 373, 'Kendahe'),
(5277, 373, 'Tahuna'),
(5278, 373, 'Tabukan Selatan Tengah'),
(5279, 373, 'Tabukan Selatan Tenggara'),
(5280, 373, 'Tahuna Barat'),
(5281, 373, 'Tahuna Timur'),
(5282, 373, 'Kepulauan Marore'),
(5283, 374, 'Lirung'),
(5284, 374, 'Beo'),
(5285, 374, 'Rainis'),
(5286, 374, 'Essang'),
(5287, 374, 'Nanusa'),
(5288, 374, 'Kabaruan'),
(5289, 374, 'Melonguane'),
(5290, 374, 'Gemeh'),
(5291, 374, 'Damau (Damao)'),
(5292, 374, 'Tampan\' Amma (Tampan Amma)'),
(5293, 374, 'Salibabu'),
(5294, 374, 'Kalongan'),
(5295, 374, 'Miangas'),
(5296, 374, 'Beo Utara'),
(5297, 374, 'Pulutan'),
(5298, 374, 'Melonguane Timur'),
(5299, 374, 'Moronge'),
(5300, 374, 'Beo Selatan'),
(5301, 374, 'Essang Selatan'),
(5302, 375, 'Modoinding'),
(5303, 375, 'Tompaso Baru'),
(5304, 375, 'Ranoyapo'),
(5305, 375, 'Motoling'),
(5306, 375, 'Sinonsayang'),
(5307, 375, 'Tenga'),
(5308, 375, 'Amurang'),
(5309, 375, 'Tumpaan'),
(5310, 375, 'Tareran'),
(5311, 375, 'Kumelembuai'),
(5312, 375, 'Maesaan'),
(5313, 375, 'Amurang Barat'),
(5314, 375, 'Amurang Timur'),
(5315, 375, 'Tatapaan'),
(5316, 375, 'Motoling Barat'),
(5317, 375, 'Motoling Timur'),
(5318, 375, 'Suluun Tareran'),
(5319, 376, 'Kema'),
(5320, 376, 'Kauditan'),
(5321, 376, 'Airmadidi'),
(5322, 376, 'Wori'),
(5323, 376, 'Dimembe'),
(5324, 376, 'Likupang Barat'),
(5325, 376, 'Likupang Timur'),
(5326, 376, 'Kalawat'),
(5327, 376, 'Talawaan'),
(5328, 376, 'Likupang Selatan'),
(5329, 377, 'Ratahan'),
(5330, 377, 'Pusomaen'),
(5331, 377, 'Belang'),
(5332, 377, 'Ratatotok'),
(5333, 377, 'Tombatu'),
(5334, 377, 'Touluaan'),
(5335, 377, 'Touluaan Selatan'),
(5336, 377, 'Silian Raya'),
(5337, 377, 'Tombatu Timur'),
(5338, 377, 'Tombatu Utara'),
(5339, 377, 'Pasan'),
(5340, 377, 'Ratahan Timur'),
(5341, 378, 'Sangkub'),
(5342, 378, 'Bintauna'),
(5343, 378, 'Bolangitang Timur (Bolang Itang Timur)'),
(5344, 378, 'Bolangitang Barat (Bolang Itang Barat)'),
(5345, 378, 'Kaidipang'),
(5346, 378, 'Pinogaluman'),
(5347, 379, 'Siau Timur'),
(5348, 379, 'Siau Barat'),
(5349, 379, 'Tagulandang'),
(5350, 379, 'Siau Timur Selatan'),
(5351, 379, 'Siau Barat Selatan'),
(5352, 379, 'Tagulandang Utara'),
(5353, 379, 'Biaro'),
(5354, 379, 'Siau Barat Utara'),
(5355, 379, 'Siau Tengah'),
(5356, 379, 'Tagulandang Selatan'),
(5357, 380, 'Tutuyan'),
(5358, 380, 'Kotabunan'),
(5359, 380, 'Nuangan'),
(5360, 380, 'Modayag'),
(5361, 380, 'Modayag Barat'),
(5362, 380, 'Motongkad'),
(5363, 380, 'Mooat'),
(5364, 381, 'Bolaang Uki'),
(5365, 381, 'Posigadan'),
(5366, 381, 'Pinolosian'),
(5367, 381, 'Pinolosian Tengah'),
(5368, 381, 'Pinolosian Timur'),
(5369, 381, 'Helumo'),
(5370, 381, 'Tomini'),
(5371, 382, 'Bunaken'),
(5372, 382, 'Tuminting (Tuminiting)'),
(5373, 382, 'Singkil'),
(5374, 382, 'Wenang'),
(5375, 382, 'Tikala'),
(5376, 382, 'Sario'),
(5377, 382, 'Wanea'),
(5378, 382, 'Mapanget'),
(5379, 382, 'Malalayang'),
(5380, 382, 'Bunaken Kepulauan'),
(5381, 382, 'Paal Dua'),
(5382, 383, 'Lembeh Selatan (Bitung Selatan)'),
(5383, 383, 'Madidir (Bitung Tengah)'),
(5384, 383, 'Ranowulu (Bitung Utara)'),
(5385, 383, 'Aertembaga (Bitung Timur)'),
(5386, 383, 'Matuari (Bitung Barat)'),
(5387, 383, 'Girian'),
(5388, 383, 'Maesa'),
(5389, 383, 'Lembeh Utara'),
(5390, 384, 'Tomohon Selatan'),
(5391, 384, 'Tomohon Tengah'),
(5392, 384, 'Tomohon Utara'),
(5393, 384, 'Tomohon Barat'),
(5394, 384, 'Tomohon Timur'),
(5395, 385, 'Kotamobagu Utara'),
(5396, 385, 'Kotamobagu Timur'),
(5397, 385, 'Kotamobagu Selatan'),
(5398, 385, 'Kotamobagu Barat'),
(5399, 386, 'Batui'),
(5400, 386, 'Bunta'),
(5401, 386, 'Kintom'),
(5402, 386, 'Luwuk'),
(5403, 386, 'Lamala'),
(5404, 386, 'Balantak'),
(5405, 386, 'Pagimana'),
(5406, 386, 'Bualemo (Boalemo)'),
(5407, 386, 'Toili'),
(5408, 386, 'Masama'),
(5409, 386, 'Luwuk Timur'),
(5410, 386, 'Toili Barat'),
(5411, 386, 'Nuhon'),
(5412, 386, 'Moilong'),
(5413, 386, 'Batui Selatan'),
(5414, 386, 'Lobu'),
(5415, 386, 'Simpang Raya'),
(5416, 386, 'Balantak Selatan'),
(5417, 386, 'Balantak Utara'),
(5418, 386, 'Luwuk Selatan'),
(5419, 386, 'Luwuk Utara'),
(5420, 386, 'Mantoh'),
(5421, 386, 'Nambo'),
(5422, 387, 'Poso Kota'),
(5423, 387, 'Poso Pesisir'),
(5424, 387, 'Lage'),
(5425, 387, 'Pamona Puselemba'),
(5426, 387, 'Pamona Timur'),
(5427, 387, 'Pamona Selatan'),
(5428, 387, 'Lore Utara'),
(5429, 387, 'Lore Tengah'),
(5430, 387, 'Lore Selatan'),
(5431, 387, 'Poso Pesisir Utara'),
(5432, 387, 'Poso Pesisir Selatan'),
(5433, 387, 'Pamona Barat'),
(5434, 387, 'Poso Kota Selatan'),
(5435, 387, 'Poso Kota Utara'),
(5436, 387, 'Lore Barat'),
(5437, 387, 'Lore Timur'),
(5438, 387, 'Lore Piore'),
(5439, 387, 'Pamona Tenggara'),
(5440, 387, 'Pamona Utara'),
(5441, 388, 'Rio Pakava'),
(5442, 388, 'Dampelas'),
(5443, 388, 'Banawa'),
(5444, 388, 'Labuan'),
(5445, 388, 'Sindue'),
(5446, 388, 'Sirenja'),
(5447, 388, 'Balaesang'),
(5448, 388, 'Sojol'),
(5449, 388, 'Banawa Selatan'),
(5450, 388, 'Tanantovea'),
(5451, 388, 'Pinembani (Panembani)'),
(5452, 388, 'Sindue Tombusabora'),
(5453, 388, 'Sindue Tobata'),
(5454, 388, 'Banawa Tengah'),
(5455, 388, 'Sojol Utara'),
(5456, 388, 'Balaesang Tanjung'),
(5457, 389, 'Dampal Selatan'),
(5458, 389, 'Dampal Utara'),
(5459, 389, 'Dondo'),
(5460, 389, 'Basidondo'),
(5461, 389, 'Ogodeide'),
(5462, 389, 'Lampasio'),
(5463, 389, 'Baolan'),
(5464, 389, 'Galang'),
(5465, 389, 'Toli-Toli Utara (Tolitoli Utara)'),
(5466, 389, 'Dako Pemean (Dako Pamean)'),
(5467, 390, 'Momunu'),
(5468, 390, 'Lakea (Lipunoto)'),
(5469, 390, 'Bokat'),
(5470, 390, 'Bunobogu'),
(5471, 390, 'Paleleh'),
(5472, 390, 'Biau'),
(5473, 390, 'Tiloan'),
(5474, 390, 'Bukal'),
(5475, 390, 'Gadung'),
(5476, 390, 'Karamat'),
(5477, 390, 'Paleleh Barat'),
(5478, 391, 'Bungku Tengah'),
(5479, 391, 'Bungku Selatan'),
(5480, 391, 'Menui Kepulauan'),
(5481, 391, 'Bungku Barat'),
(5482, 391, 'Bumi Raya'),
(5483, 391, 'Bahodopi'),
(5484, 391, 'Wita Ponda'),
(5485, 391, 'Bungku Pesisir'),
(5486, 391, 'Bungku Timur'),
(5487, 392, 'Totikum (Totikung)'),
(5488, 392, 'Tinangkung'),
(5489, 392, 'Liang'),
(5490, 392, 'Bulagi'),
(5491, 392, 'Buko'),
(5492, 392, 'Bulagi Selatan'),
(5493, 392, 'Tinangkung Selatan'),
(5494, 392, 'Totikum Selatan'),
(5495, 392, 'Peling Tengah'),
(5496, 392, 'Bulagi Utara'),
(5497, 392, 'Buko Selatan'),
(5498, 392, 'Tinangkung Utara'),
(5499, 393, 'Parigi'),
(5500, 393, 'Ampibabo'),
(5501, 393, 'Tinombo'),
(5502, 393, 'Moutong'),
(5503, 393, 'Tomini'),
(5504, 393, 'Sausu'),
(5505, 393, 'Bolano Lambunu'),
(5506, 393, 'Kasimbar'),
(5507, 393, 'Torue'),
(5508, 393, 'Tinombo Selatan'),
(5509, 393, 'Parigi Selatan'),
(5510, 393, 'Mepanga'),
(5511, 393, 'Toribulu'),
(5512, 393, 'Taopa'),
(5513, 393, 'Balinggi'),
(5514, 393, 'Parigi Barat'),
(5515, 393, 'Siniu'),
(5516, 393, 'Palasa'),
(5517, 393, 'Parigi Utara'),
(5518, 393, 'Parigi Tengah'),
(5519, 393, 'Bolano'),
(5520, 393, 'Ongka Malino'),
(5521, 393, 'Sidoan'),
(5522, 394, 'Una Una'),
(5523, 394, 'Togean'),
(5524, 394, 'Walea Kepulauan'),
(5525, 394, 'Ampana Tete'),
(5526, 394, 'Ampana Kota'),
(5527, 394, 'Ulubongka'),
(5528, 394, 'Tojo Barat'),
(5529, 394, 'Tojo'),
(5530, 394, 'Walea Besar'),
(5531, 394, 'Ratolindo'),
(5532, 394, 'Batudaka'),
(5533, 394, 'Talatako'),
(5534, 395, 'Sigi Biromaru'),
(5535, 395, 'Palolo'),
(5536, 395, 'Nokilalaki'),
(5537, 395, 'Lindu'),
(5538, 395, 'Kulawi'),
(5539, 395, 'Kulawi Selatan'),
(5540, 395, 'Pipikoro'),
(5541, 395, 'Gumbasa'),
(5542, 395, 'Dolo Selatan'),
(5543, 395, 'Tanambulava'),
(5544, 395, 'Dolo Barat'),
(5545, 395, 'Dolo'),
(5546, 395, 'Kinovaro'),
(5547, 395, 'Marawola'),
(5548, 395, 'Marawola Barat'),
(5549, 396, 'Banggai'),
(5550, 396, 'Banggai Utara'),
(5551, 396, 'Bokan Kepulauan'),
(5552, 396, 'Bangkurung'),
(5553, 396, 'Labobo'),
(5554, 396, 'Banggai Selatan'),
(5555, 396, 'Banggai Tengah'),
(5556, 397, 'Petasia'),
(5557, 397, 'Petasia Timur'),
(5558, 397, 'Lembo Raya'),
(5559, 397, 'Lembo'),
(5560, 397, 'Mori Atas'),
(5561, 397, 'Mori Utara'),
(5562, 397, 'Soyo Jaya'),
(5563, 397, 'Bungku Utara'),
(5564, 397, 'Mamosalato'),
(5565, 397, 'Petasia Barat'),
(5566, 398, 'Palu Timur'),
(5567, 398, 'Palu Barat'),
(5568, 398, 'Palu Selatan'),
(5569, 398, 'Palu Utara'),
(5570, 398, 'Ulujadi'),
(5571, 398, 'Tatanga'),
(5572, 398, 'Tawaeli'),
(5573, 398, 'Mantikulore'),
(5574, 399, 'Benteng'),
(5575, 399, 'Bontoharu'),
(5576, 399, 'Bontomatene'),
(5577, 399, 'Bontomanai'),
(5578, 399, 'Bontosikuyu'),
(5579, 399, 'Pasimasunggu (Pasimassunggu)'),
(5580, 399, 'Pasimarannu'),
(5581, 399, 'Taka Bonerate (Takabonerate)'),
(5582, 399, 'Pasilambena'),
(5583, 399, 'Pasimasunggu Timur'),
(5584, 399, 'Buki'),
(5585, 400, 'Gantarang (Gantorang, Gangking)'),
(5586, 400, 'Ujung Bulu'),
(5587, 400, 'Bonto Bahari'),
(5588, 400, 'Bonto Tiro (Bontotiro)'),
(5589, 400, 'Herlang (Hero Lange Lange)'),
(5590, 400, 'Kajang'),
(5591, 400, 'Bulukumpa (Bulukumba)'),
(5592, 400, 'Kindang'),
(5593, 400, 'Ujungloe (Ujung Loe)'),
(5594, 400, 'Rilauale (Rilau Ale)'),
(5595, 401, 'Bissappu'),
(5596, 401, 'Bantaeng'),
(5597, 401, 'Eremerasa'),
(5598, 401, 'Tompo Bulu (Tompobulu)'),
(5599, 401, 'Pajukukang'),
(5600, 401, 'Uluere'),
(5601, 401, 'Gantarang Keke (Gantareng Keke)'),
(5602, 401, 'Sinoa'),
(5603, 402, 'Bangkala'),
(5604, 402, 'Tamalatea'),
(5605, 402, 'Binamu'),
(5606, 402, 'Batang'),
(5607, 402, 'Kelara'),
(5608, 402, 'Bangkala Barat'),
(5609, 402, 'Bontoramba'),
(5610, 402, 'Turatea'),
(5611, 402, 'Arungkeke'),
(5612, 402, 'Rumbia'),
(5613, 402, 'Tarowang'),
(5614, 403, 'Mappakasunggu'),
(5615, 403, 'Mangarabombang (Mangara Bombang)'),
(5616, 403, 'Polongbangkeng Selatan (Polombangkeng)'),
(5617, 403, 'Polongbangkeng Utara (Polombangkeng)'),
(5618, 403, 'Galesong Selatan'),
(5619, 403, 'Galesong Utara'),
(5620, 403, 'Pattallassang (Patallassang)'),
(5621, 403, 'Sanrobone'),
(5622, 403, 'Galesong'),
(5623, 403, 'Kepulauan Tanakeke'),
(5624, 403, 'Polongbangkeng Timur'),
(5625, 403, 'Laikang'),
(5626, 404, 'Bontonompo'),
(5627, 404, 'Bajeng'),
(5628, 404, 'Tompobullu (Tompobulu)'),
(5629, 404, 'Tinggimoncong'),
(5630, 404, 'Parangloe'),
(5631, 404, 'Bontomarannu'),
(5632, 404, 'Palangga (Pallangga)'),
(5633, 404, 'Somba Opu (Upu)'),
(5634, 404, 'Bungaya'),
(5635, 404, 'Tombolopao (Tombolo Pao)'),
(5636, 404, 'Biringbulu'),
(5637, 404, 'Barombong'),
(5638, 404, 'Pattalasang (Pattallassang)'),
(5639, 404, 'Manuju'),
(5640, 404, 'Bontolempangang'),
(5641, 404, 'Bontonompo Selatan'),
(5642, 404, 'Parigi'),
(5643, 404, 'Bajeng Barat'),
(5644, 405, 'Sinjai Barat'),
(5645, 405, 'Sinjai Selatan'),
(5646, 405, 'Sinjai Timur'),
(5647, 405, 'Sinjai Tengah'),
(5648, 405, 'Sinjai Utara'),
(5649, 405, 'Bulupoddo'),
(5650, 405, 'Sinjai Borong'),
(5651, 405, 'Tellu Limpoe'),
(5652, 405, 'Pulau Sembilan'),
(5653, 406, 'Bontocani'),
(5654, 406, 'Kahu'),
(5655, 406, 'Kajuara'),
(5656, 406, 'Salomekko'),
(5657, 406, 'Tonra'),
(5658, 406, 'Libureng'),
(5659, 406, 'Mare'),
(5660, 406, 'Sibulue'),
(5661, 406, 'Barebbo'),
(5662, 406, 'Cina'),
(5663, 406, 'Ponre'),
(5664, 406, 'Lappariaja'),
(5665, 406, 'Lamuru'),
(5666, 406, 'Ulaweng'),
(5667, 406, 'Palakka'),
(5668, 406, 'Awangpone'),
(5669, 406, 'Tellu Siattinge'),
(5670, 406, 'Ajangale'),
(5671, 406, 'Dua Boccoe'),
(5672, 406, 'Cenrana'),
(5673, 406, 'Tanete Riattang'),
(5674, 406, 'Tanete Riattang Barat'),
(5675, 406, 'Tanete Riattang Timur'),
(5676, 406, 'Amali'),
(5677, 406, 'Tellulimpoe (Tellu Limpoe)'),
(5678, 406, 'Bengo'),
(5679, 406, 'Patimpeng'),
(5680, 407, 'Mandai'),
(5681, 407, 'Camba'),
(5682, 407, 'Bantimurung'),
(5683, 407, 'Maros Baru'),
(5684, 407, 'Bontoa (Maros Utara)'),
(5685, 407, 'Malllawa (Mallawa)'),
(5686, 407, 'Tanralili'),
(5687, 407, 'Marusu'),
(5688, 407, 'Simbang'),
(5689, 407, 'Cenrana'),
(5690, 407, 'Tompobulu (Tompu Bulu)'),
(5691, 407, 'Lau'),
(5692, 407, 'Moncongloe (Moncong Loe)'),
(5693, 407, 'Turikale'),
(5694, 408, 'Liukang Tangaya'),
(5695, 408, 'Liukang Kalmas (Kalukuang Masalima)'),
(5696, 408, 'Liukang Tupabbiring'),
(5697, 408, 'Pangkajene'),
(5698, 408, 'Balocci'),
(5699, 408, 'Bungoro'),
(5700, 408, 'Labakkang'),
(5701, 408, 'Marang (Ma Rang)'),
(5702, 408, 'Segeri'),
(5703, 408, 'Minasa Tene'),
(5704, 408, 'Mandalle'),
(5705, 408, 'Tondong Tallasa'),
(5706, 408, 'Liukang Tupabbiring Utara'),
(5707, 409, 'Tanete Riaja'),
(5708, 409, 'Tanete Rilau'),
(5709, 409, 'Barru'),
(5710, 409, 'Soppeng Riaja'),
(5711, 409, 'Mallusetasi'),
(5712, 409, 'Pujananting'),
(5713, 409, 'Balusu'),
(5714, 410, 'Marioriwawo (Mario Riwawo)'),
(5715, 410, 'Liliraja (Lili Riaja)'),
(5716, 410, 'Lilirilau (Lili Rilau)'),
(5717, 410, 'Lalabata'),
(5718, 410, 'Marioriawa (Mario Riawa)'),
(5719, 410, 'Donri Donri'),
(5720, 410, 'Ganra'),
(5721, 410, 'Citta'),
(5722, 411, 'Sabangparu'),
(5723, 411, 'Pammana'),
(5724, 411, 'Takkalalla'),
(5725, 411, 'Sajoanging'),
(5726, 411, 'Majauleng'),
(5727, 411, 'Tempe'),
(5728, 411, 'Belawa'),
(5729, 411, 'Tanasitolo'),
(5730, 411, 'Maniangpajo'),
(5731, 411, 'Pitumpanua'),
(5732, 411, 'Bola'),
(5733, 411, 'Penrang'),
(5734, 411, 'Gilireng'),
(5735, 411, 'Keera'),
(5736, 412, 'Panca Lautang'),
(5737, 412, 'Tellu Limpoe'),
(5738, 412, 'Watang Pulu'),
(5739, 412, 'Baranti'),
(5740, 412, 'Panca Rijang'),
(5741, 412, 'Kulo'),
(5742, 412, 'Maritengngae'),
(5743, 412, 'Watang Sidenreng (Wattang Sidenreng)'),
(5744, 412, 'Dua Pitue'),
(5745, 412, 'Pitu Riawa'),
(5746, 412, 'Pitu Riase'),
(5747, 413, 'Mattiro Sompe (Matirro Sompe)'),
(5748, 413, 'Suppa'),
(5749, 413, 'Mattiro Bulu'),
(5750, 413, 'Watang Sawitto (Watang Sawito)'),
(5751, 413, 'Patampanua'),
(5752, 413, 'Duampanua'),
(5753, 413, 'Lembang'),
(5754, 413, 'Cempa'),
(5755, 413, 'Tiroang'),
(5756, 413, 'Lansirang (Lanrisang)'),
(5757, 413, 'Paleteang'),
(5758, 413, 'Batulappa (Batu Lappa)'),
(5759, 414, 'Maiwa'),
(5760, 414, 'Enrekang'),
(5761, 414, 'Baraka'),
(5762, 414, 'Anggeraja'),
(5763, 414, 'Alla'),
(5764, 414, 'Bungin'),
(5765, 414, 'Cendana'),
(5766, 414, 'Curio'),
(5767, 414, 'Malua'),
(5768, 414, 'Buntu Batu'),
(5769, 414, 'Masalle'),
(5770, 414, 'Baroko'),
(5771, 415, 'Basse Sangtempe (Bassesang Tempe / Bastem)'),
(5772, 415, 'Larompong'),
(5773, 415, 'Suli'),
(5774, 415, 'Bajo'),
(5775, 415, 'Bua Ponrang (Bupon)'),
(5776, 415, 'Walenrang'),
(5777, 415, 'Belopa'),
(5778, 415, 'Bua'),
(5779, 415, 'Lamasi'),
(5780, 415, 'Larompong Selatan'),
(5781, 415, 'Ponrang'),
(5782, 415, 'Latimojong'),
(5783, 415, 'Kamanre'),
(5784, 415, 'Belopa Utara'),
(5785, 415, 'Walenrang Barat'),
(5786, 415, 'Walenrang Utara'),
(5787, 415, 'Walenrang Timur'),
(5788, 415, 'Lamasi Timur'),
(5789, 415, 'Suli Barat'),
(5790, 415, 'Bajo Barat'),
(5791, 415, 'Ponrang Selatan'),
(5792, 415, 'Basse Sangtempe Utara'),
(5793, 416, 'Saluputi (Saluputti)'),
(5794, 416, 'Bittuang'),
(5795, 416, 'Bonggakaradeng'),
(5796, 416, 'Makale'),
(5797, 416, 'Simbuang'),
(5798, 416, 'Rantetayo'),
(5799, 416, 'Mengkendek'),
(5800, 416, 'Sangalla (Sanggala)'),
(5801, 416, 'Gandangbatu Sillanan (Gandang Batu Sillanan)'),
(5802, 416, 'Rembon'),
(5803, 416, 'Makale Utara'),
(5804, 416, 'Mappak'),
(5805, 416, 'Makale Selatan'),
(5806, 416, 'Masanda'),
(5807, 416, 'Sangalla Selatan'),
(5808, 416, 'Sangalla Utara'),
(5809, 416, 'Malimbong Balepe'),
(5810, 416, 'Rano'),
(5811, 416, 'Kurra'),
(5812, 417, 'Malangke'),
(5813, 417, 'Bone Bone'),
(5814, 417, 'Masamba'),
(5815, 417, 'Sabbang'),
(5816, 417, 'Rongkong (Limbong)'),
(5817, 417, 'Sukamaju'),
(5818, 417, 'Seko'),
(5819, 417, 'Malangke Barat'),
(5820, 417, 'Rampi'),
(5821, 417, 'Mappedeceng'),
(5822, 417, 'Baebunta'),
(5823, 417, 'Tana Lili'),
(5824, 417, 'Sukamaju Selatan'),
(5825, 417, 'Baebunta Selatan'),
(5826, 417, 'Sabbang Selatan'),
(5827, 418, 'Mangkutana'),
(5828, 418, 'Nuha'),
(5829, 418, 'Towuti'),
(5830, 418, 'Malili'),
(5831, 418, 'Angkona'),
(5832, 418, 'Wotu'),
(5833, 418, 'Burau'),
(5834, 418, 'Tomoni'),
(5835, 418, 'Tomoni Timur'),
(5836, 418, 'Kalaena'),
(5837, 418, 'Wasuponda'),
(5838, 419, 'Rantepao'),
(5839, 419, 'Sesean'),
(5840, 419, 'Nanggala'),
(5841, 419, 'Rindingallo'),
(5842, 419, 'Buntao'),
(5843, 419, 'Sa\'dan'),
(5844, 419, 'Sanggalangi'),
(5845, 419, 'Sopai'),
(5846, 419, 'Tikala'),
(5847, 419, 'Balusu'),
(5848, 419, 'Tallunglipu'),
(5849, 419, 'Dende\' Piongan Napo'),
(5850, 419, 'Buntu Pepasan'),
(5851, 419, 'Baruppu'),
(5852, 419, 'Kesu'),
(5853, 419, 'Tondon'),
(5854, 419, 'Bangkelekila'),
(5855, 419, 'Rantebua'),
(5856, 419, 'Sesean Suloara'),
(5857, 419, 'Kapala Pitu (Kapalla Pitu)'),
(5858, 419, 'Awan Rante Karua'),
(5859, 420, 'Mariso'),
(5860, 420, 'Mamajang'),
(5861, 420, 'Makassar'),
(5862, 420, 'Ujung Pandang'),
(5863, 420, 'Wajo'),
(5864, 420, 'Bontoala'),
(5865, 420, 'Tallo'),
(5866, 420, 'Ujung Tanah'),
(5867, 420, 'Panakkukang'),
(5868, 420, 'Tamalate'),
(5869, 420, 'Biringkanaya (Biring Kanaya)'),
(5870, 420, 'Manggala'),
(5871, 420, 'Rappocini'),
(5872, 420, 'Tamalanrea'),
(5873, 420, 'Kepulauan Sangkarrang'),
(5874, 421, 'Bacukiki'),
(5875, 421, 'Ujung'),
(5876, 421, 'Soreang'),
(5877, 421, 'Bacukiki Barat'),
(5878, 422, 'Wara'),
(5879, 422, 'Wara Utara'),
(5880, 422, 'Wara Selatan'),
(5881, 422, 'Telluwanua'),
(5882, 422, 'Wara Timur'),
(5883, 422, 'Wara Barat'),
(5884, 422, 'Sendana'),
(5885, 422, 'Mungkajang'),
(5886, 422, 'Bara'),
(5887, 423, 'Wundulako'),
(5888, 423, 'Kolaka'),
(5889, 423, 'Pomalaa'),
(5890, 423, 'Watubangga'),
(5891, 423, 'Wolo'),
(5892, 423, 'Baula'),
(5893, 423, 'Latambaga'),
(5894, 423, 'Tanggetada'),
(5895, 423, 'Samaturu'),
(5896, 423, 'Toari');
INSERT INTO `districts` (`id`, `city_id`, `name`) VALUES
(5897, 423, 'Polinggona'),
(5898, 423, 'Iwoimendaa'),
(5899, 424, 'Lambuya'),
(5900, 424, 'Unaaha'),
(5901, 424, 'Wawotobi'),
(5902, 424, 'Pondidaha'),
(5903, 424, 'Sampara'),
(5904, 424, 'Abuki'),
(5905, 424, 'Soropia'),
(5906, 424, 'Tongauna'),
(5907, 424, 'Latoma'),
(5908, 424, 'Puriala'),
(5909, 424, 'Uepai'),
(5910, 424, 'Wonggeduku'),
(5911, 424, 'Besulutu'),
(5912, 424, 'Bondoala'),
(5913, 424, 'Routa'),
(5914, 424, 'Anggaberi'),
(5915, 424, 'Meluhu'),
(5916, 424, 'Amonggedo'),
(5917, 424, 'Asinua'),
(5918, 424, 'Konawe'),
(5919, 424, 'Kapoiala'),
(5920, 424, 'Lalonggasumeeto'),
(5921, 424, 'Onembute'),
(5922, 424, 'Padangguni'),
(5923, 424, 'Morosi'),
(5924, 424, 'Anggalomoare'),
(5925, 424, 'Wonggeduku Barat'),
(5926, 424, 'Tongauna Utara'),
(5927, 425, 'Napabalano'),
(5928, 425, 'Maligano'),
(5929, 425, 'Wakorumba Selatan'),
(5930, 425, 'Lasalepa'),
(5931, 425, 'Batalaiworu (Batalaiwaru)'),
(5932, 425, 'Katobu'),
(5933, 425, 'Duruka'),
(5934, 425, 'Lohia'),
(5935, 425, 'Watopute'),
(5936, 425, 'Kontunaga'),
(5937, 425, 'Kabangka'),
(5938, 425, 'Kabawo'),
(5939, 425, 'Parigi'),
(5940, 425, 'Bone (Bone Tondo)'),
(5941, 425, 'Tongkuno'),
(5942, 425, 'Pasir Putih'),
(5943, 425, 'Kontu Kowuna'),
(5944, 425, 'Marobo'),
(5945, 425, 'Tongkuno Selatan'),
(5946, 425, 'Pasi Kolaga'),
(5947, 425, 'Batukara'),
(5948, 425, 'Towea'),
(5949, 426, 'Pasarwajo (Pasar Wajo)'),
(5950, 426, 'Kapontori'),
(5951, 426, 'Lasalimu'),
(5952, 426, 'Lasalimu Selatan'),
(5953, 426, 'Siotapina (Siontapia / Siontapina)'),
(5954, 426, 'Wolowa'),
(5955, 426, 'Wabula'),
(5956, 427, 'Tinanggea'),
(5957, 427, 'Angata'),
(5958, 427, 'Andoolo'),
(5959, 427, 'Palangga'),
(5960, 427, 'Landono'),
(5961, 427, 'Lainea'),
(5962, 427, 'Konda'),
(5963, 427, 'Ranomeeto'),
(5964, 427, 'Kolono'),
(5965, 427, 'Moramo'),
(5966, 427, 'Laonti'),
(5967, 427, 'Lalembuu'),
(5968, 427, 'Benua'),
(5969, 427, 'Palangga Selatan'),
(5970, 427, 'Mowila'),
(5971, 427, 'Moramo Utara'),
(5972, 427, 'Buke'),
(5973, 427, 'Wolasi'),
(5974, 427, 'Laeya'),
(5975, 427, 'Baito'),
(5976, 427, 'Basala'),
(5977, 427, 'Ranomeeto Barat'),
(5978, 427, 'Kolono Timur'),
(5979, 427, 'Sabulakoa'),
(5980, 427, 'Andoolo Barat'),
(5981, 428, 'Poleang'),
(5982, 428, 'Poleang Timur'),
(5983, 428, 'Rarowatu'),
(5984, 428, 'Rumbia'),
(5985, 428, 'Kabaena'),
(5986, 428, 'Kabaena Timur'),
(5987, 428, 'Poleang Barat'),
(5988, 428, 'Mata Oleo'),
(5989, 428, 'Rarowatu Utara'),
(5990, 428, 'Poleang Utara'),
(5991, 428, 'Poleang Selatan'),
(5992, 428, 'Poleang Tenggara'),
(5993, 428, 'Kabaena Selatan'),
(5994, 428, 'Kabaena Barat'),
(5995, 428, 'Kabaena Utara'),
(5996, 428, 'Kabaena Tengah'),
(5997, 428, 'Kepulauan Masaloka Raya'),
(5998, 428, 'Rumbia Tengah'),
(5999, 428, 'Poleang Tengah'),
(6000, 428, 'Tontonunu'),
(6001, 428, 'Lantari Jaya'),
(6002, 428, 'Mata Usu'),
(6003, 429, 'Wangi Wangi'),
(6004, 429, 'Kaledupa'),
(6005, 429, 'Tomia'),
(6006, 429, 'Binongko'),
(6007, 429, 'Wangi Wangi Selatan'),
(6008, 429, 'Kaledupa Selatan'),
(6009, 429, 'Tomia Timur'),
(6010, 429, 'Togo Binongko'),
(6011, 430, 'Lasusua'),
(6012, 430, 'Pakue'),
(6013, 430, 'Batu Putih'),
(6014, 430, 'Rante Angin'),
(6015, 430, 'Kodeoha'),
(6016, 430, 'Ngapa'),
(6017, 430, 'Wawo'),
(6018, 430, 'Lambai'),
(6019, 430, 'Watunohu'),
(6020, 430, 'Pakue Tengah'),
(6021, 430, 'Pakue Utara'),
(6022, 430, 'Porehu'),
(6023, 430, 'Katoi'),
(6024, 430, 'Tiwu'),
(6025, 430, 'Tolala'),
(6026, 431, 'Asera'),
(6027, 431, 'Wiwirano'),
(6028, 431, 'Langgikima'),
(6029, 431, 'Molawe'),
(6030, 431, 'Lasolo'),
(6031, 431, 'Lembo'),
(6032, 431, 'Sawa'),
(6033, 431, 'Oheo'),
(6034, 431, 'Andowia'),
(6035, 431, 'Motui'),
(6036, 431, 'Wawolesea'),
(6037, 431, 'Lasolo Kepulauan'),
(6038, 431, 'Landawe'),
(6039, 432, 'Kulisusu (Kalingsusu/Kalisusu)'),
(6040, 432, 'Kambowa'),
(6041, 432, 'Bonegunu'),
(6042, 432, 'Kulisusu Barat'),
(6043, 432, 'Kulisusu Utara'),
(6044, 432, 'Wakorumba Utara'),
(6045, 433, 'Tirawuta'),
(6046, 433, 'Loea'),
(6047, 433, 'Ladongi'),
(6048, 433, 'Poli Polia'),
(6049, 433, 'Lambandia'),
(6050, 433, 'Lalolae'),
(6051, 433, 'Mowewe'),
(6052, 433, 'Uluiwoi'),
(6053, 433, 'Tinondo'),
(6054, 433, 'Aere'),
(6055, 433, 'Ueesi'),
(6056, 433, 'Dangia'),
(6057, 434, 'Wawonii Barat'),
(6058, 434, 'Wawonii Utara'),
(6059, 434, 'Wawonii Timur Laut'),
(6060, 434, 'Wawonii Timur'),
(6061, 434, 'Wawonii Tenggara'),
(6062, 434, 'Wawonii Selatan'),
(6063, 434, 'Wawonii Tengah'),
(6064, 435, 'Sawerigadi'),
(6065, 435, 'Barangka'),
(6066, 435, 'Lawa'),
(6067, 435, 'Wadaga'),
(6068, 435, 'Tiworo Selatan'),
(6069, 435, 'Maginti'),
(6070, 435, 'Tiworo Tengah'),
(6071, 435, 'Tiworo Utara'),
(6072, 435, 'Tiworo Kepulauan'),
(6073, 435, 'Kusambi'),
(6074, 435, 'Napano Kusambi'),
(6075, 436, 'Lakudo'),
(6076, 436, 'Mawasangka Timur'),
(6077, 436, 'Mawasangka Tengah'),
(6078, 436, 'Mawasangka'),
(6079, 436, 'Talaga Raya'),
(6080, 436, 'Gu'),
(6081, 436, 'Sangia Wambulu'),
(6082, 437, 'Batauga'),
(6083, 437, 'Sampolawa'),
(6084, 437, 'Lapandewa'),
(6085, 437, 'Batu Atas'),
(6086, 437, 'Siompu Barat'),
(6087, 437, 'Siompu'),
(6088, 437, 'Kadatua'),
(6089, 438, 'Mandonga'),
(6090, 438, 'Kendari'),
(6091, 438, 'Baruga'),
(6092, 438, 'Poasia'),
(6093, 438, 'Kendari Barat'),
(6094, 438, 'Abeli'),
(6095, 438, 'Wua-Wua'),
(6096, 438, 'Kadia'),
(6097, 438, 'Puuwatu'),
(6098, 438, 'Kambu'),
(6099, 438, 'Nambo'),
(6100, 439, 'Betoambari'),
(6101, 439, 'Wolio'),
(6102, 439, 'Sorawolio (Sora Walio / Sorowalio)'),
(6103, 439, 'Bungi'),
(6104, 439, 'Kokalukuna'),
(6105, 439, 'Murhum'),
(6106, 439, 'Lea-Lea'),
(6107, 439, 'Batupoaro'),
(6108, 440, 'Limboto'),
(6109, 440, 'Telaga'),
(6110, 440, 'Batudaa'),
(6111, 440, 'Tibawa'),
(6112, 440, 'Batudaa Pantai'),
(6113, 440, 'Boliyohuto (Boliohuto)'),
(6114, 440, 'Telaga Biru'),
(6115, 440, 'Bongomeme'),
(6116, 440, 'Tolangohula'),
(6117, 440, 'Mootilango'),
(6118, 440, 'Pulubala'),
(6119, 440, 'Limboto Barat'),
(6120, 440, 'Tilango'),
(6121, 440, 'Tabongo'),
(6122, 440, 'Biluhu'),
(6123, 440, 'Asparaga'),
(6124, 440, 'Talaga Jaya (Telaga Jaya)'),
(6125, 440, 'Bilato'),
(6126, 440, 'Dungaliyo'),
(6127, 441, 'Paguyaman'),
(6128, 441, 'Wonosari'),
(6129, 441, 'Dulupi'),
(6130, 441, 'Tilamuta'),
(6131, 441, 'Mananggu'),
(6132, 441, 'Botumoito (Botumoita)'),
(6133, 441, 'Paguyaman Pantai'),
(6134, 442, 'Tapa'),
(6135, 442, 'Kabila'),
(6136, 442, 'Suwawa'),
(6137, 442, 'Bonepantai'),
(6138, 442, 'Bulango Utara'),
(6139, 442, 'Tilongkabila'),
(6140, 442, 'Botupingge (Botu Pingge)'),
(6141, 442, 'Kabila Bone'),
(6142, 442, 'Bone'),
(6143, 442, 'Bone Raya'),
(6144, 442, 'Suwawa Timur'),
(6145, 442, 'Suwawa Selatan'),
(6146, 442, 'Suwawa Tengah'),
(6147, 442, 'Bulango Ulu'),
(6148, 442, 'Bulango Selatan'),
(6149, 442, 'Bulango Timur'),
(6150, 442, 'Bulawa'),
(6151, 442, 'Pinogu'),
(6152, 443, 'Popayato'),
(6153, 443, 'Lemito'),
(6154, 443, 'Randangan'),
(6155, 443, 'Marisa'),
(6156, 443, 'Paguat'),
(6157, 443, 'Patilanggio'),
(6158, 443, 'Taluditi (Taluduti)'),
(6159, 443, 'Dengilo'),
(6160, 443, 'Buntulia'),
(6161, 443, 'Duhiadaa'),
(6162, 443, 'Wanggarasi'),
(6163, 443, 'Popayato Timur'),
(6164, 443, 'Popayato Barat'),
(6165, 444, 'Atinggola'),
(6166, 444, 'Kwandang'),
(6167, 444, 'Anggrek'),
(6168, 444, 'Sumalata'),
(6169, 444, 'Tolinggula'),
(6170, 444, 'Gentuma Raya'),
(6171, 444, 'Tomilito (Tomolito)'),
(6172, 444, 'Ponelo Kepulauan'),
(6173, 444, 'Monano'),
(6174, 444, 'Biau'),
(6175, 444, 'Sumalata Timur'),
(6176, 445, 'Kota Barat'),
(6177, 445, 'Kota Selatan'),
(6178, 445, 'Kota Utara'),
(6179, 445, 'Dungingi'),
(6180, 445, 'Kota Timur'),
(6181, 445, 'Kota Tengah'),
(6182, 445, 'Sipatana'),
(6183, 445, 'Dumbo Raya'),
(6184, 445, 'Hulonthalangi'),
(6185, 446, 'Bambalamotu'),
(6186, 446, 'Pasangkayu'),
(6187, 446, 'Baras'),
(6188, 446, 'Sarudu'),
(6189, 446, 'Dapurang'),
(6190, 446, 'Duripoku'),
(6191, 446, 'Bulu Taba'),
(6192, 446, 'Tikke Raya'),
(6193, 446, 'Pedongga'),
(6194, 446, 'Bambaira'),
(6195, 446, 'Sarjo'),
(6196, 446, 'Lariang'),
(6197, 447, 'Mamuju'),
(6198, 447, 'Tapalang'),
(6199, 447, 'Kalukku'),
(6200, 447, 'Kalumpang'),
(6201, 447, 'Papalang'),
(6202, 447, 'Sampaga'),
(6203, 447, 'Tommo'),
(6204, 447, 'Simboro (Simboro dan Kepulauan)'),
(6205, 447, 'Tapalang Barat'),
(6206, 447, 'Bonehau'),
(6207, 447, 'Kep. Bala Balakang'),
(6208, 448, 'Mambi'),
(6209, 448, 'Aralle'),
(6210, 448, 'Mamasa'),
(6211, 448, 'Pana'),
(6212, 448, 'Tabulahan'),
(6213, 448, 'Sumarorong'),
(6214, 448, 'Messawa'),
(6215, 448, 'Sesenapadang'),
(6216, 448, 'Tanduk Kalua'),
(6217, 448, 'Tabang'),
(6218, 448, 'Bambang'),
(6219, 448, 'Balla'),
(6220, 448, 'Nosu'),
(6221, 448, 'Tawalian'),
(6222, 448, 'Rantebulahan Timur'),
(6223, 448, 'Buntumalangka'),
(6224, 448, 'Mehalaan'),
(6225, 449, 'Tinambung'),
(6226, 449, 'Campalagian'),
(6227, 449, 'Wonomulyo'),
(6228, 449, 'Polewali'),
(6229, 449, 'Tutar (Tubbi Taramanu, Tutallu)'),
(6230, 449, 'Binuang'),
(6231, 449, 'Tapango'),
(6232, 449, 'Mapilli'),
(6233, 449, 'Matangnga'),
(6234, 449, 'Luyo'),
(6235, 449, 'Limboro'),
(6236, 449, 'Balanipa'),
(6237, 449, 'Anreapi'),
(6238, 449, 'Matakali'),
(6239, 449, 'Allu (Alu)'),
(6240, 449, 'Bulo'),
(6241, 450, 'Banggae'),
(6242, 450, 'Pamboang'),
(6243, 450, 'Sendana'),
(6244, 450, 'Malunda'),
(6245, 450, 'Ulumanda (Ulumunda)'),
(6246, 450, 'Tammerodo Sendana (Tammeredo Sendana)'),
(6247, 450, 'Tubo Sendana'),
(6248, 450, 'Banggae Timur'),
(6249, 451, 'Tobadak'),
(6250, 451, 'Pangale'),
(6251, 451, 'Budong-Budong'),
(6252, 451, 'Topoyo'),
(6253, 451, 'Karossa'),
(6254, 452, 'Amahai'),
(6255, 452, 'Teon Nila Serua'),
(6256, 452, 'Seram Utara'),
(6257, 452, 'Banda'),
(6258, 452, 'Tehoru'),
(6259, 452, 'Saparua'),
(6260, 452, 'Pulau Haruku'),
(6261, 452, 'Salahutu'),
(6262, 452, 'Leihitu'),
(6263, 452, 'Nusa Laut'),
(6264, 452, 'Kota Masohi'),
(6265, 452, 'Seram Utara Barat'),
(6266, 452, 'Teluk Elpaputih'),
(6267, 452, 'Leihitu Barat'),
(6268, 452, 'Telutih'),
(6269, 452, 'Seram Utara Timur Seti'),
(6270, 452, 'Seram Utara Timur Kobi'),
(6271, 452, 'Saparua Timur'),
(6272, 453, 'Kei Kecil'),
(6273, 453, 'Kei Besar'),
(6274, 453, 'Kei Besar Selatan'),
(6275, 453, 'Kei Besar Utara Timur'),
(6276, 453, 'Kei Kecil Timur'),
(6277, 453, 'Kei Kecil Barat'),
(6278, 453, 'Manyeuw'),
(6279, 453, 'Hoat Sorbay'),
(6280, 453, 'Kei Besar Utara Barat'),
(6281, 453, 'Kei Besar Selatan Barat'),
(6282, 453, 'Kei Kecil Timur Selatan'),
(6283, 454, 'Tanimbar Selatan'),
(6284, 454, 'Selaru'),
(6285, 454, 'Wertamrian (Wer Tamrian)'),
(6286, 454, 'Wermaktian (Wer Maktian)'),
(6287, 454, 'Tanimbar Utara'),
(6288, 454, 'Fordata (Yaru)'),
(6289, 454, 'Wuar Labobar'),
(6290, 454, 'Kormomolin'),
(6291, 454, 'Nirunmas'),
(6292, 454, 'Molu Maru'),
(6293, 455, 'Namlea'),
(6294, 455, 'Air Buaya (Airbuaya)'),
(6295, 455, 'Waeapo'),
(6296, 455, 'Waplau'),
(6297, 455, 'Batabual'),
(6298, 455, 'Lolong Guba'),
(6299, 455, 'Waelata'),
(6300, 455, 'Fena Leisela'),
(6301, 455, 'Teluk Kaiely'),
(6302, 455, 'Lilialy'),
(6303, 456, 'Bula'),
(6304, 456, 'Seram Timur'),
(6305, 456, 'Werinama'),
(6306, 456, 'Pulau Gorom'),
(6307, 456, 'Wakate'),
(6308, 456, 'Tutuk Tolu'),
(6309, 456, 'Siwalalat'),
(6310, 456, 'Kilmury'),
(6311, 456, 'Pulau Panjang'),
(6312, 456, 'Teor'),
(6313, 456, 'Gorom Timur'),
(6314, 456, 'Bula Barat'),
(6315, 456, 'Kian Darat'),
(6316, 456, 'Siritaun Wida Timur'),
(6317, 456, 'Teluk Waru'),
(6318, 457, 'Kairatu'),
(6319, 457, 'Seram Barat'),
(6320, 457, 'Taniwel'),
(6321, 457, 'Huamual Belakang'),
(6322, 457, 'Amalatu'),
(6323, 457, 'Inamosol'),
(6324, 457, 'Kairatu Barat'),
(6325, 457, 'Huamual'),
(6326, 457, 'Kepulauan Manipa'),
(6327, 457, 'Taniwel Timur'),
(6328, 457, 'Elpaputih'),
(6329, 458, 'Pulau-Pulau Aru'),
(6330, 458, 'Aru Selatan'),
(6331, 458, 'Aru Tengah'),
(6332, 458, 'Aru Utara'),
(6333, 458, 'Aru Utara Timur Batuley'),
(6334, 458, 'Sir-Sir'),
(6335, 458, 'Aru Tengah Timur'),
(6336, 458, 'Aru Tengah Selatan'),
(6337, 458, 'Aru Selatan Timur'),
(6338, 458, 'Aru Selatan Utara'),
(6339, 459, 'Moa (Moa Lakor)'),
(6340, 459, 'Damer'),
(6341, 459, 'Mdona Hyera (Mndona Hiera)'),
(6342, 459, 'Babar Barat (Pulau Pulau Babar)'),
(6343, 459, 'Pulau-pulau Babar Timur'),
(6344, 459, 'Wetar Selatan'),
(6345, 459, 'Kisar Selatan (Pulau Pulau Terselatan)'),
(6346, 459, 'Pulau Leti (Letti Moa Lakor)'),
(6347, 459, 'Pulau Masela'),
(6348, 459, 'Dawelor Dawera'),
(6349, 459, 'Pulau Wetang'),
(6350, 459, 'Pulau Lakor'),
(6351, 459, 'Wetar Utara'),
(6352, 459, 'Wetar Barat'),
(6353, 459, 'Wetar Timur'),
(6354, 459, 'Kepulauan Roma (Romang)'),
(6355, 459, 'Kisar Utara'),
(6356, 460, 'Namrole'),
(6357, 460, 'Waesama'),
(6358, 460, 'Ambalau'),
(6359, 460, 'Kepala Madan'),
(6360, 460, 'Leksula'),
(6361, 460, 'Fena Fafan'),
(6362, 461, 'Nusaniwe (Nusanive)'),
(6363, 461, 'Sirimau'),
(6364, 461, 'Baguala'),
(6365, 461, 'Teluk Ambon'),
(6366, 461, 'Leitimur Selatan'),
(6367, 462, 'Pulau Dullah Utara'),
(6368, 462, 'Pulau Dullah Selatan'),
(6369, 462, 'Tayando Tam'),
(6370, 462, 'Pulau-Pulau Kur'),
(6371, 462, 'Kur Selatan'),
(6372, 463, 'Jailolo'),
(6373, 463, 'Loloda'),
(6374, 463, 'Ibu'),
(6375, 463, 'Sahu'),
(6376, 463, 'Jailolo Selatan'),
(6377, 463, 'Ibu Utara'),
(6378, 463, 'Ibu Selatan'),
(6379, 463, 'Sahu Timur'),
(6380, 463, 'Loloda Tengah'),
(6381, 464, 'Weda'),
(6382, 464, 'Patani'),
(6383, 464, 'Pulau Gebe'),
(6384, 464, 'Weda Utara'),
(6385, 464, 'Weda Selatan'),
(6386, 464, 'Patani Utara'),
(6387, 464, 'Weda Tengah'),
(6388, 464, 'Patani Barat'),
(6389, 464, 'Weda Timur'),
(6390, 464, 'Patani Timur'),
(6391, 465, 'Galela'),
(6392, 465, 'Tobelo'),
(6393, 465, 'Tobelo Selatan'),
(6394, 465, 'Kao'),
(6395, 465, 'Malifut'),
(6396, 465, 'Loloda Utara'),
(6397, 465, 'Tobelo Utara'),
(6398, 465, 'Tobelo Tengah'),
(6399, 465, 'Tobelo Timur'),
(6400, 465, 'Tobelo Barat'),
(6401, 465, 'Galela Barat'),
(6402, 465, 'Galela Utara'),
(6403, 465, 'Galela Selatan'),
(6404, 465, 'Loloda Kepulauan'),
(6405, 465, 'Kao Utara'),
(6406, 465, 'Kao Barat'),
(6407, 465, 'Kao Teluk'),
(6408, 466, 'Pulau Makian'),
(6409, 466, 'Kayoa'),
(6410, 466, 'Gane Timur'),
(6411, 466, 'Gane Barat'),
(6412, 466, 'Obi Selatan'),
(6413, 466, 'Obi'),
(6414, 466, 'Bacan Timur'),
(6415, 466, 'Bacan'),
(6416, 466, 'Bacan Barat'),
(6417, 466, 'Makian Barat'),
(6418, 466, 'Kayoa Barat'),
(6419, 466, 'Kayoa Selatan'),
(6420, 466, 'Kayoa Utara'),
(6421, 466, 'Bacan Barat Utara'),
(6422, 466, 'Kasiruta Barat'),
(6423, 466, 'Kasiruta Timur'),
(6424, 466, 'Bacan Selatan'),
(6425, 466, 'Kepulauan Botanglomang'),
(6426, 466, 'Mandioli Selatan'),
(6427, 466, 'Mandioli Utara'),
(6428, 466, 'Bacan Timur Selatan'),
(6429, 466, 'Bacan Timur Tengah'),
(6430, 466, 'Gane Barat Selatan'),
(6431, 466, 'Gane Barat Utara'),
(6432, 466, 'Kepulauan Joronga'),
(6433, 466, 'Gane Timur Selatan'),
(6434, 466, 'Gane Timur Tengah'),
(6435, 466, 'Obi Barat'),
(6436, 466, 'Obi Timur'),
(6437, 466, 'Obi Utara'),
(6438, 467, 'Mangoli Timur'),
(6439, 467, 'Sanana'),
(6440, 467, 'Sulabesi Barat'),
(6441, 467, 'Mangoli Barat'),
(6442, 467, 'Sulabesi Tengah'),
(6443, 467, 'Sulabesi Timur'),
(6444, 467, 'Sulabesi Selatan'),
(6445, 467, 'Mangoli Utara Timur'),
(6446, 467, 'Mangoli Tengah'),
(6447, 467, 'Mangoli Selatan'),
(6448, 467, 'Mangoli Utara'),
(6449, 467, 'Sanana Utara'),
(6450, 468, 'Wasile'),
(6451, 468, 'Maba'),
(6452, 468, 'Maba Selatan'),
(6453, 468, 'Wasile Selatan'),
(6454, 468, 'Wasile Tengah'),
(6455, 468, 'Wasile Utara'),
(6456, 468, 'Wasile Timur'),
(6457, 468, 'Maba Tengah'),
(6458, 468, 'Maba Utara'),
(6459, 468, 'Kota Maba'),
(6460, 469, 'Morotai Selatan'),
(6461, 469, 'Morotai Selatan Barat'),
(6462, 469, 'Morotai Jaya'),
(6463, 469, 'Morotai Utara'),
(6464, 469, 'Morotai Timur'),
(6465, 469, 'Pulau Rao'),
(6466, 470, 'Taliabu Barat'),
(6467, 470, 'Taliabu Barat Laut'),
(6468, 470, 'Lede'),
(6469, 470, 'Taliabu Utara'),
(6470, 470, 'Taliabu Timur'),
(6471, 470, 'Taliabu Timur Selatan'),
(6472, 470, 'Taliabu Selatan'),
(6473, 470, 'Tabona'),
(6474, 471, 'Pulau Ternate'),
(6475, 471, 'Kota Ternate Selatan'),
(6476, 471, 'Kota Ternate Utara'),
(6477, 471, 'Moti'),
(6478, 471, 'Pulau Batang Dua'),
(6479, 471, 'Kota Ternate Tengah'),
(6480, 471, 'Pulau Hiri'),
(6481, 471, 'Ternate Barat'),
(6482, 472, 'Tidore'),
(6483, 472, 'Oba Utara'),
(6484, 472, 'Oba'),
(6485, 472, 'Tidore Selatan'),
(6486, 472, 'Tidore Utara'),
(6487, 472, 'Oba Tengah'),
(6488, 472, 'Oba Selatan'),
(6489, 472, 'Tidore Timur'),
(6490, 473, 'Sentani'),
(6491, 473, 'Sentani Timur'),
(6492, 473, 'Depapre'),
(6493, 473, 'Sentani Barat'),
(6494, 473, 'Kemtuk'),
(6495, 473, 'Kemtuk Gresi'),
(6496, 473, 'Nimboran'),
(6497, 473, 'Nimbokrang'),
(6498, 473, 'Unurum Guay'),
(6499, 473, 'Demta'),
(6500, 473, 'Kaureh'),
(6501, 473, 'Ebungfao (Ebungfau / Ebungfa)'),
(6502, 473, 'Waibu'),
(6503, 473, 'Nambluong'),
(6504, 473, 'Yapsi'),
(6505, 473, 'Airu'),
(6506, 473, 'Raveni Rara (Ravenirara)'),
(6507, 473, 'Gresi Selatan'),
(6508, 473, 'Yokari'),
(6509, 474, 'Yapen Selatan'),
(6510, 474, 'Yapen Barat'),
(6511, 474, 'Yapen Timur'),
(6512, 474, 'Angkaisera'),
(6513, 474, 'Poom'),
(6514, 474, 'Kosiwo'),
(6515, 474, 'Yapen Utara'),
(6516, 474, 'Raimbawi'),
(6517, 474, 'Teluk Ampimoi'),
(6518, 474, 'Kepulauan Ambai'),
(6519, 474, 'Wonawa'),
(6520, 474, 'Windesi'),
(6521, 474, 'Pulau Kurudu'),
(6522, 474, 'Pulau Yerui'),
(6523, 474, 'Anotaurei'),
(6524, 474, 'Yawakukat'),
(6525, 474, 'Nusawani'),
(6526, 475, 'Biak Kota'),
(6527, 475, 'Biak Utara'),
(6528, 475, 'Biak Timur'),
(6529, 475, 'Numfor Barat'),
(6530, 475, 'Numfor Timur'),
(6531, 475, 'Biak Barat'),
(6532, 475, 'Warsa'),
(6533, 475, 'Padaido'),
(6534, 475, 'Yendidori'),
(6535, 475, 'Samofa'),
(6536, 475, 'Yawosi'),
(6537, 475, 'Andey'),
(6538, 475, 'Swandiwe'),
(6539, 475, 'Bruyadori'),
(6540, 475, 'Orkeri'),
(6541, 475, 'Poiru'),
(6542, 475, 'Aimando Padaido'),
(6543, 475, 'Oridek'),
(6544, 475, 'Bondifuar'),
(6545, 476, 'Sarmi'),
(6546, 476, 'Tor Atas'),
(6547, 476, 'Pantai Barat'),
(6548, 476, 'Pantai Timur'),
(6549, 476, 'Bonggo'),
(6550, 476, 'Apawer Hulu'),
(6551, 476, 'Sarmi Selatan'),
(6552, 476, 'Sarmi Timur'),
(6553, 476, 'Pantai Timur Bagian Barat'),
(6554, 476, 'Bonggo Timur'),
(6555, 477, 'Waris'),
(6556, 477, 'Arso'),
(6557, 477, 'Senggi'),
(6558, 477, 'Web'),
(6559, 477, 'Skanto'),
(6560, 477, 'Arso Timur'),
(6561, 477, 'Towe'),
(6562, 477, 'Arso Barat'),
(6563, 477, 'Mannem'),
(6564, 477, 'Yaffi'),
(6565, 477, 'Kaisenar'),
(6566, 478, 'Waropen Bawah'),
(6567, 478, 'Masirei'),
(6568, 478, 'Risei Sayati'),
(6569, 478, 'Urei Faisei'),
(6570, 478, 'Inggerus'),
(6571, 478, 'Kirihi'),
(6572, 478, 'Oudate'),
(6573, 478, 'Wapoga'),
(6574, 478, 'Demba'),
(6575, 478, 'Wonti'),
(6576, 478, 'Soyoi Mambai'),
(6577, 479, 'Supiori Selatan'),
(6578, 479, 'Supiori Utara'),
(6579, 479, 'Supiori Timur'),
(6580, 479, 'Kepulauan Aruri'),
(6581, 479, 'Supiori Barat'),
(6582, 480, 'Mamberamo Tengah'),
(6583, 480, 'Mamberamo Hulu'),
(6584, 480, 'Rufaer'),
(6585, 480, 'Mamberamo Tengah Timur'),
(6586, 480, 'Mamberamo Hilir'),
(6587, 480, 'Waropen Atas'),
(6588, 480, 'Benuki'),
(6589, 480, 'Sawai'),
(6590, 481, 'Jayapura Utara'),
(6591, 481, 'Jayapura Selatan'),
(6592, 481, 'Abepura'),
(6593, 481, 'Muara Tami'),
(6594, 481, 'Heram'),
(6595, 482, 'Makbon'),
(6596, 482, 'Beraur'),
(6597, 482, 'Salawati'),
(6598, 482, 'Seget'),
(6599, 482, 'Aimas'),
(6600, 482, 'Klamono'),
(6601, 482, 'Sayosa'),
(6602, 482, 'Segun'),
(6603, 482, 'Mayamuk'),
(6604, 482, 'Salawati Selatan'),
(6605, 482, 'Klabot'),
(6606, 482, 'Klawak'),
(6607, 482, 'Maudus'),
(6608, 482, 'Mariat'),
(6609, 482, 'Klayili'),
(6610, 482, 'Klaso'),
(6611, 482, 'Moisegen'),
(6612, 482, 'Sorong'),
(6613, 482, 'Bagun'),
(6614, 482, 'Wemak'),
(6615, 482, 'Sunook'),
(6616, 482, 'Buk'),
(6617, 482, 'Saengkeduk'),
(6618, 482, 'Malabotom'),
(6619, 482, 'Konhir'),
(6620, 482, 'Klasafet'),
(6621, 482, 'Hobard'),
(6622, 482, 'Salawati Tengah'),
(6623, 482, 'Botain'),
(6624, 482, 'Sayosa Timur'),
(6625, 483, 'Warmare'),
(6626, 483, 'Prafi'),
(6627, 483, 'Masni'),
(6628, 483, 'Manokwari Barat'),
(6629, 483, 'Manokwari Timur'),
(6630, 483, 'Manokwari Utara'),
(6631, 483, 'Manokwari Selatan'),
(6632, 483, 'Tanah Rubuh'),
(6633, 483, 'Sidey'),
(6634, 484, 'Fak-Fak (Fakfak)'),
(6635, 484, 'Fak-Fak Barat (Fakfak Barat)'),
(6636, 484, 'Fak-Fak Timur (Fakfak Timur)'),
(6637, 484, 'Kokas'),
(6638, 484, 'Fak-Fak Tengah (Fakfak Tengah)'),
(6639, 484, 'Karas'),
(6640, 484, 'Bomberay'),
(6641, 484, 'Kramongmongga'),
(6642, 484, 'Teluk Patipi'),
(6643, 484, 'Pariwari'),
(6644, 484, 'Wartutin'),
(6645, 484, 'Fakfak Timur Tengah'),
(6646, 484, 'Arguni'),
(6647, 484, 'Mbahamdandara'),
(6648, 484, 'Kayauni'),
(6649, 484, 'Furwagi'),
(6650, 484, 'Tomage'),
(6651, 485, 'Teminabuan'),
(6652, 485, 'Inanwatan'),
(6653, 485, 'Sawiat'),
(6654, 485, 'Kokoda'),
(6655, 485, 'Moswaren'),
(6656, 485, 'Seremuk'),
(6657, 485, 'Wayer'),
(6658, 485, 'Kais'),
(6659, 485, 'Konda'),
(6660, 485, 'Matemani'),
(6661, 485, 'Kokoda Utara'),
(6662, 485, 'Saifi'),
(6663, 485, 'Fokour'),
(6664, 485, 'Salkma'),
(6665, 485, 'Kais Darat'),
(6666, 486, 'Misool (Misool Utara)'),
(6667, 486, 'Waigeo Utara'),
(6668, 486, 'Waigeo Selatan'),
(6669, 486, 'Salawati Utara'),
(6670, 486, 'Kepulauan Ayau'),
(6671, 486, 'Misool Timur'),
(6672, 486, 'Waigeo Barat'),
(6673, 486, 'Waigeo Timur'),
(6674, 486, 'Teluk Mayalibit'),
(6675, 486, 'Kofiau'),
(6676, 486, 'Meos Mansar'),
(6677, 486, 'Misool Selatan'),
(6678, 486, 'Warwarbomi'),
(6679, 486, 'Waigeo Barat Kepulauan'),
(6680, 486, 'Misool Barat'),
(6681, 486, 'Kepulauan Sembilan'),
(6682, 486, 'Kota Waisai'),
(6683, 486, 'Tiplol Mayalibit'),
(6684, 486, 'Batanta Utara'),
(6685, 486, 'Salawati Barat'),
(6686, 486, 'Salawati Tengah'),
(6687, 486, 'Supnin'),
(6688, 486, 'Ayau'),
(6689, 486, 'Batanta Selatan'),
(6690, 487, 'Bintuni'),
(6691, 487, 'Merdey'),
(6692, 487, 'Babo'),
(6693, 487, 'Aranday'),
(6694, 487, 'Moskona Selatan'),
(6695, 487, 'Moskona Utara'),
(6696, 487, 'Wamesa (Idoor)'),
(6697, 487, 'Fafurwar (Irorutu)'),
(6698, 487, 'Tembuni'),
(6699, 487, 'Kuri'),
(6700, 487, 'Manimeri'),
(6701, 487, 'Tuhiba'),
(6702, 487, 'Dataran Beimes'),
(6703, 487, 'Sumuri (Simuri)'),
(6704, 487, 'Kaitaro'),
(6705, 487, 'Aroba'),
(6706, 487, 'Masyeta'),
(6707, 487, 'Biscoop'),
(6708, 487, 'Tomu'),
(6709, 487, 'Kamundan'),
(6710, 487, 'Weriagar'),
(6711, 487, 'Moskona Barat'),
(6712, 487, 'Meyado (Mayado)'),
(6713, 487, 'Moskona Timur'),
(6714, 488, 'Wasior'),
(6715, 488, 'Windesi'),
(6716, 488, 'Teluk Duairi'),
(6717, 488, 'Wondiboy'),
(6718, 488, 'Wamesa'),
(6719, 488, 'Rumberpon'),
(6720, 488, 'Naikere'),
(6721, 488, 'Rasiei'),
(6722, 488, 'Kuri Wamesa'),
(6723, 488, 'Roon'),
(6724, 488, 'Roswar'),
(6725, 488, 'Nikiwar'),
(6726, 488, 'Soug Jaya'),
(6727, 489, 'Kaimana'),
(6728, 489, 'Buruway'),
(6729, 489, 'Teluk Arguni Atas'),
(6730, 489, 'Teluk Etna'),
(6731, 489, 'Kambrau (Kambraw / Kamberau)'),
(6732, 489, 'Teluk Arguni Bawah (Yerusi)'),
(6733, 489, 'Yamor'),
(6734, 490, 'Fef'),
(6735, 490, 'Miyah'),
(6736, 490, 'Yembun'),
(6737, 490, 'Kwoor'),
(6738, 490, 'Sausapor'),
(6739, 490, 'Abun'),
(6740, 490, 'Syujak'),
(6741, 490, 'Moraid'),
(6742, 490, 'Kebar'),
(6743, 490, 'Amberbaken'),
(6744, 490, 'Senopi'),
(6745, 490, 'Mubrani'),
(6746, 490, 'Bikar'),
(6747, 490, 'Bamusbama'),
(6748, 490, 'Ases'),
(6749, 490, 'Miyah Selatan'),
(6750, 490, 'Ireres'),
(6751, 490, 'Tobouw'),
(6752, 490, 'Wilhem Roumbouts'),
(6753, 490, 'Tinggouw'),
(6754, 490, 'Kwesefo'),
(6755, 490, 'Mawabuan'),
(6756, 490, 'Kebar Timur'),
(6757, 490, 'Kebar Selatan'),
(6758, 490, 'Manekar'),
(6759, 490, 'Mpur'),
(6760, 490, 'Amberbaken Barat'),
(6761, 490, 'Kasi'),
(6762, 490, 'Selemkai'),
(6763, 491, 'Aifat'),
(6764, 491, 'Aifat Utara'),
(6765, 491, 'Aifat Timur'),
(6766, 491, 'Aifat Selatan'),
(6767, 491, 'Aitinyo Barat'),
(6768, 491, 'Aitinyo'),
(6769, 491, 'Aitinyo Utara'),
(6770, 491, 'Ayamaru'),
(6771, 491, 'Ayamaru Utara'),
(6772, 491, 'Ayamaru Timur'),
(6773, 491, 'Mare'),
(6774, 491, 'Aifat Timur Tengah'),
(6775, 491, 'Aifat Timur Jauh'),
(6776, 491, 'Aifat Timur Selatan'),
(6777, 491, 'Ayamaru Selatan'),
(6778, 491, 'Ayamaru Jaya'),
(6779, 491, 'Ayamaru Selatan Jaya'),
(6780, 491, 'Ayamaru Timur Selatan'),
(6781, 491, 'Ayamaru Utara Timur'),
(6782, 491, 'Ayamaru Tengah'),
(6783, 491, 'Ayamaru Barat'),
(6784, 491, 'Aitinyo Tengah'),
(6785, 491, 'Aitinyo Raya'),
(6786, 491, 'Mare Selatan'),
(6787, 492, 'Ransiki'),
(6788, 492, 'Oransbari'),
(6789, 492, 'Neney'),
(6790, 492, 'Dataran Isim'),
(6791, 492, 'Momi Waren'),
(6792, 492, 'Tahota'),
(6793, 493, 'Anggi'),
(6794, 493, 'Anggi Gida'),
(6795, 493, 'Membey'),
(6796, 493, 'Sururey'),
(6797, 493, 'Didohu'),
(6798, 493, 'Taige'),
(6799, 493, 'Catubouw'),
(6800, 493, 'Testega'),
(6801, 493, 'Minyambaouw'),
(6802, 493, 'Hingk'),
(6803, 494, 'Sorong'),
(6804, 494, 'Sorong Timur'),
(6805, 494, 'Sorong Barat'),
(6806, 494, 'Sorong Kepulauan'),
(6807, 494, 'Sorong Utara'),
(6808, 494, 'Sorong Manoi'),
(6809, 494, 'Sorong Kota'),
(6810, 494, 'Klaurung'),
(6811, 494, 'Malaimsimsa'),
(6812, 494, 'Maladum Mes'),
(6813, 495, 'Merauke'),
(6814, 495, 'Muting'),
(6815, 495, 'Okaba'),
(6816, 495, 'Kimaam'),
(6817, 495, 'Semangga'),
(6818, 495, 'Tanah Miring'),
(6819, 495, 'Jagebob'),
(6820, 495, 'Sota'),
(6821, 495, 'Ulilin'),
(6822, 495, 'Elikobal'),
(6823, 495, 'Kurik'),
(6824, 495, 'Naukenjerai'),
(6825, 495, 'Animha'),
(6826, 495, 'Malind'),
(6827, 495, 'Tubang'),
(6828, 495, 'Ngguti'),
(6829, 495, 'Kaptel'),
(6830, 495, 'Tabonji'),
(6831, 495, 'Waan'),
(6832, 495, 'Ilwayab (Ilyawab)'),
(6833, 495, 'Padua'),
(6834, 495, 'Kontuar'),
(6835, 496, 'Mandobo'),
(6836, 496, 'Mindiptana'),
(6837, 496, 'Waropko'),
(6838, 496, 'Kouh'),
(6839, 496, 'Jair'),
(6840, 496, 'Bomakia'),
(6841, 496, 'Kombut'),
(6842, 496, 'Iniyandit'),
(6843, 496, 'Arimop'),
(6844, 496, 'Fofi'),
(6845, 496, 'Ambatkwi (Ambatkui)'),
(6846, 496, 'Manggelum'),
(6847, 496, 'Firiwage'),
(6848, 496, 'Yaniruma'),
(6849, 496, 'Subur'),
(6850, 496, 'Kombay'),
(6851, 496, 'Ninati'),
(6852, 496, 'Sesnuk'),
(6853, 496, 'Ki'),
(6854, 496, 'Kawagit'),
(6855, 497, 'Obaa'),
(6856, 497, 'Mambioman Bapai'),
(6857, 497, 'Citak-Mitak (Citakmitak)'),
(6858, 497, 'Edera'),
(6859, 497, 'Haju'),
(6860, 497, 'Assue'),
(6861, 497, 'Kaibar'),
(6862, 497, 'Passue'),
(6863, 497, 'Minyamur'),
(6864, 497, 'Venaha'),
(6865, 497, 'Syahcame'),
(6866, 497, 'Yakomi'),
(6867, 497, 'Bamgi'),
(6868, 497, 'Passue Bawah'),
(6869, 497, 'Ti Zain'),
(6870, 498, 'Agats'),
(6871, 498, 'Atsj (Atsy)'),
(6872, 498, 'Sawa Erma'),
(6873, 498, 'Akat'),
(6874, 498, 'Fayit'),
(6875, 498, 'Pantai Kasuari'),
(6876, 498, 'Suator'),
(6877, 498, 'Suru-suru'),
(6878, 498, 'Kolf Braza'),
(6879, 498, 'Unir Sirau'),
(6880, 498, 'Joerat'),
(6881, 498, 'Pulau Tiga'),
(6882, 498, 'Jetsy'),
(6883, 498, 'Der Koumur'),
(6884, 498, 'Kopay'),
(6885, 498, 'Safan'),
(6886, 498, 'Sirets'),
(6887, 498, 'Ayip'),
(6888, 498, 'Betcbamu'),
(6889, 498, 'Joutu'),
(6890, 498, 'Aswi'),
(6891, 498, 'Awyu'),
(6892, 498, 'Koroway Buluanop'),
(6893, 498, 'Tomor Birip'),
(6894, 498, 'Sor Ep'),
(6895, 499, 'Nabire'),
(6896, 499, 'Napan'),
(6897, 499, 'Yaur'),
(6898, 499, 'Uwapa'),
(6899, 499, 'Wanggar'),
(6900, 499, 'Siriwo'),
(6901, 499, 'Makimi'),
(6902, 499, 'Teluk Umar'),
(6903, 499, 'Teluk Kimi'),
(6904, 499, 'Yaro'),
(6905, 499, 'Wapoga'),
(6906, 499, 'Nabire Barat'),
(6907, 499, 'Moora'),
(6908, 499, 'Dipa'),
(6909, 499, 'Menou'),
(6910, 500, 'Mulia'),
(6911, 500, 'Ilu'),
(6912, 500, 'Fawi'),
(6913, 500, 'Mewoluk'),
(6914, 500, 'Yamo'),
(6915, 500, 'Nume'),
(6916, 500, 'Torere'),
(6917, 500, 'Tingginambut'),
(6918, 500, 'Pagaleme'),
(6919, 500, 'Gurage'),
(6920, 500, 'Irimuli'),
(6921, 500, 'Muara'),
(6922, 500, 'Ilamburawi'),
(6923, 500, 'Yambi'),
(6924, 500, 'Lumo'),
(6925, 500, 'Molanikime'),
(6926, 500, 'Dokome'),
(6927, 500, 'Kalome'),
(6928, 500, 'Wanwi'),
(6929, 500, 'Yamoneri'),
(6930, 500, 'Waegi'),
(6931, 500, 'Nioga'),
(6932, 500, 'Gubume'),
(6933, 500, 'Taganombak'),
(6934, 500, 'Dagai'),
(6935, 500, 'Kiyage'),
(6936, 501, 'Paniai Timur'),
(6937, 501, 'Paniai Barat'),
(6938, 501, 'Aradide'),
(6939, 501, 'Bogabaida'),
(6940, 501, 'Bibida'),
(6941, 501, 'Dumadama'),
(6942, 501, 'Siriwo'),
(6943, 501, 'Kebo'),
(6944, 501, 'Yatamo'),
(6945, 501, 'Ekadide'),
(6946, 501, 'Wegee Muka'),
(6947, 501, 'Wegee Bino'),
(6948, 501, 'Pugo Dagi'),
(6949, 501, 'Muye'),
(6950, 501, 'Nakama'),
(6951, 501, 'Teluk Deya'),
(6952, 501, 'Yagai'),
(6953, 501, 'Youtadi'),
(6954, 501, 'Baya Biru'),
(6955, 501, 'Deiyai Miyo'),
(6956, 501, 'Dogomo'),
(6957, 501, 'Aweida'),
(6958, 501, 'Topiyai'),
(6959, 501, 'Fajar Timur'),
(6960, 502, 'Mimika Baru'),
(6961, 502, 'Agimuga'),
(6962, 502, 'Mimika Timur'),
(6963, 502, 'Mimika Barat'),
(6964, 502, 'Jita'),
(6965, 502, 'Jila'),
(6966, 502, 'Mimika Timur Jauh'),
(6967, 502, 'Mimika Tengah'),
(6968, 502, 'Kuala Kencana'),
(6969, 502, 'Tembagapura'),
(6970, 502, 'Mimika Barat Jauh'),
(6971, 502, 'Mimika Barat Tengah'),
(6972, 502, 'Kwamki Narama'),
(6973, 502, 'Hoya'),
(6974, 502, 'Iwaka'),
(6975, 502, 'Wania'),
(6976, 502, 'Amar'),
(6977, 502, 'Alama'),
(6978, 503, 'Ilaga'),
(6979, 503, 'Wangbe'),
(6980, 503, 'Beoga'),
(6981, 503, 'Doufo'),
(6982, 503, 'Pogoma'),
(6983, 503, 'Sinak'),
(6984, 503, 'Agandugume'),
(6985, 503, 'Gome'),
(6986, 503, 'Dervos'),
(6987, 503, 'Beoga Barat'),
(6988, 503, 'Beoga Timur'),
(6989, 503, 'Ogamanim'),
(6990, 503, 'Kembru'),
(6991, 503, 'Bina'),
(6992, 503, 'Sinak Barat'),
(6993, 503, 'Mage\'abume'),
(6994, 503, 'Yugumuak'),
(6995, 503, 'Ilaga Utara'),
(6996, 503, 'Mabugi'),
(6997, 503, 'Omukia'),
(6998, 503, 'Lambewi'),
(6999, 503, 'Oneri'),
(7000, 503, 'Amungkalpia'),
(7001, 503, 'Gome Utara'),
(7002, 503, 'Erelmakawia'),
(7003, 504, 'Kamu'),
(7004, 504, 'Mapia'),
(7005, 504, 'Piyaiye'),
(7006, 504, 'Kamu Utara'),
(7007, 504, 'Sukikai Selatan'),
(7008, 504, 'Mapia Barat'),
(7009, 504, 'Kamu Selatan'),
(7010, 504, 'Kamu Timur'),
(7011, 504, 'Mapia Tengah'),
(7012, 504, 'Dogiyai'),
(7013, 505, 'Sugapa'),
(7014, 505, 'Homeyo'),
(7015, 505, 'Wandai'),
(7016, 505, 'Biandoga'),
(7017, 505, 'Agisiga'),
(7018, 505, 'Hitadipa'),
(7019, 505, 'Ugimba'),
(7020, 505, 'Tomosiga'),
(7021, 506, 'Tigi'),
(7022, 506, 'Tigi Timur'),
(7023, 506, 'Bowobado'),
(7024, 506, 'Tigi Barat'),
(7025, 506, 'Kapiraya'),
(7026, 507, 'Wamena'),
(7027, 507, 'Kurulu'),
(7028, 507, 'Asologaima'),
(7029, 507, 'Hubikosi'),
(7030, 507, 'Bolakme'),
(7031, 507, 'Walelagama'),
(7032, 507, 'Musatfak'),
(7033, 507, 'Wolo'),
(7034, 507, 'Asolokobal'),
(7035, 507, 'Pelebaga'),
(7036, 507, 'Yalengga'),
(7037, 507, 'Trikora'),
(7038, 507, 'Napua'),
(7039, 507, 'Walaik'),
(7040, 507, 'Wouma'),
(7041, 507, 'Hubikiak'),
(7042, 507, 'Ibele'),
(7043, 507, 'Taelarek'),
(7044, 507, 'Itlay Hisage'),
(7045, 507, 'Siepkosi'),
(7046, 507, 'Usilimo'),
(7047, 507, 'Wita Waya'),
(7048, 507, 'Libarek'),
(7049, 507, 'Wadangku'),
(7050, 507, 'Pisugi'),
(7051, 507, 'Koragi'),
(7052, 507, 'Tagime'),
(7053, 507, 'Molagalome'),
(7054, 507, 'Tagineri'),
(7055, 507, 'Silo Karno Doga'),
(7056, 507, 'Piramid'),
(7057, 507, 'Muliama'),
(7058, 507, 'Bugi'),
(7059, 507, 'Bpiri'),
(7060, 507, 'Welesi'),
(7061, 507, 'Asotipo'),
(7062, 507, 'Maima'),
(7063, 507, 'Popugoba'),
(7064, 507, 'Wame'),
(7065, 507, 'Wesaput'),
(7066, 508, 'Oksibil'),
(7067, 508, 'Kiwirok'),
(7068, 508, 'Okbibab'),
(7069, 508, 'Iwur'),
(7070, 508, 'Batom'),
(7071, 508, 'Borme'),
(7072, 508, 'Kiwirok Timur'),
(7073, 508, 'Aboy'),
(7074, 508, 'Pepera'),
(7075, 508, 'Bime'),
(7076, 508, 'Alemsom'),
(7077, 508, 'Okbape'),
(7078, 508, 'Kalomdol'),
(7079, 508, 'Oksop'),
(7080, 508, 'Serambakon'),
(7081, 508, 'Ok Aom'),
(7082, 508, 'Kawor'),
(7083, 508, 'Awinbon'),
(7084, 508, 'Tarup'),
(7085, 508, 'Okhika'),
(7086, 508, 'Oksamol'),
(7087, 508, 'Oklip'),
(7088, 508, 'Okbemtau'),
(7089, 508, 'Oksebang'),
(7090, 508, 'Okbab'),
(7091, 508, 'Batani'),
(7092, 508, 'Weime'),
(7093, 508, 'Murkim'),
(7094, 508, 'Mofinop'),
(7095, 508, 'Jetfa'),
(7096, 508, 'Teiraplu'),
(7097, 508, 'Eipumek'),
(7098, 508, 'Pamek'),
(7099, 508, 'Nongme'),
(7100, 509, 'Kurima'),
(7101, 509, 'Anggruk'),
(7102, 509, 'Ninia'),
(7103, 509, 'Silimo'),
(7104, 509, 'Samenage'),
(7105, 509, 'Nalca'),
(7106, 509, 'Dekai'),
(7107, 509, 'Obio'),
(7108, 509, 'Suru Suru'),
(7109, 509, 'Wusama'),
(7110, 509, 'Amuma'),
(7111, 509, 'Musaik'),
(7112, 509, 'Pasema'),
(7113, 509, 'Hogio'),
(7114, 509, 'Mugi'),
(7115, 509, 'Soba'),
(7116, 509, 'Werima'),
(7117, 509, 'Tangma'),
(7118, 509, 'Ukha'),
(7119, 509, 'Panggema'),
(7120, 509, 'Kosarek'),
(7121, 509, 'Nipsan'),
(7122, 509, 'Ubahak'),
(7123, 509, 'Pronggoli'),
(7124, 509, 'Walma'),
(7125, 509, 'Yahuliambut'),
(7126, 509, 'Hereapini'),
(7127, 509, 'Ubalihi'),
(7128, 509, 'Talambo'),
(7129, 509, 'Puldama'),
(7130, 509, 'Endomen'),
(7131, 509, 'Kona'),
(7132, 509, 'Dirwemna'),
(7133, 509, 'Holuwon'),
(7134, 509, 'Lolat'),
(7135, 509, 'Soloikma'),
(7136, 509, 'Sela'),
(7137, 509, 'Korupun'),
(7138, 509, 'Langda'),
(7139, 509, 'Bomela'),
(7140, 509, 'Suntamon'),
(7141, 509, 'Seradala'),
(7142, 509, 'Sobaham'),
(7143, 509, 'Kabianggama'),
(7144, 509, 'Kwelamdua'),
(7145, 509, 'Kwikma'),
(7146, 509, 'Hilipuk'),
(7147, 509, 'Duram'),
(7148, 509, 'Yogosem'),
(7149, 509, 'Kayo'),
(7150, 509, 'Sumo'),
(7151, 510, 'Karubaga'),
(7152, 510, 'Bokondini'),
(7153, 510, 'Kanggime'),
(7154, 510, 'Kembu'),
(7155, 510, 'Goyage'),
(7156, 510, 'Wunim'),
(7157, 510, 'Wina'),
(7158, 510, 'Umagi'),
(7159, 510, 'Panaga'),
(7160, 510, 'Woniki'),
(7161, 510, 'Kubu'),
(7162, 510, 'Konda/ Kondaga'),
(7163, 510, 'Nelawi'),
(7164, 510, 'Kuari'),
(7165, 510, 'Bokoneri'),
(7166, 510, 'Bewani'),
(7167, 510, 'Nabunage'),
(7168, 510, 'Gilubandu'),
(7169, 510, 'Nunggawi'),
(7170, 510, 'Gundagi'),
(7171, 510, 'Numba'),
(7172, 510, 'Timori'),
(7173, 510, 'Dundu'),
(7174, 510, 'Geya'),
(7175, 510, 'Egiam'),
(7176, 510, 'Poganeri'),
(7177, 510, 'Kamboneri'),
(7178, 510, 'Airgaram'),
(7179, 510, 'Wari/Taiyeve II'),
(7180, 510, 'Dow'),
(7181, 510, 'Tagineri'),
(7182, 510, 'Yuneri'),
(7183, 510, 'Wakuwo'),
(7184, 510, 'Gika'),
(7185, 510, 'Telenggeme'),
(7186, 510, 'Anawi'),
(7187, 510, 'Wenam'),
(7188, 510, 'Wugi'),
(7189, 510, 'Danime'),
(7190, 510, 'Tagime'),
(7191, 510, 'Kai'),
(7192, 510, 'Aweku'),
(7193, 510, 'Bogonuk'),
(7194, 510, 'Li Anogomma'),
(7195, 510, 'Biuk'),
(7196, 510, 'Yuko'),
(7197, 511, 'Kobakma'),
(7198, 511, 'Kelila'),
(7199, 511, 'Eragayam'),
(7200, 511, 'Megambilis'),
(7201, 511, 'Ilugwa'),
(7202, 512, 'Elelim'),
(7203, 512, 'Apalapsili'),
(7204, 512, 'Abenaho'),
(7205, 512, 'Benawa'),
(7206, 512, 'Welarek'),
(7207, 513, 'Tiom'),
(7208, 513, 'Pirime'),
(7209, 513, 'Makki'),
(7210, 513, 'Gamelia'),
(7211, 513, 'Dimba'),
(7212, 513, 'Melagineri'),
(7213, 513, 'Balingga'),
(7214, 513, 'Tiomneri'),
(7215, 513, 'Kuyawage'),
(7216, 513, 'Poga'),
(7217, 513, 'Niname'),
(7218, 513, 'Nogi'),
(7219, 513, 'Yiginua'),
(7220, 513, 'Tiom Ollo'),
(7221, 513, 'Yugungwi'),
(7222, 513, 'Mokoni'),
(7223, 513, 'Wereka'),
(7224, 513, 'Milimbo'),
(7225, 513, 'Wiringgambut'),
(7226, 513, 'Gollo'),
(7227, 513, 'Awina'),
(7228, 513, 'Ayumnati'),
(7229, 513, 'Wano Barat'),
(7230, 513, 'Goa Balim'),
(7231, 513, 'Bruwa'),
(7232, 513, 'Balingga Barat'),
(7233, 513, 'Gupura'),
(7234, 513, 'Kolawa'),
(7235, 513, 'Gelok Beam'),
(7236, 513, 'Kuly Lanny'),
(7237, 513, 'Lannyna'),
(7238, 513, 'Karu'),
(7239, 513, 'Yiluk'),
(7240, 513, 'Guna'),
(7241, 513, 'Kelulome'),
(7242, 513, 'Nikogwe'),
(7243, 513, 'Muara'),
(7244, 513, 'Buguk Gona'),
(7245, 513, 'Melagi'),
(7246, 514, 'Kenyam'),
(7247, 514, 'Mapenduma'),
(7248, 514, 'Yigi'),
(7249, 514, 'Wosak'),
(7250, 514, 'Geselma'),
(7251, 514, 'Mugi'),
(7252, 514, 'Mbuwa'),
(7253, 514, 'Gearek'),
(7254, 514, 'Koroptak'),
(7255, 514, 'Kegayem'),
(7256, 514, 'Paro'),
(7257, 514, 'Mebarok'),
(7258, 514, 'Yenggelo'),
(7259, 514, 'Kilmid'),
(7260, 514, 'Alama'),
(7261, 514, 'Yal'),
(7262, 514, 'Mam'),
(7263, 514, 'Dal'),
(7264, 514, 'Nirkuri'),
(7265, 514, 'Inikgal'),
(7266, 514, 'Iniye'),
(7267, 514, 'Mbulmu Yalma'),
(7268, 514, 'Mbua Tengah'),
(7269, 514, 'Embetpen'),
(7270, 514, 'Kora'),
(7271, 514, 'Wusi'),
(7272, 514, 'Pija'),
(7273, 514, 'Moba'),
(7274, 514, 'Wutpaga'),
(7275, 514, 'Nenggeagin'),
(7276, 514, 'Krepkuri'),
(7277, 514, 'Pasir Putih');

-- --------------------------------------------------------

--
-- Table structure for table `failed_jobs`
--

CREATE TABLE `failed_jobs` (
  `id` bigint(20) UNSIGNED NOT NULL,
  `uuid` varchar(255) NOT NULL,
  `connection` text NOT NULL,
  `queue` text NOT NULL,
  `payload` longtext NOT NULL,
  `exception` longtext NOT NULL,
  `failed_at` timestamp NOT NULL DEFAULT current_timestamp()
) ENGINE=InnoDB DEFAULT CHARSET=utf8mb4 COLLATE=utf8mb4_unicode_ci;

-- --------------------------------------------------------

--
-- Table structure for table `jobs`
--

CREATE TABLE `jobs` (
  `id` bigint(20) UNSIGNED NOT NULL,
  `queue` varchar(255) NOT NULL,
  `payload` longtext NOT NULL,
  `attempts` tinyint(3) UNSIGNED NOT NULL,
  `reserved_at` int(10) UNSIGNED DEFAULT NULL,
  `available_at` int(10) UNSIGNED NOT NULL,
  `created_at` int(10) UNSIGNED NOT NULL
) ENGINE=InnoDB DEFAULT CHARSET=utf8mb4 COLLATE=utf8mb4_unicode_ci;

-- --------------------------------------------------------

--
-- Table structure for table `job_batches`
--

CREATE TABLE `job_batches` (
  `id` varchar(255) NOT NULL,
  `name` varchar(255) NOT NULL,
  `total_jobs` int(11) NOT NULL,
  `pending_jobs` int(11) NOT NULL,
  `failed_jobs` int(11) NOT NULL,
  `failed_job_ids` longtext NOT NULL,
  `options` mediumtext DEFAULT NULL,
  `cancelled_at` int(11) DEFAULT NULL,
  `created_at` int(11) NOT NULL,
  `finished_at` int(11) DEFAULT NULL
) ENGINE=InnoDB DEFAULT CHARSET=utf8mb4 COLLATE=utf8mb4_unicode_ci;

-- --------------------------------------------------------

--
-- Table structure for table `log_stocks`
--

CREATE TABLE `log_stocks` (
  `log_id` bigint(20) UNSIGNED NOT NULL,
  `log_date` datetime NOT NULL,
  `log_kode` varchar(50) NOT NULL,
  `log_type` int(11) NOT NULL DEFAULT 1 COMMENT '1 = Produk, 2 = Bahan Mentah',
  `log_category` int(11) DEFAULT 1 COMMENT '1 = Masuk, 2 = Keluar',
  `log_item_id` int(11) NOT NULL COMMENT 'id product / supplies',
  `log_notes` text DEFAULT NULL,
  `log_jumlah` int(11) NOT NULL,
  `unit_id` bigint(20) UNSIGNED NOT NULL,
  `status` int(11) NOT NULL DEFAULT 1,
  `staff_id` int(11) DEFAULT NULL,
  `created_at` timestamp NULL DEFAULT NULL,
  `updated_at` timestamp NULL DEFAULT NULL
) ENGINE=InnoDB DEFAULT CHARSET=latin1 COLLATE=latin1_swedish_ci;

--
-- Dumping data for table `log_stocks`
--

INSERT INTO `log_stocks` (`log_id`, `log_date`, `log_kode`, `log_type`, `log_category`, `log_item_id`, `log_notes`, `log_jumlah`, `unit_id`, `status`, `staff_id`, `created_at`, `updated_at`) VALUES
(1, '2026-01-15 14:28:56', 'PO0001', 2, 1, 18, 'Pembelian bahan mentah PT Rotama', 100, 7, 1, NULL, '2026-01-15 07:28:56', '2026-01-15 07:28:56'),
(2, '2026-01-15 14:38:03', 'SB0001', 2, 2, 7, 'Stock Opname Bahan Mentah', 0, 1, 1, NULL, '2026-01-15 07:38:03', '2026-01-15 07:38:03'),
(3, '2026-01-15 14:38:03', 'SB0001', 2, 1, 7, 'Stock Opname Bahan Mentah', 1, 1, 1, NULL, '2026-01-15 07:38:03', '2026-01-15 07:38:03'),
(4, '2026-01-15 14:38:03', 'SB0001', 2, 2, 16, 'Stock Opname Bahan Mentah', 0, 1, 1, NULL, '2026-01-15 07:38:03', '2026-01-15 07:38:03'),
(5, '2026-01-15 14:38:03', 'SB0001', 2, 1, 16, 'Stock Opname Bahan Mentah', 0, 1, 1, NULL, '2026-01-15 07:38:03', '2026-01-15 07:38:03'),
(6, '2026-01-15 14:38:03', 'SB0001', 2, 2, 16, 'Stock Opname Bahan Mentah', 0, 22, 1, NULL, '2026-01-15 07:38:03', '2026-01-15 07:38:03'),
(7, '2026-01-15 14:38:03', 'SB0001', 2, 1, 16, 'Stock Opname Bahan Mentah', 0, 22, 1, NULL, '2026-01-15 07:38:03', '2026-01-15 07:38:03'),
(8, '2026-01-15 14:38:03', 'SB0001', 2, 2, 18, 'Stock Opname Bahan Mentah', 100, 7, 1, NULL, '2026-01-15 07:38:03', '2026-01-15 07:38:03'),
(9, '2026-01-15 14:38:03', 'SB0001', 2, 1, 18, 'Stock Opname Bahan Mentah', 0, 7, 1, NULL, '2026-01-15 07:38:03', '2026-01-15 07:38:03'),
(10, '2026-01-15 14:38:03', 'SB0001', 2, 2, 19, 'Stock Opname Bahan Mentah', 0, 1, 1, NULL, '2026-01-15 07:38:03', '2026-01-15 07:38:03'),
(11, '2026-01-15 14:38:03', 'SB0001', 2, 1, 19, 'Stock Opname Bahan Mentah', 0, 1, 1, NULL, '2026-01-15 07:38:03', '2026-01-15 07:38:03'),
(12, '2026-01-15 14:38:03', 'SB0001', 2, 2, 19, 'Stock Opname Bahan Mentah', 0, 3, 1, NULL, '2026-01-15 07:38:03', '2026-01-15 07:38:03'),
(13, '2026-01-15 14:38:03', 'SB0001', 2, 1, 19, 'Stock Opname Bahan Mentah', 0, 3, 1, NULL, '2026-01-15 07:38:03', '2026-01-15 07:38:03'),
(14, '2026-01-15 14:53:59', 'SB0002', 2, 2, 7, 'Stock Opname Bahan Mentah', 1, 1, 1, NULL, '2026-01-15 07:53:59', '2026-01-15 07:53:59'),
(15, '2026-01-15 14:53:59', 'SB0002', 2, 1, 7, 'Stock Opname Bahan Mentah', 0, 1, 1, NULL, '2026-01-15 07:53:59', '2026-01-15 07:53:59'),
(16, '2026-01-15 14:53:59', 'SB0002', 2, 2, 16, 'Stock Opname Bahan Mentah', 0, 1, 1, NULL, '2026-01-15 07:53:59', '2026-01-15 07:53:59'),
(17, '2026-01-15 14:53:59', 'SB0002', 2, 1, 16, 'Stock Opname Bahan Mentah', 0, 1, 1, NULL, '2026-01-15 07:53:59', '2026-01-15 07:53:59'),
(18, '2026-01-15 14:53:59', 'SB0002', 2, 2, 16, 'Stock Opname Bahan Mentah', 0, 22, 1, NULL, '2026-01-15 07:53:59', '2026-01-15 07:53:59'),
(19, '2026-01-15 14:53:59', 'SB0002', 2, 1, 16, 'Stock Opname Bahan Mentah', 0, 22, 1, NULL, '2026-01-15 07:53:59', '2026-01-15 07:53:59'),
(20, '2026-01-15 14:53:59', 'SB0002', 2, 2, 18, 'Stock Opname Bahan Mentah', 0, 7, 1, NULL, '2026-01-15 07:53:59', '2026-01-15 07:53:59'),
(21, '2026-01-15 14:53:59', 'SB0002', 2, 1, 18, 'Stock Opname Bahan Mentah', 100, 7, 1, NULL, '2026-01-15 07:53:59', '2026-01-15 07:53:59'),
(22, '2026-01-15 14:53:59', 'SB0002', 2, 2, 19, 'Stock Opname Bahan Mentah', 0, 1, 1, NULL, '2026-01-15 07:53:59', '2026-01-15 07:53:59'),
(23, '2026-01-15 14:53:59', 'SB0002', 2, 1, 19, 'Stock Opname Bahan Mentah', 0, 1, 1, NULL, '2026-01-15 07:53:59', '2026-01-15 07:53:59'),
(24, '2026-01-15 14:53:59', 'SB0002', 2, 2, 19, 'Stock Opname Bahan Mentah', 0, 3, 1, NULL, '2026-01-15 07:53:59', '2026-01-15 07:53:59'),
(25, '2026-01-15 14:53:59', 'SB0002', 2, 1, 19, 'Stock Opname Bahan Mentah', 0, 3, 1, NULL, '2026-01-15 07:53:59', '2026-01-15 07:53:59'),
(26, '2026-01-15 14:56:31', 'PO0003', 2, 1, 7, 'Pembelian bahan mentah PT. Kimia Jaya Abadi', 1, 1, 1, NULL, '2026-01-15 07:56:31', '2026-01-15 07:56:31'),
(27, '2026-01-15 15:05:20', 'SB0003', 2, 2, 7, 'Stock Opname Bahan Mentah', 1, 1, 1, NULL, '2026-01-15 08:05:20', '2026-01-15 08:05:20'),
(28, '2026-01-15 15:05:20', 'SB0003', 2, 1, 7, 'Stock Opname Bahan Mentah', 0, 1, 1, NULL, '2026-01-15 08:05:20', '2026-01-15 08:05:20'),
(29, '2026-01-15 15:05:20', 'SB0003', 2, 2, 16, 'Stock Opname Bahan Mentah', 0, 1, 1, NULL, '2026-01-15 08:05:20', '2026-01-15 08:05:20'),
(30, '2026-01-15 15:05:20', 'SB0003', 2, 1, 16, 'Stock Opname Bahan Mentah', 0, 1, 1, NULL, '2026-01-15 08:05:20', '2026-01-15 08:05:20'),
(31, '2026-01-15 15:05:20', 'SB0003', 2, 2, 16, 'Stock Opname Bahan Mentah', 0, 22, 1, NULL, '2026-01-15 08:05:20', '2026-01-15 08:05:20'),
(32, '2026-01-15 15:05:20', 'SB0003', 2, 1, 16, 'Stock Opname Bahan Mentah', 0, 22, 1, NULL, '2026-01-15 08:05:20', '2026-01-15 08:05:20'),
(33, '2026-01-15 15:05:20', 'SB0003', 2, 2, 18, 'Stock Opname Bahan Mentah', 100, 7, 1, NULL, '2026-01-15 08:05:20', '2026-01-15 08:05:20'),
(34, '2026-01-15 15:05:20', 'SB0003', 2, 1, 18, 'Stock Opname Bahan Mentah', 50, 7, 1, NULL, '2026-01-15 08:05:20', '2026-01-15 08:05:20'),
(35, '2026-01-15 15:05:20', 'SB0003', 2, 2, 19, 'Stock Opname Bahan Mentah', 0, 1, 1, NULL, '2026-01-15 08:05:20', '2026-01-15 08:05:20'),
(36, '2026-01-15 15:05:20', 'SB0003', 2, 1, 19, 'Stock Opname Bahan Mentah', 0, 1, 1, NULL, '2026-01-15 08:05:20', '2026-01-15 08:05:20'),
(37, '2026-01-15 15:05:20', 'SB0003', 2, 2, 19, 'Stock Opname Bahan Mentah', 0, 3, 1, NULL, '2026-01-15 08:05:20', '2026-01-15 08:05:20'),
(38, '2026-01-15 15:05:20', 'SB0003', 2, 1, 19, 'Stock Opname Bahan Mentah', 0, 3, 1, NULL, '2026-01-15 08:05:20', '2026-01-15 08:05:20'),
(39, '2026-01-15 15:06:24', 'SB0004', 2, 2, 7, 'Stock Opname Bahan Mentah', 0, 1, 1, NULL, '2026-01-15 08:06:24', '2026-01-15 08:06:24'),
(40, '2026-01-15 15:06:24', 'SB0004', 2, 1, 7, 'Stock Opname Bahan Mentah', 0, 1, 1, NULL, '2026-01-15 08:06:24', '2026-01-15 08:06:24'),
(41, '2026-01-15 15:06:24', 'SB0004', 2, 2, 16, 'Stock Opname Bahan Mentah', 0, 1, 1, NULL, '2026-01-15 08:06:24', '2026-01-15 08:06:24'),
(42, '2026-01-15 15:06:24', 'SB0004', 2, 1, 16, 'Stock Opname Bahan Mentah', 0, 1, 1, NULL, '2026-01-15 08:06:24', '2026-01-15 08:06:24'),
(43, '2026-01-15 15:06:24', 'SB0004', 2, 2, 16, 'Stock Opname Bahan Mentah', 0, 22, 1, NULL, '2026-01-15 08:06:24', '2026-01-15 08:06:24'),
(44, '2026-01-15 15:06:24', 'SB0004', 2, 1, 16, 'Stock Opname Bahan Mentah', 0, 22, 1, NULL, '2026-01-15 08:06:24', '2026-01-15 08:06:24'),
(45, '2026-01-15 15:06:24', 'SB0004', 2, 2, 18, 'Stock Opname Bahan Mentah', 50, 7, 1, NULL, '2026-01-15 08:06:24', '2026-01-15 08:06:24'),
(46, '2026-01-15 15:06:24', 'SB0004', 2, 1, 18, 'Stock Opname Bahan Mentah', 100, 7, 1, NULL, '2026-01-15 08:06:24', '2026-01-15 08:06:24'),
(47, '2026-01-15 15:06:24', 'SB0004', 2, 2, 19, 'Stock Opname Bahan Mentah', 0, 1, 1, NULL, '2026-01-15 08:06:24', '2026-01-15 08:06:24'),
(48, '2026-01-15 15:06:24', 'SB0004', 2, 1, 19, 'Stock Opname Bahan Mentah', 0, 1, 1, NULL, '2026-01-15 08:06:24', '2026-01-15 08:06:24'),
(49, '2026-01-15 15:06:24', 'SB0004', 2, 2, 19, 'Stock Opname Bahan Mentah', 0, 3, 1, NULL, '2026-01-15 08:06:24', '2026-01-15 08:06:24'),
(50, '2026-01-15 15:06:24', 'SB0004', 2, 1, 19, 'Stock Opname Bahan Mentah', 0, 3, 1, NULL, '2026-01-15 08:06:24', '2026-01-15 08:06:24'),
(51, '2026-01-15 15:10:10', 'PI0001', 2, 2, 18, 'Produk bermasalah retur supplier PT Rotama', 90, 7, 1, NULL, '2026-01-15 08:10:10', '2026-01-15 08:10:10'),
(52, '2026-01-15 15:13:53', 'PO0004', 2, 1, 7, 'Pembelian bahan mentah PT. Kimia Jaya Abadi', 1000, 1, 1, NULL, '2026-01-15 08:13:53', '2026-01-15 08:13:53'),
(53, '2026-01-15 15:14:09', 'PR0001', 2, 2, 7, 'Pengurangan bahan untuk produksi', 200, 1, 1, NULL, '2026-01-15 08:14:09', '2026-01-15 08:14:09'),
(54, '2026-01-15 15:14:09', 'PR0001', 1, 1, 31, 'Produksi produk', 100, 7, 1, NULL, '2026-01-15 08:14:09', '2026-01-15 08:14:09'),
(55, '2026-01-15 15:15:30', 'SO0001', 1, 2, 31, 'Penjualan produk', 6, 7, 1, NULL, '2026-01-15 08:15:30', '2026-01-15 08:15:30'),
(56, '2026-01-15 15:15:50', 'SO0001', 1, 1, 31, 'Pembatalan penjualan produk', 6, 7, 1, NULL, '2026-01-15 08:15:50', '2026-01-15 08:15:50'),
(57, '2026-01-15 15:16:08', 'SO0002', 1, 2, 31, 'Penjualan produk', 6, 7, 1, NULL, '2026-01-15 08:16:08', '2026-01-15 08:16:08'),
(58, '2026-01-15 15:16:31', 'SO0002', 1, 1, 31, 'Pembatalan penjualan produk', 6, 7, 1, NULL, '2026-01-15 08:16:31', '2026-01-15 08:16:31'),
(59, '2026-01-15 15:26:16', 'PO0006', 2, 1, 18, 'Pembelian bahan mentah PT Rotama', 20, 7, 1, NULL, '2026-01-15 08:26:16', '2026-01-15 08:26:16'),
(60, '2026-01-15 15:26:19', 'PO0006', 2, 1, 18, 'Pembelian bahan mentah PT Rotama', 20, 7, 1, NULL, '2026-01-15 08:26:19', '2026-01-15 08:26:19'),
(61, '2026-01-15 15:27:13', 'PO0004', 2, 2, 7, 'Pembatalan pembelian bahan mentah PT. Kimia Jaya Abadi', 1000, 1, 1, NULL, '2026-01-15 08:27:13', '2026-01-15 08:27:13'),
(62, '2026-01-15 15:39:27', 'PO0007', 2, 1, 7, 'Pembelian bahan mentah PT. Kimia Jaya Abadi', 123, 1, 1, NULL, '2026-01-15 08:39:27', '2026-01-15 08:39:27'),
(63, '2026-01-15 15:40:18', 'PO0008', 2, 1, 7, 'Pembelian bahan mentah PT. Kimia Jaya Abadi', 19, 1, 1, NULL, '2026-01-15 08:40:18', '2026-01-15 08:40:18'),
(64, '2026-01-15 16:02:30', 'PO0009', 2, 1, 20, 'Pembelian bahan mentah PT Rotama', 1000, 7, 1, NULL, '2026-01-15 09:02:30', '2026-01-15 09:02:30'),
(65, '2026-01-15 16:02:30', 'PO0009', 2, 1, 21, 'Pembelian bahan mentah PT Rotama', 1000, 9, 1, NULL, '2026-01-15 09:02:30', '2026-01-15 09:02:30'),
(66, '2026-01-15 16:02:30', 'PO0009', 2, 1, 22, 'Pembelian bahan mentah PT Rotama', 1000, 9, 1, NULL, '2026-01-15 09:02:30', '2026-01-15 09:02:30'),
(67, '2026-01-15 16:02:30', 'PO0009', 2, 1, 23, 'Pembelian bahan mentah PT Rotama', 1000, 9, 1, NULL, '2026-01-15 09:02:30', '2026-01-15 09:02:30'),
(68, '2026-01-15 16:02:30', 'PO0009', 2, 1, 24, 'Pembelian bahan mentah PT Rotama', 1000, 9, 1, NULL, '2026-01-15 09:02:30', '2026-01-15 09:02:30'),
(69, '2026-01-15 16:07:15', 'PR0002', 2, 2, 20, 'Pengurangan bahan untuk produksi', 10, 7, 1, NULL, '2026-01-15 09:07:15', '2026-01-15 09:07:15'),
(70, '2026-01-15 16:07:15', 'PR0002', 2, 2, 21, 'Pengurangan bahan untuk produksi', 120, 9, 1, NULL, '2026-01-15 09:07:15', '2026-01-15 09:07:15'),
(71, '2026-01-15 16:07:15', 'PR0002', 2, 2, 22, 'Pengurangan bahan untuk produksi', 120, 9, 1, NULL, '2026-01-15 09:07:15', '2026-01-15 09:07:15'),
(72, '2026-01-15 16:07:15', 'PR0002', 2, 2, 23, 'Pengurangan bahan untuk produksi', 120, 9, 1, NULL, '2026-01-15 09:07:15', '2026-01-15 09:07:15'),
(73, '2026-01-15 16:07:15', 'PR0002', 2, 2, 24, 'Pengurangan bahan untuk produksi', 120, 9, 1, NULL, '2026-01-15 09:07:15', '2026-01-15 09:07:15'),
(74, '2026-01-15 16:07:15', 'PR0002', 1, 1, 31, 'Produksi produk', 10, 7, 1, NULL, '2026-01-15 09:07:15', '2026-01-15 09:07:15'),
(75, '2026-01-15 16:18:22', 'PR0003', 2, 2, 21, 'Pengurangan bahan untuk produksi', 10, 9, 1, NULL, '2026-01-15 09:18:22', '2026-01-15 09:18:22'),
(76, '2026-01-15 16:18:22', 'PR0003', 2, 2, 22, 'Pengurangan bahan untuk produksi', 10, 9, 1, NULL, '2026-01-15 09:18:22', '2026-01-15 09:18:22'),
(77, '2026-01-15 16:18:22', 'PR0003', 2, 2, 23, 'Pengurangan bahan untuk produksi', 10, 9, 1, NULL, '2026-01-15 09:18:22', '2026-01-15 09:18:22'),
(78, '2026-01-15 16:18:22', 'PR0003', 2, 2, 24, 'Pengurangan bahan untuk produksi', 10, 9, 1, NULL, '2026-01-15 09:18:22', '2026-01-15 09:18:22'),
(79, '2026-01-15 16:18:22', 'PR0003', 1, 1, 31, 'Produksi produk', 10, 9, 1, NULL, '2026-01-15 09:18:22', '2026-01-15 09:18:22'),
(80, '2026-01-15 18:56:09', 'PR0004', 2, 2, 20, 'Pengurangan bahan untuk produksi', 20, 7, 1, NULL, '2026-01-15 11:56:09', '2026-01-15 11:56:09'),
(81, '2026-01-15 18:56:09', 'PR0004', 2, 2, 21, 'Pengurangan bahan untuk produksi', 240, 9, 1, NULL, '2026-01-15 11:56:09', '2026-01-15 11:56:09'),
(82, '2026-01-15 18:56:09', 'PR0004', 2, 2, 22, 'Pengurangan bahan untuk produksi', 240, 9, 1, NULL, '2026-01-15 11:56:09', '2026-01-15 11:56:09'),
(83, '2026-01-15 18:56:09', 'PR0004', 2, 2, 23, 'Pengurangan bahan untuk produksi', 240, 9, 1, NULL, '2026-01-15 11:56:09', '2026-01-15 11:56:09'),
(84, '2026-01-15 18:56:09', 'PR0004', 2, 2, 24, 'Pengurangan bahan untuk produksi', 240, 9, 1, NULL, '2026-01-15 11:56:09', '2026-01-15 11:56:09'),
(85, '2026-01-15 18:56:09', 'PR0004', 1, 1, 31, 'Produksi produk', 20, 7, 1, NULL, '2026-01-15 11:56:09', '2026-01-15 11:56:09'),
(86, '2026-01-19 10:46:36', 'SO0003', 1, 2, 31, 'Penjualan produk', 2, 9, 1, NULL, '2026-01-19 03:46:36', '2026-01-19 03:46:36'),
(87, '2026-01-19 12:29:50', 'SO0003', 1, 1, 31, 'Perubahan penjualan produk', 2, 9, 1, NULL, '2026-01-19 05:29:50', '2026-01-19 05:29:50'),
(88, '2026-01-19 12:29:50', 'SO0003', 1, 2, 31, 'Perubahan penjualan produk', 2, 7, 1, NULL, '2026-01-19 05:29:50', '2026-01-19 05:29:50'),
(89, '2026-01-19 14:29:16', 'SO0003', 1, 1, 31, 'Perubahan penjualan produk', 2, 7, 1, NULL, '2026-01-19 07:29:16', '2026-01-19 07:29:16'),
(90, '2026-01-19 14:29:16', 'SO0003', 1, 2, 31, 'Perubahan penjualan produk', 2, 9, 1, NULL, '2026-01-19 07:29:16', '2026-01-19 07:29:16'),
(91, '2026-01-19 14:30:57', 'PO0010', 2, 1, 18, 'Pembelian bahan mentah PT Rotama', 100, 7, 1, NULL, '2026-01-19 07:30:57', '2026-01-19 07:30:57'),
(92, '2026-01-19 14:31:35', 'PO0010', 2, 2, 18, 'Pembatalan pembelian bahan mentah PT Rotama', 100, 7, 1, NULL, '2026-01-19 07:31:35', '2026-01-19 07:31:35'),
(93, '2026-01-19 14:33:17', 'PO0011', 2, 1, 18, 'Pembelian bahan mentah PT Rotama', 100, 7, 1, NULL, '2026-01-19 07:33:17', '2026-01-19 07:33:17'),
(94, '2026-01-19 14:33:38', 'PO0011', 2, 2, 18, 'Pembatalan pembelian bahan mentah PT Rotama', 100, 7, 1, NULL, '2026-01-19 07:33:38', '2026-01-19 07:33:38'),
(95, '2026-01-19 14:33:59', 'PO0012', 2, 1, 18, 'Pembelian bahan mentah PT Rotama', 50, 7, 1, NULL, '2026-01-19 07:33:59', '2026-01-19 07:33:59'),
(96, '2026-01-19 14:38:04', 'SP0002', 1, 2, 31, 'Stock Opname Produk', 130, 7, 1, NULL, '2026-01-19 07:38:04', '2026-01-19 07:38:04'),
(97, '2026-01-19 14:38:04', 'SP0002', 1, 1, 31, 'Stock Opname Produk', 200, 7, 1, NULL, '2026-01-19 07:38:04', '2026-01-19 07:38:04'),
(98, '2026-01-19 14:38:04', 'SP0002', 1, 2, 31, 'Stock Opname Produk', 8, 9, 1, NULL, '2026-01-19 07:38:04', '2026-01-19 07:38:04'),
(99, '2026-01-19 14:38:04', 'SP0002', 1, 1, 31, 'Stock Opname Produk', 0, 9, 1, NULL, '2026-01-19 07:38:04', '2026-01-19 07:38:04'),
(100, '2026-01-19 14:38:04', 'SP0002', 1, 2, 32, 'Stock Opname Produk', 0, 7, 1, NULL, '2026-01-19 07:38:04', '2026-01-19 07:38:04'),
(101, '2026-01-19 14:38:04', 'SP0002', 1, 1, 32, 'Stock Opname Produk', 0, 7, 1, NULL, '2026-01-19 07:38:04', '2026-01-19 07:38:04'),
(102, '2026-01-19 14:38:04', 'SP0002', 1, 2, 32, 'Stock Opname Produk', 0, 9, 1, NULL, '2026-01-19 07:38:04', '2026-01-19 07:38:04'),
(103, '2026-01-19 14:38:04', 'SP0002', 1, 1, 32, 'Stock Opname Produk', 0, 9, 1, NULL, '2026-01-19 07:38:04', '2026-01-19 07:38:04'),
(104, '2026-01-19 14:38:04', 'SP0002', 1, 2, 33, 'Stock Opname Produk', 0, 7, 1, NULL, '2026-01-19 07:38:04', '2026-01-19 07:38:04'),
(105, '2026-01-19 14:38:04', 'SP0002', 1, 1, 33, 'Stock Opname Produk', 0, 7, 1, NULL, '2026-01-19 07:38:04', '2026-01-19 07:38:04'),
(106, '2026-01-19 14:38:04', 'SP0002', 1, 2, 33, 'Stock Opname Produk', 0, 9, 1, NULL, '2026-01-19 07:38:04', '2026-01-19 07:38:04'),
(107, '2026-01-19 14:38:04', 'SP0002', 1, 1, 33, 'Stock Opname Produk', 0, 9, 1, NULL, '2026-01-19 07:38:04', '2026-01-19 07:38:04'),
(108, '2026-01-19 14:38:04', 'SP0002', 1, 2, 34, 'Stock Opname Produk', 0, 7, 1, NULL, '2026-01-19 07:38:04', '2026-01-19 07:38:04'),
(109, '2026-01-19 14:38:04', 'SP0002', 1, 1, 34, 'Stock Opname Produk', 0, 7, 1, NULL, '2026-01-19 07:38:04', '2026-01-19 07:38:04'),
(110, '2026-01-19 14:38:04', 'SP0002', 1, 2, 34, 'Stock Opname Produk', 0, 9, 1, NULL, '2026-01-19 07:38:04', '2026-01-19 07:38:04'),
(111, '2026-01-19 14:38:04', 'SP0002', 1, 1, 34, 'Stock Opname Produk', 0, 9, 1, NULL, '2026-01-19 07:38:04', '2026-01-19 07:38:04'),
(112, '2026-01-19 14:38:04', 'SP0002', 1, 2, 57, 'Stock Opname Produk', 0, 7, 1, NULL, '2026-01-19 07:38:04', '2026-01-19 07:38:04'),
(113, '2026-01-19 14:38:04', 'SP0002', 1, 1, 57, 'Stock Opname Produk', 0, 7, 1, NULL, '2026-01-19 07:38:04', '2026-01-19 07:38:04'),
(114, '2026-01-19 14:38:04', 'SP0002', 1, 2, 57, 'Stock Opname Produk', 0, 9, 1, NULL, '2026-01-19 07:38:04', '2026-01-19 07:38:04'),
(115, '2026-01-19 14:38:04', 'SP0002', 1, 1, 57, 'Stock Opname Produk', 0, 9, 1, NULL, '2026-01-19 07:38:04', '2026-01-19 07:38:04'),
(116, '2026-01-19 14:38:04', 'SP0002', 1, 2, 58, 'Stock Opname Produk', 0, 7, 1, NULL, '2026-01-19 07:38:04', '2026-01-19 07:38:04'),
(117, '2026-01-19 14:38:04', 'SP0002', 1, 1, 58, 'Stock Opname Produk', 0, 7, 1, NULL, '2026-01-19 07:38:04', '2026-01-19 07:38:04'),
(118, '2026-01-19 14:38:04', 'SP0002', 1, 2, 58, 'Stock Opname Produk', 0, 9, 1, NULL, '2026-01-19 07:38:04', '2026-01-19 07:38:04'),
(119, '2026-01-19 14:38:04', 'SP0002', 1, 1, 58, 'Stock Opname Produk', 0, 9, 1, NULL, '2026-01-19 07:38:04', '2026-01-19 07:38:04'),
(120, '2026-01-19 14:38:04', 'SP0002', 1, 2, 59, 'Stock Opname Produk', 0, 7, 1, NULL, '2026-01-19 07:38:04', '2026-01-19 07:38:04'),
(121, '2026-01-19 14:38:04', 'SP0002', 1, 1, 59, 'Stock Opname Produk', 0, 7, 1, NULL, '2026-01-19 07:38:04', '2026-01-19 07:38:04'),
(122, '2026-01-19 14:38:04', 'SP0002', 1, 2, 59, 'Stock Opname Produk', 0, 9, 1, NULL, '2026-01-19 07:38:04', '2026-01-19 07:38:04'),
(123, '2026-01-19 14:38:04', 'SP0002', 1, 1, 59, 'Stock Opname Produk', 0, 9, 1, NULL, '2026-01-19 07:38:04', '2026-01-19 07:38:04'),
(124, '2026-01-19 14:38:04', 'SP0002', 1, 2, 60, 'Stock Opname Produk', 0, 7, 1, NULL, '2026-01-19 07:38:04', '2026-01-19 07:38:04'),
(125, '2026-01-19 14:38:04', 'SP0002', 1, 1, 60, 'Stock Opname Produk', 0, 7, 1, NULL, '2026-01-19 07:38:04', '2026-01-19 07:38:04'),
(126, '2026-01-19 14:38:04', 'SP0002', 1, 2, 60, 'Stock Opname Produk', 0, 9, 1, NULL, '2026-01-19 07:38:04', '2026-01-19 07:38:04'),
(127, '2026-01-19 14:38:04', 'SP0002', 1, 1, 60, 'Stock Opname Produk', 0, 9, 1, NULL, '2026-01-19 07:38:04', '2026-01-19 07:38:04'),
(128, '2026-01-19 14:38:04', 'SP0002', 1, 2, 61, 'Stock Opname Produk', 0, 7, 1, NULL, '2026-01-19 07:38:04', '2026-01-19 07:38:04'),
(129, '2026-01-19 14:38:04', 'SP0002', 1, 1, 61, 'Stock Opname Produk', 0, 7, 1, NULL, '2026-01-19 07:38:04', '2026-01-19 07:38:04'),
(130, '2026-01-19 14:38:04', 'SP0002', 1, 2, 61, 'Stock Opname Produk', 0, 9, 1, NULL, '2026-01-19 07:38:04', '2026-01-19 07:38:04'),
(131, '2026-01-19 14:38:04', 'SP0002', 1, 1, 61, 'Stock Opname Produk', 0, 9, 1, NULL, '2026-01-19 07:38:04', '2026-01-19 07:38:04'),
(132, '2026-01-19 14:39:16', 'SB0002', 2, 2, 7, 'Stock Opname Bahan Mentah', -58, 1, 1, NULL, '2026-01-19 07:39:16', '2026-01-19 07:39:16'),
(133, '2026-01-19 14:39:16', 'SB0002', 2, 1, 7, 'Stock Opname Bahan Mentah', 100, 1, 1, NULL, '2026-01-19 07:39:16', '2026-01-19 07:39:16'),
(134, '2026-01-19 14:39:16', 'SB0002', 2, 2, 16, 'Stock Opname Bahan Mentah', 0, 1, 1, NULL, '2026-01-19 07:39:16', '2026-01-19 07:39:16'),
(135, '2026-01-19 14:39:16', 'SB0002', 2, 1, 16, 'Stock Opname Bahan Mentah', 0, 1, 1, NULL, '2026-01-19 07:39:16', '2026-01-19 07:39:16'),
(136, '2026-01-19 14:39:16', 'SB0002', 2, 2, 16, 'Stock Opname Bahan Mentah', 0, 22, 1, NULL, '2026-01-19 07:39:16', '2026-01-19 07:39:16'),
(137, '2026-01-19 14:39:16', 'SB0002', 2, 1, 16, 'Stock Opname Bahan Mentah', 0, 22, 1, NULL, '2026-01-19 07:39:16', '2026-01-19 07:39:16'),
(138, '2026-01-19 14:39:16', 'SB0002', 2, 2, 18, 'Stock Opname Bahan Mentah', 100, 7, 1, NULL, '2026-01-19 07:39:16', '2026-01-19 07:39:16'),
(139, '2026-01-19 14:39:16', 'SB0002', 2, 1, 18, 'Stock Opname Bahan Mentah', 0, 7, 1, NULL, '2026-01-19 07:39:16', '2026-01-19 07:39:16'),
(140, '2026-01-19 14:39:16', 'SB0002', 2, 2, 20, 'Stock Opname Bahan Mentah', 970, 7, 1, NULL, '2026-01-19 07:39:16', '2026-01-19 07:39:16'),
(141, '2026-01-19 14:39:16', 'SB0002', 2, 1, 20, 'Stock Opname Bahan Mentah', 0, 7, 1, NULL, '2026-01-19 07:39:16', '2026-01-19 07:39:16'),
(142, '2026-01-19 14:39:16', 'SB0002', 2, 2, 21, 'Stock Opname Bahan Mentah', 630, 9, 1, NULL, '2026-01-19 07:39:16', '2026-01-19 07:39:16'),
(143, '2026-01-19 14:39:16', 'SB0002', 2, 1, 21, 'Stock Opname Bahan Mentah', 0, 9, 1, NULL, '2026-01-19 07:39:16', '2026-01-19 07:39:16'),
(144, '2026-01-19 14:39:16', 'SB0002', 2, 2, 22, 'Stock Opname Bahan Mentah', 630, 9, 1, NULL, '2026-01-19 07:39:16', '2026-01-19 07:39:16'),
(145, '2026-01-19 14:39:16', 'SB0002', 2, 1, 22, 'Stock Opname Bahan Mentah', 0, 9, 1, NULL, '2026-01-19 07:39:16', '2026-01-19 07:39:16'),
(146, '2026-01-19 14:39:16', 'SB0002', 2, 2, 23, 'Stock Opname Bahan Mentah', 630, 9, 1, NULL, '2026-01-19 07:39:16', '2026-01-19 07:39:16'),
(147, '2026-01-19 14:39:16', 'SB0002', 2, 1, 23, 'Stock Opname Bahan Mentah', 0, 9, 1, NULL, '2026-01-19 07:39:16', '2026-01-19 07:39:16'),
(148, '2026-01-19 14:39:16', 'SB0002', 2, 2, 24, 'Stock Opname Bahan Mentah', 630, 9, 1, NULL, '2026-01-19 07:39:16', '2026-01-19 07:39:16'),
(149, '2026-01-19 14:39:16', 'SB0002', 2, 1, 24, 'Stock Opname Bahan Mentah', 0, 9, 1, NULL, '2026-01-19 07:39:16', '2026-01-19 07:39:16'),
(150, '2026-01-19 15:09:34', 'PO0013', 2, 1, 18, 'Pembelian bahan mentah PT Rotama', 20, 7, 1, NULL, '2026-01-19 08:09:34', '2026-01-19 08:09:34'),
(151, '2026-01-20 07:37:51', 'SO0003', 1, 1, 31, 'Pembatalan penjualan produk', 2, 9, 1, NULL, '2026-01-20 00:37:51', '2026-01-20 00:37:51'),
(152, '2026-01-20 07:39:06', 'PO0014', 2, 1, 7, 'Pembelian bahan mentah PT. Global Kimia Sejahtera', 200, 1, 1, NULL, '2026-01-20 00:39:06', '2026-01-20 00:39:06'),
(153, '2026-01-20 07:39:35', 'PO0014', 2, 2, 7, 'Pembatalan pembelian bahan mentah PT. Global Kimia Sejahtera', 100, 1, 1, NULL, '2026-01-20 00:39:35', '2026-01-20 00:39:35'),
(154, '2026-01-20 07:40:00', 'PO0015', 2, 1, 7, 'Pembelian bahan mentah PT. Global Kimia Sejahtera', 200, 1, 1, NULL, '2026-01-20 00:40:00', '2026-01-20 00:40:00'),
(155, '2026-01-20 07:41:15', 'PO0015', 2, 2, 7, 'Pembatalan pembelian bahan mentah PT. Global Kimia Sejahtera', 100, 1, 1, NULL, '2026-01-20 00:41:15', '2026-01-20 00:41:15'),
(156, '2026-01-20 07:48:07', 'SO0004', 1, 2, 31, 'Penjualan produk', 2, 9, 1, NULL, '2026-01-20 00:48:07', '2026-01-20 00:48:07'),
(157, '2026-01-20 07:54:12', 'SP0003', 1, 2, 31, 'Stock Opname Produk', 200, 7, 1, NULL, '2026-01-20 00:54:12', '2026-01-20 00:54:12'),
(158, '2026-01-20 07:54:12', 'SP0003', 1, 1, 31, 'Stock Opname Produk', 200, 7, 1, NULL, '2026-01-20 00:54:12', '2026-01-20 00:54:12'),
(159, '2026-01-20 07:54:12', 'SP0003', 1, 2, 31, 'Stock Opname Produk', 0, 9, 1, NULL, '2026-01-20 00:54:12', '2026-01-20 00:54:12'),
(160, '2026-01-20 07:54:12', 'SP0003', 1, 1, 31, 'Stock Opname Produk', 0, 9, 1, NULL, '2026-01-20 00:54:12', '2026-01-20 00:54:12'),
(161, '2026-01-20 07:54:12', 'SP0003', 1, 2, 32, 'Stock Opname Produk', 0, 7, 1, NULL, '2026-01-20 00:54:12', '2026-01-20 00:54:12'),
(162, '2026-01-20 07:54:12', 'SP0003', 1, 1, 32, 'Stock Opname Produk', 100, 7, 1, NULL, '2026-01-20 00:54:12', '2026-01-20 00:54:12'),
(163, '2026-01-20 07:54:12', 'SP0003', 1, 2, 32, 'Stock Opname Produk', 0, 9, 1, NULL, '2026-01-20 00:54:12', '2026-01-20 00:54:12'),
(164, '2026-01-20 07:54:12', 'SP0003', 1, 1, 32, 'Stock Opname Produk', 0, 9, 1, NULL, '2026-01-20 00:54:12', '2026-01-20 00:54:12'),
(165, '2026-01-20 07:54:12', 'SP0003', 1, 2, 33, 'Stock Opname Produk', 0, 7, 1, NULL, '2026-01-20 00:54:12', '2026-01-20 00:54:12'),
(166, '2026-01-20 07:54:12', 'SP0003', 1, 1, 33, 'Stock Opname Produk', 600, 7, 1, NULL, '2026-01-20 00:54:12', '2026-01-20 00:54:12'),
(167, '2026-01-20 07:54:12', 'SP0003', 1, 2, 33, 'Stock Opname Produk', 0, 9, 1, NULL, '2026-01-20 00:54:12', '2026-01-20 00:54:12'),
(168, '2026-01-20 07:54:12', 'SP0003', 1, 1, 33, 'Stock Opname Produk', 0, 9, 1, NULL, '2026-01-20 00:54:12', '2026-01-20 00:54:12'),
(169, '2026-01-20 07:54:12', 'SP0003', 1, 2, 34, 'Stock Opname Produk', 0, 7, 1, NULL, '2026-01-20 00:54:12', '2026-01-20 00:54:12'),
(170, '2026-01-20 07:54:12', 'SP0003', 1, 1, 34, 'Stock Opname Produk', 0, 7, 1, NULL, '2026-01-20 00:54:12', '2026-01-20 00:54:12'),
(171, '2026-01-20 07:54:12', 'SP0003', 1, 2, 34, 'Stock Opname Produk', 0, 9, 1, NULL, '2026-01-20 00:54:12', '2026-01-20 00:54:12'),
(172, '2026-01-20 07:54:12', 'SP0003', 1, 1, 34, 'Stock Opname Produk', 0, 9, 1, NULL, '2026-01-20 00:54:12', '2026-01-20 00:54:12'),
(173, '2026-01-20 07:54:12', 'SP0003', 1, 2, 57, 'Stock Opname Produk', 0, 7, 1, NULL, '2026-01-20 00:54:12', '2026-01-20 00:54:12'),
(174, '2026-01-20 07:54:12', 'SP0003', 1, 1, 57, 'Stock Opname Produk', 0, 7, 1, NULL, '2026-01-20 00:54:12', '2026-01-20 00:54:12'),
(175, '2026-01-20 07:54:12', 'SP0003', 1, 2, 57, 'Stock Opname Produk', 0, 9, 1, NULL, '2026-01-20 00:54:12', '2026-01-20 00:54:12'),
(176, '2026-01-20 07:54:12', 'SP0003', 1, 1, 57, 'Stock Opname Produk', 0, 9, 1, NULL, '2026-01-20 00:54:12', '2026-01-20 00:54:12'),
(177, '2026-01-20 07:54:12', 'SP0003', 1, 2, 58, 'Stock Opname Produk', 0, 7, 1, NULL, '2026-01-20 00:54:12', '2026-01-20 00:54:12'),
(178, '2026-01-20 07:54:12', 'SP0003', 1, 1, 58, 'Stock Opname Produk', 0, 7, 1, NULL, '2026-01-20 00:54:12', '2026-01-20 00:54:12'),
(179, '2026-01-20 07:54:12', 'SP0003', 1, 2, 58, 'Stock Opname Produk', 0, 9, 1, NULL, '2026-01-20 00:54:12', '2026-01-20 00:54:12'),
(180, '2026-01-20 07:54:12', 'SP0003', 1, 1, 58, 'Stock Opname Produk', 0, 9, 1, NULL, '2026-01-20 00:54:12', '2026-01-20 00:54:12'),
(181, '2026-01-20 07:54:12', 'SP0003', 1, 2, 59, 'Stock Opname Produk', 0, 7, 1, NULL, '2026-01-20 00:54:12', '2026-01-20 00:54:12'),
(182, '2026-01-20 07:54:12', 'SP0003', 1, 1, 59, 'Stock Opname Produk', 0, 7, 1, NULL, '2026-01-20 00:54:12', '2026-01-20 00:54:12'),
(183, '2026-01-20 07:54:12', 'SP0003', 1, 2, 59, 'Stock Opname Produk', 0, 9, 1, NULL, '2026-01-20 00:54:12', '2026-01-20 00:54:12'),
(184, '2026-01-20 07:54:12', 'SP0003', 1, 1, 59, 'Stock Opname Produk', 0, 9, 1, NULL, '2026-01-20 00:54:12', '2026-01-20 00:54:12'),
(185, '2026-01-20 07:54:12', 'SP0003', 1, 2, 60, 'Stock Opname Produk', 0, 7, 1, NULL, '2026-01-20 00:54:12', '2026-01-20 00:54:12'),
(186, '2026-01-20 07:54:12', 'SP0003', 1, 1, 60, 'Stock Opname Produk', 0, 7, 1, NULL, '2026-01-20 00:54:12', '2026-01-20 00:54:12'),
(187, '2026-01-20 07:54:12', 'SP0003', 1, 2, 60, 'Stock Opname Produk', 0, 9, 1, NULL, '2026-01-20 00:54:12', '2026-01-20 00:54:12'),
(188, '2026-01-20 07:54:12', 'SP0003', 1, 1, 60, 'Stock Opname Produk', 0, 9, 1, NULL, '2026-01-20 00:54:12', '2026-01-20 00:54:12'),
(189, '2026-01-20 07:54:12', 'SP0003', 1, 2, 61, 'Stock Opname Produk', 0, 7, 1, NULL, '2026-01-20 00:54:12', '2026-01-20 00:54:12'),
(190, '2026-01-20 07:54:12', 'SP0003', 1, 1, 61, 'Stock Opname Produk', 0, 7, 1, NULL, '2026-01-20 00:54:12', '2026-01-20 00:54:12'),
(191, '2026-01-20 07:54:12', 'SP0003', 1, 2, 61, 'Stock Opname Produk', 0, 9, 1, NULL, '2026-01-20 00:54:12', '2026-01-20 00:54:12'),
(192, '2026-01-20 07:54:12', 'SP0003', 1, 1, 61, 'Stock Opname Produk', 0, 9, 1, NULL, '2026-01-20 00:54:12', '2026-01-20 00:54:12'),
(193, '2026-01-21 10:30:01', 'PO0017', 2, 1, 7, 'Pembelian bahan mentah PT. Kimia Jaya Abadi', 200, 1, 1, NULL, '2026-01-21 03:30:01', '2026-01-21 03:30:01'),
(194, '2026-01-29 09:29:36', 'PO0019', 2, 1, 21, 'Pembelian bahan mentah PT Rotama', 1000, 9, 1, NULL, '2026-01-29 02:29:36', '2026-01-29 02:29:36'),
(195, '2026-01-29 09:32:40', 'PO0020', 2, 1, 21, 'Pembelian bahan mentah PT Rotama', 1000, 9, 1, NULL, '2026-01-29 02:32:40', '2026-01-29 02:32:40'),
(196, '2026-01-29 09:32:40', 'PO0020', 2, 1, 22, 'Pembelian bahan mentah PT Rotama', 1000, 9, 1, NULL, '2026-01-29 02:32:40', '2026-01-29 02:32:40'),
(197, '2026-01-29 09:32:40', 'PO0020', 2, 1, 23, 'Pembelian bahan mentah PT Rotama', 1000, 9, 1, NULL, '2026-01-29 02:32:40', '2026-01-29 02:32:40'),
(198, '2026-01-29 09:32:40', 'PO0020', 2, 1, 24, 'Pembelian bahan mentah PT Rotama', 1000, 9, 1, NULL, '2026-01-29 02:32:40', '2026-01-29 02:32:40'),
(199, '2026-01-29 10:59:21', 'PR0001', 2, 2, 7, 'Pengurangan bahan untuk produksi', 12, 1, 1, NULL, '2026-01-29 03:59:21', '2026-01-29 03:59:21'),
(200, '2026-01-29 10:59:21', 'PR0001', 1, 1, 31, 'Produksi produk', 1, 7, 1, NULL, '2026-01-29 03:59:21', '2026-01-29 03:59:21'),
(201, '2026-01-29 10:59:21', 'PR0001', 2, 2, 7, 'Pengurangan bahan untuk produksi', 1, 1, 1, NULL, '2026-01-29 03:59:21', '2026-01-29 03:59:21'),
(202, '2026-01-29 10:59:21', 'PR0001', 1, 1, 31, 'Produksi produk', 1, 9, 1, NULL, '2026-01-29 03:59:21', '2026-01-29 03:59:21'),
(203, '2026-01-29 10:59:47', 'PR0001', 2, 1, 7, 'Pengembalian stok bahan akibat pembatalan produksi', 12, 1, 1, NULL, '2026-01-29 03:59:47', '2026-01-29 03:59:47'),
(204, '2026-01-29 10:59:47', 'PR0001', 2, 1, 7, 'Pengembalian stok bahan akibat pembatalan produksi', 1, 1, 1, NULL, '2026-01-29 03:59:47', '2026-01-29 03:59:47'),
(205, '2026-01-29 10:59:47', 'PR0001', 1, 2, 31, 'Pembatalan produksi produk', 1, 7, 1, NULL, '2026-01-29 03:59:47', '2026-01-29 03:59:47'),
(206, '2026-01-29 10:59:47', 'PR0001', 1, 2, 31, 'Pembatalan produksi produk', 1, 9, 1, NULL, '2026-01-29 03:59:47', '2026-01-29 03:59:47'),
(207, '2026-01-29 14:50:21', 'PR0002', 2, 2, 7, 'Pengurangan bahan untuk produksi', 10, 1, 1, NULL, '2026-01-29 07:50:21', '2026-01-29 07:50:21'),
(208, '2026-01-29 14:50:21', 'PR0002', 1, 1, 31, 'Produksi produk', 10, 9, 1, NULL, '2026-01-29 07:50:21', '2026-01-29 07:50:21'),
(209, '2026-01-29 14:50:21', 'PR0002', 2, 2, 7, 'Pengurangan bahan untuk produksi', 120, 1, 1, NULL, '2026-01-29 07:50:21', '2026-01-29 07:50:21'),
(210, '2026-01-29 14:50:21', 'PR0002', 1, 1, 31, 'Produksi produk', 10, 7, 1, NULL, '2026-01-29 07:50:21', '2026-01-29 07:50:21'),
(211, '2026-01-29 14:52:48', 'SO0001', 1, 2, 31, 'Penjualan produk', 10, 9, 1, NULL, '2026-01-29 07:52:48', '2026-01-29 07:52:48'),
(212, '2026-01-29 14:52:48', 'SO0001', 1, 2, 33, 'Penjualan produk', 5, 7, 1, NULL, '2026-01-29 07:52:48', '2026-01-29 07:52:48'),
(213, '2026-01-29 14:53:55', '-', 1, 2, 31, 'Konversi unit dari penjualan (Bongkar)', 1, 7, 1, NULL, '2026-01-29 07:53:55', '2026-01-29 07:53:55'),
(214, '2026-01-29 14:53:55', '-', 1, 1, 31, 'Konversi unit dari penjualan (Hasil)', 12, 9, 1, NULL, '2026-01-29 07:53:55', '2026-01-29 07:53:55'),
(215, '2026-01-29 14:53:55', 'SO0002', 1, 2, 31, 'Penjualan produk', 10, 9, 1, NULL, '2026-01-29 07:53:55', '2026-01-29 07:53:55'),
(216, '2026-02-02 08:04:31', 'PO0001', 2, 1, 20, 'Pembelian bahan mentah PT Rotama', 1000, 7, 1, NULL, '2026-02-02 01:04:31', '2026-02-02 01:04:31'),
(217, '2026-02-02 11:56:49', 'PR0026', 2, 2, 20, 'Pengurangan bahan untuk produksi', 1, 7, 1, NULL, '2026-02-02 04:56:49', '2026-02-02 04:56:49'),
(218, '2026-02-02 11:56:49', 'PR0026', 2, 2, 21, 'Pengurangan bahan untuk produksi', 1, 9, 1, NULL, '2026-02-02 04:56:49', '2026-02-02 04:56:49'),
(219, '2026-02-02 11:56:49', 'PR0026', 1, 1, 31, 'Produksi produk', 1, 9, 1, NULL, '2026-02-02 04:56:49', '2026-02-02 04:56:49'),
(220, '2026-02-02 23:43:11', 'PO0002', 2, 1, 16, 'Pembelian bahan mentah PT. Global Kimia Sejahtera', 200, 1, 1, NULL, '2026-02-02 16:43:11', '2026-02-02 16:43:11'),
(221, '2026-02-02 23:54:57', 'PI0002', 2, 2, 16, 'Produk bermasalah retur supplier PT. Global Kimia Sejahtera', 10, 1, 1, NULL, '2026-02-02 16:54:57', '2026-02-02 16:54:57'),
(222, '2026-02-02 23:56:33', 'PI0002', 2, 1, 16, 'Perubahan data produk bermasalah retur supplier PT. Global Kimia Sejahtera', 10, 1, 1, NULL, '2026-02-02 16:56:33', '2026-02-02 16:56:33'),
(223, '2026-02-02 23:56:33', 'PI0002', 2, 2, 16, 'Perubahan data produk bermasalah retur supplier PT. Global Kimia Sejahtera', 15, 1, 1, NULL, '2026-02-02 16:56:33', '2026-02-02 16:56:33'),
(224, '2026-02-02 23:57:00', 'PI0002', 2, 1, 16, 'Penghapusan data produk bermasalah retur supplier PT. Global Kimia Sejahtera', 15, 1, 1, NULL, '2026-02-02 16:57:00', '2026-02-02 16:57:00'),
(225, '2026-02-02 23:57:43', 'PI0003', 1, 1, 31, 'Produk bermasalah retur pelanggan', 3, 7, 1, NULL, '2026-02-02 16:57:43', '2026-02-02 16:57:43'),
(226, '2026-02-02 23:58:27', 'PI0003', 1, 2, 31, 'Perubahan data produk bermasalah retur pelanggan', 3, 7, 1, NULL, '2026-02-02 16:58:27', '2026-02-02 16:58:27'),
(227, '2026-02-02 23:58:27', 'PI0003', 1, 1, 31, 'Perubahan data produk bermasalah retur pelanggan', 5, 7, 1, NULL, '2026-02-02 16:58:27', '2026-02-02 16:58:27'),
(228, '2026-02-02 23:59:43', 'PI0004', 1, 1, 32, 'Produk bermasalah retur pelanggan', 10, 9, 1, NULL, '2026-02-02 16:59:43', '2026-02-02 16:59:43'),
(229, '2026-02-03 00:00:16', '-', 1, 2, 32, 'Konversi unit (Bongkar)', 1, 7, 1, NULL, '2026-02-02 17:00:16', '2026-02-02 17:00:16'),
(230, '2026-02-03 00:00:16', '-', 1, 1, 32, 'Konversi unit (Hasil)', 30, 9, 1, NULL, '2026-02-02 17:00:16', '2026-02-02 17:00:16'),
(231, '2026-02-03 00:00:16', 'PI0004', 1, 2, 32, 'Penghapusan data produk bermasalah retur pelanggan', 10, 9, 1, NULL, '2026-02-02 17:00:16', '2026-02-02 17:00:16'),
(232, '2026-02-03 00:01:44', 'PO0003', 2, 1, 16, 'Pembelian bahan mentah PT. Global Kimia Sejahtera', 10, 22, 1, NULL, '2026-02-02 17:01:44', '2026-02-02 17:01:44'),
(233, '2026-02-03 00:03:00', '-', 2, 2, 16, 'Konversi unit (Bongkar)', 1, 1, 1, NULL, '2026-02-02 17:03:00', '2026-02-02 17:03:00'),
(234, '2026-02-03 00:03:00', '-', 2, 1, 16, 'Konversi unit (Hasil)', 1000, 22, 1, NULL, '2026-02-02 17:03:00', '2026-02-02 17:03:00'),
(235, '2026-02-03 00:03:00', 'PI0005', 2, 2, 16, 'Produk bermasalah retur supplier PT. Global Kimia Sejahtera', 5, 22, 1, NULL, '2026-02-02 17:03:00', '2026-02-02 17:03:00'),
(236, '2026-02-03 00:13:08', 'PR0027', 2, 2, 21, 'Pengurangan bahan untuk produksi', 12, 9, 1, NULL, '2026-02-02 17:13:08', '2026-02-02 17:13:08'),
(237, '2026-02-03 00:13:08', 'PR0027', 2, 2, 24, 'Pengurangan bahan untuk produksi', 12, 9, 1, NULL, '2026-02-02 17:13:08', '2026-02-02 17:13:08'),
(238, '2026-02-03 00:13:08', 'PR0027', 1, 1, 57, 'Produksi produk', 1, 7, 1, NULL, '2026-02-02 17:13:08', '2026-02-02 17:13:08'),
(239, '2026-02-03 00:14:04', 'PR0027', 2, 1, 21, 'Pengembalian stok bahan akibat pembatalan produksi', 12, 9, 1, NULL, '2026-02-02 17:14:04', '2026-02-02 17:14:04'),
(240, '2026-02-03 00:14:04', 'PR0027', 2, 1, 24, 'Pengembalian stok bahan akibat pembatalan produksi', 12, 9, 1, NULL, '2026-02-02 17:14:04', '2026-02-02 17:14:04'),
(241, '2026-02-03 00:14:04', 'PR0027', 1, 2, 57, 'Pembatalan produksi produk', 1, 7, 1, NULL, '2026-02-02 17:14:04', '2026-02-02 17:14:04'),
(242, '2026-02-03 00:15:59', '-', 2, 2, 16, 'Konversi unit dari produksi (Bongkar)', 1, 1, 1, NULL, '2026-02-02 17:15:59', '2026-02-02 17:15:59'),
(243, '2026-02-03 00:15:59', '-', 2, 1, 16, 'Konversi unit dari produksi (Hasil)', 1000, 22, 1, NULL, '2026-02-02 17:15:59', '2026-02-02 17:15:59'),
(244, '2026-02-03 00:15:59', 'PR0028', 2, 2, 16, 'Pengurangan bahan untuk produksi', 10, 22, 1, NULL, '2026-02-02 17:15:59', '2026-02-02 17:15:59'),
(245, '2026-02-03 00:15:59', 'PR0028', 2, 2, 7, 'Pengurangan bahan untuk produksi', 10, 1, 1, NULL, '2026-02-02 17:15:59', '2026-02-02 17:15:59'),
(246, '2026-02-03 00:15:59', 'PR0028', 1, 1, 32, 'Produksi produk', 10, 9, 1, NULL, '2026-02-02 17:15:59', '2026-02-02 17:15:59'),
(247, '2026-02-03 00:17:10', 'PR0028', 2, 1, 16, 'Pengembalian stok bahan akibat pembatalan produksi', 10, 22, 1, NULL, '2026-02-02 17:17:10', '2026-02-02 17:17:10'),
(248, '2026-02-03 00:17:10', 'PR0028', 2, 1, 7, 'Pengembalian stok bahan akibat pembatalan produksi', 10, 1, 1, NULL, '2026-02-02 17:17:10', '2026-02-02 17:17:10'),
(249, '2026-02-03 00:17:10', 'PR0028', 1, 2, 32, 'Pembatalan produksi produk', 10, 9, 1, NULL, '2026-02-02 17:17:10', '2026-02-02 17:17:10'),
(250, '2026-02-03 00:18:09', 'PR0029', 2, 2, 20, 'Pengurangan bahan untuk produksi', 10, 7, 1, NULL, '2026-02-02 17:18:09', '2026-02-02 17:18:09'),
(251, '2026-02-03 00:18:09', 'PR0029', 2, 2, 21, 'Pengurangan bahan untuk produksi', 10, 9, 1, NULL, '2026-02-02 17:18:09', '2026-02-02 17:18:09'),
(252, '2026-02-03 00:18:09', 'PR0029', 1, 1, 31, 'Produksi produk', 10, 9, 1, NULL, '2026-02-02 17:18:09', '2026-02-02 17:18:09'),
(253, '2026-02-03 00:18:09', 'PR0029', 2, 2, 21, 'Pengurangan bahan untuk produksi', 12, 9, 1, NULL, '2026-02-02 17:18:09', '2026-02-02 17:18:09'),
(254, '2026-02-03 00:18:09', 'PR0029', 2, 2, 24, 'Pengurangan bahan untuk produksi', 12, 9, 1, NULL, '2026-02-02 17:18:09', '2026-02-02 17:18:09'),
(255, '2026-02-03 00:18:09', 'PR0029', 1, 1, 57, 'Produksi produk', 1, 7, 1, NULL, '2026-02-02 17:18:09', '2026-02-02 17:18:09'),
(256, '2026-02-03 00:30:51', 'PO0004', 2, 1, 21, 'Pembelian bahan mentah PT Rotama', 100, 9, 1, NULL, '2026-02-02 17:30:51', '2026-02-02 17:30:51'),
(257, '2026-02-03 00:30:51', 'PO0004', 2, 1, 22, 'Pembelian bahan mentah PT Rotama', 100, 9, 1, NULL, '2026-02-02 17:30:51', '2026-02-02 17:30:51'),
(258, '2026-02-03 00:30:51', 'PO0004', 2, 1, 23, 'Pembelian bahan mentah PT Rotama', 100, 9, 1, NULL, '2026-02-02 17:30:51', '2026-02-02 17:30:51'),
(259, '2026-02-03 00:32:55', 'PO0005', 2, 1, 22, 'Pembelian bahan mentah PT Rotama', 100, 9, 1, NULL, '2026-02-02 17:32:55', '2026-02-02 17:32:55'),
(260, '2026-02-03 00:34:16', 'PI0006', 2, 2, 21, 'Produk bermasalah retur supplier PT Rotama', 10, 9, 1, NULL, '2026-02-02 17:34:16', '2026-02-02 17:34:16'),
(261, '2026-02-03 00:34:16', 'PI0006', 2, 2, 23, 'Produk bermasalah retur supplier PT Rotama', 10, 9, 1, NULL, '2026-02-02 17:34:16', '2026-02-02 17:34:16'),
(262, '2026-02-03 00:34:16', 'PI0006', 2, 2, 22, 'Produk bermasalah retur supplier PT Rotama', 10, 9, 1, NULL, '2026-02-02 17:34:16', '2026-02-02 17:34:16'),
(263, '2026-02-03 00:39:21', '-', 1, 2, 33, 'Konversi unit dari penjualan (Bongkar)', 1, 7, 1, NULL, '2026-02-02 17:39:21', '2026-02-02 17:39:21'),
(264, '2026-02-03 00:39:21', '-', 1, 1, 33, 'Konversi unit dari penjualan (Hasil)', 12, 9, 1, NULL, '2026-02-02 17:39:21', '2026-02-02 17:39:21'),
(265, '2026-02-03 00:39:46', '-', 1, 2, 33, 'Konversi unit dari penjualan (Bongkar)', 1, 7, 1, NULL, '2026-02-02 17:39:46', '2026-02-02 17:39:46'),
(266, '2026-02-03 00:39:46', '-', 1, 1, 33, 'Konversi unit dari penjualan (Hasil)', 12, 9, 1, NULL, '2026-02-02 17:39:46', '2026-02-02 17:39:46'),
(267, '2026-02-03 01:02:19', '-', 1, 2, 33, 'Konversi unit dari penjualan (Bongkar)', 1, 7, 1, NULL, '2026-02-02 18:02:19', '2026-02-02 18:02:19'),
(268, '2026-02-03 01:02:19', '-', 1, 1, 33, 'Konversi unit dari penjualan (Hasil)', 12, 9, 1, NULL, '2026-02-02 18:02:19', '2026-02-02 18:02:19'),
(269, '2026-02-03 01:02:19', 'SO0003', 1, 2, 33, 'Penjualan produk', 10, 9, 1, NULL, '2026-02-02 18:02:19', '2026-02-02 18:02:19'),
(270, '2026-02-03 01:03:59', '-', 1, 2, 33, 'Konversi unit dari penjualan (Bongkar)', 1, 7, 1, NULL, '2026-02-02 18:03:59', '2026-02-02 18:03:59'),
(271, '2026-02-03 01:03:59', '-', 1, 1, 33, 'Konversi unit dari penjualan (Hasil)', 12, 9, 1, NULL, '2026-02-02 18:03:59', '2026-02-02 18:03:59'),
(272, '2026-02-03 01:03:59', 'SO0004', 1, 2, 33, 'Penjualan produk', 7, 9, 1, NULL, '2026-02-02 18:03:59', '2026-02-02 18:03:59'),
(273, '2026-02-03 01:05:05', '-', 1, 2, 33, 'Konversi unit dari penjualan (Bongkar)', 1, 7, 1, NULL, '2026-02-02 18:05:05', '2026-02-02 18:05:05'),
(274, '2026-02-03 01:05:05', '-', 1, 1, 33, 'Konversi unit dari penjualan (Hasil)', 12, 9, 1, NULL, '2026-02-02 18:05:05', '2026-02-02 18:05:05'),
(275, '2026-02-03 01:05:05', 'SO0005', 1, 2, 33, 'Penjualan produk', 15, 9, 1, NULL, '2026-02-02 18:05:05', '2026-02-02 18:05:05'),
(276, '2026-02-03 01:06:12', 'SO0005', 1, 1, 33, 'Update Penjualan', 15, 9, 1, NULL, '2026-02-02 18:06:12', '2026-02-02 18:06:12'),
(277, '2026-02-03 01:06:12', '-', 1, 2, 33, 'Konversi unit (Bongkar)', 1, 7, 1, NULL, '2026-02-02 18:06:12', '2026-02-02 18:06:12'),
(278, '2026-02-03 01:06:12', '-', 1, 1, 33, 'Konversi unit (Hasil)', 12, 9, 1, NULL, '2026-02-02 18:06:12', '2026-02-02 18:06:12'),
(279, '2026-02-03 01:06:12', 'SO0005', 1, 2, 33, 'Update Penjualan', 25, 9, 1, NULL, '2026-02-02 18:06:12', '2026-02-02 18:06:12'),
(280, '2026-02-03 01:06:55', 'SO0005', 1, 1, 33, 'Pembatalan penjualan produk', 15, 9, 1, NULL, '2026-02-02 18:06:55', '2026-02-02 18:06:55'),
(281, '2026-02-03 01:06:55', 'SO0005', 1, 1, 33, 'Pembatalan penjualan produk', 25, 9, 1, NULL, '2026-02-02 18:06:55', '2026-02-02 18:06:55'),
(282, '2026-02-03 01:47:33', 'PI0006', 2, 1, 21, 'Penghapusan data produk bermasalah retur supplier PT Rotama', 10, 9, 1, NULL, '2026-02-02 18:47:33', '2026-02-02 18:47:33'),
(283, '2026-02-03 01:47:33', 'PI0006', 2, 1, 23, 'Penghapusan data produk bermasalah retur supplier PT Rotama', 10, 9, 1, NULL, '2026-02-02 18:47:33', '2026-02-02 18:47:33'),
(284, '2026-02-03 01:47:33', 'PI0006', 2, 1, 22, 'Penghapusan data produk bermasalah retur supplier PT Rotama', 10, 9, 1, NULL, '2026-02-02 18:47:33', '2026-02-02 18:47:33'),
(285, '2026-02-03 22:27:23', 'PR0030', 2, 2, 23, 'Pengurangan bahan untuk produksi', 1, 9, 1, NULL, '2026-02-03 15:27:23', '2026-02-03 15:27:23'),
(286, '2026-02-03 22:27:23', 'PR0030', 1, 1, 70, 'Hasil Produksi Produk', 1, 9, 1, NULL, '2026-02-03 15:27:23', '2026-02-03 15:27:23'),
(287, '2026-02-03 22:27:45', 'PR0031', 2, 2, 26, 'Pengurangan bahan untuk produksi', 10, 8, 1, NULL, '2026-02-03 15:27:45', '2026-02-03 15:27:45'),
(288, '2026-02-03 22:27:45', 'PR0031', 2, 2, 23, 'Pengurangan bahan untuk produksi', 100, 9, 1, NULL, '2026-02-03 15:27:45', '2026-02-03 15:27:45'),
(289, '2026-02-03 22:27:46', 'PR0031', 1, 1, 70, 'Hasil Produksi Produk', 100, 9, 1, NULL, '2026-02-03 15:27:46', '2026-02-03 15:27:46'),
(290, '2026-02-03 22:28:58', 'PR0032', 2, 2, 26, 'Pengurangan bahan untuk produksi', 2, 8, 1, NULL, '2026-02-03 15:28:58', '2026-02-03 15:28:58'),
(291, '2026-02-03 22:28:58', 'PR0032', 2, 2, 23, 'Pengurangan bahan untuk produksi', 20, 9, 1, NULL, '2026-02-03 15:28:58', '2026-02-03 15:28:58'),
(292, '2026-02-03 22:28:58', 'PR0032', 1, 1, 70, 'Hasil Produksi Produk', 2, 8, 1, NULL, '2026-02-03 15:28:58', '2026-02-03 15:28:58'),
(293, '2026-02-03 22:29:39', 'PR0033', 2, 2, 21, 'Pengurangan bahan untuk produksi', 1, 9, 1, NULL, '2026-02-03 15:29:39', '2026-02-03 15:29:39'),
(294, '2026-02-03 22:29:39', 'PR0033', 1, 1, 31, 'Hasil Produksi Produk', 1, 9, 1, NULL, '2026-02-03 15:29:39', '2026-02-03 15:29:39'),
(295, '2026-02-03 22:29:59', 'PR0034', 2, 2, 20, 'Pengurangan bahan untuk produksi', 3, 7, 1, NULL, '2026-02-03 15:29:59', '2026-02-03 15:29:59'),
(296, '2026-02-03 22:29:59', 'PR0034', 2, 2, 21, 'Pengurangan bahan untuk produksi', 36, 9, 1, NULL, '2026-02-03 15:29:59', '2026-02-03 15:29:59'),
(297, '2026-02-03 22:29:59', 'PR0034', 1, 1, 31, 'Hasil Produksi Produk', 3, 7, 1, NULL, '2026-02-03 15:29:59', '2026-02-03 15:29:59'),
(298, '2026-02-03 22:30:23', 'PR0035', 2, 2, 20, 'Pengurangan bahan untuk produksi', 3, 7, 1, NULL, '2026-02-03 15:30:23', '2026-02-03 15:30:23'),
(299, '2026-02-03 22:30:23', 'PR0035', 2, 2, 21, 'Pengurangan bahan untuk produksi', 38, 9, 1, NULL, '2026-02-03 15:30:23', '2026-02-03 15:30:23'),
(300, '2026-02-03 22:30:23', 'PR0035', 1, 1, 31, 'Hasil Produksi Produk', 38, 9, 1, NULL, '2026-02-03 15:30:23', '2026-02-03 15:30:23'),
(301, '2026-02-03 22:30:41', 'PR0036', 2, 2, 21, 'Pengurangan bahan untuk produksi', 2, 9, 1, NULL, '2026-02-03 15:30:41', '2026-02-03 15:30:41'),
(302, '2026-02-03 22:30:41', 'PR0036', 1, 1, 31, 'Hasil Produksi Produk', 2, 9, 1, NULL, '2026-02-03 15:30:41', '2026-02-03 15:30:41'),
(303, '2026-02-03 22:42:10', 'SO0006', 1, 2, 31, 'Penjualan produk', 10, 7, 1, NULL, '2026-02-03 15:42:10', '2026-02-03 15:42:10'),
(304, '2026-02-03 22:53:08', 'PR0037', 2, 2, 26, 'Pengurangan bahan untuk produksi', 2, 8, 1, NULL, '2026-02-03 15:53:08', '2026-02-03 15:53:08'),
(305, '2026-02-03 22:53:08', 'PR0037', 2, 2, 7, 'Pengurangan bahan untuk produksi', 2, 1, 1, NULL, '2026-02-03 15:53:08', '2026-02-03 15:53:08'),
(306, '2026-02-03 22:53:08', 'PR0037', 1, 1, 71, 'Hasil Produksi Produk', 2, 8, 1, NULL, '2026-02-03 15:53:08', '2026-02-03 15:53:08'),
(307, '2026-02-04 02:00:17', 'PR0041', 2, 2, 26, 'Pengurangan bahan untuk produksi', 2, 8, 1, NULL, '2026-02-03 19:00:17', '2026-02-03 19:00:17'),
(308, '2026-02-04 02:00:17', 'PR0041', 2, 2, 23, 'Pengurangan bahan untuk produksi', 25, 9, 1, NULL, '2026-02-03 19:00:17', '2026-02-03 19:00:17'),
(309, '2026-02-04 02:00:17', 'PR0041', 1, 1, 70, 'Hasil Produksi Produk', 25, 9, 1, NULL, '2026-02-03 19:00:17', '2026-02-03 19:00:17'),
(310, '2026-02-04 02:01:09', 'PR0042', 2, 2, 26, 'Pengurangan bahan untuk produksi', 5, 8, 1, NULL, '2026-02-03 19:01:09', '2026-02-03 19:01:09'),
(311, '2026-02-04 02:01:09', 'PR0042', 2, 2, 7, 'Pengurangan bahan untuk produksi', 5, 1, 1, NULL, '2026-02-03 19:01:09', '2026-02-03 19:01:09'),
(312, '2026-02-04 02:01:09', 'PR0042', 1, 1, 71, 'Hasil Produksi Produk', 5, 8, 1, NULL, '2026-02-03 19:01:09', '2026-02-03 19:01:09'),
(313, '2026-02-04 02:01:50', 'PR0043', 2, 2, 20, 'Pengurangan bahan untuk produksi', 1, 7, 1, NULL, '2026-02-03 19:01:50', '2026-02-03 19:01:50'),
(314, '2026-02-04 02:01:50', 'PR0043', 2, 2, 21, 'Pengurangan bahan untuk produksi', 13, 9, 1, NULL, '2026-02-03 19:01:50', '2026-02-03 19:01:50'),
(315, '2026-02-04 02:01:50', 'PR0043', 1, 1, 31, 'Hasil Produksi Produk', 13, 9, 1, NULL, '2026-02-03 19:01:50', '2026-02-03 19:01:50'),
(316, '2026-02-04 02:07:42', 'PR0044', 2, 2, 21, 'Pengurangan bahan untuk produksi', 1, 9, 1, NULL, '2026-02-03 19:07:42', '2026-02-03 19:07:42'),
(317, '2026-02-04 02:07:42', 'PR0044', 1, 1, 31, 'Hasil Produksi Produk', 1, 9, 1, NULL, '2026-02-03 19:07:42', '2026-02-03 19:07:42'),
(318, '2026-02-04 13:36:13', 'PR0044', 2, 1, 21, 'Pengembalian stok bahan akibat pembatalan produksi', 1, 9, 1, NULL, '2026-02-04 06:36:13', '2026-02-04 06:36:13'),
(319, '2026-02-04 13:36:13', 'PR0044', 1, 2, 31, 'Pembatalan produksi produk', 1, 9, 1, NULL, '2026-02-04 06:36:13', '2026-02-04 06:36:13'),
(320, '2026-02-04 13:36:40', 'PR0043', 2, 1, 20, 'Pengembalian stok bahan akibat pembatalan produksi', 1, 7, 1, NULL, '2026-02-04 06:36:40', '2026-02-04 06:36:40'),
(321, '2026-02-04 13:36:40', 'PR0043', 2, 1, 21, 'Pengembalian stok bahan akibat pembatalan produksi', 13, 9, 1, NULL, '2026-02-04 06:36:40', '2026-02-04 06:36:40'),
(322, '2026-02-04 13:36:40', 'PR0043', 1, 2, 31, 'Pembatalan produksi produk', 13, 9, 1, NULL, '2026-02-04 06:36:40', '2026-02-04 06:36:40'),
(323, '2026-02-04 13:39:25', 'PR0042', 2, 1, 26, 'Pengembalian stok bahan akibat pembatalan produksi', 5, 8, 1, NULL, '2026-02-04 06:39:25', '2026-02-04 06:39:25'),
(324, '2026-02-04 13:39:25', 'PR0042', 2, 1, 7, 'Pengembalian stok bahan akibat pembatalan produksi', 5, 1, 1, NULL, '2026-02-04 06:39:25', '2026-02-04 06:39:25'),
(325, '2026-02-04 13:39:25', 'PR0042', 1, 2, 71, 'Pembatalan produksi produk', 5, 8, 1, NULL, '2026-02-04 06:39:25', '2026-02-04 06:39:25'),
(326, '2026-02-04 13:43:17', 'PR0045', 2, 2, 26, 'Pengurangan bahan untuk produksi', 1, 8, 1, NULL, '2026-02-04 06:43:17', '2026-02-04 06:43:17'),
(327, '2026-02-04 13:43:17', 'PR0045', 2, 2, 23, 'Pengurangan bahan untuk produksi', 15, 9, 1, NULL, '2026-02-04 06:43:17', '2026-02-04 06:43:17'),
(328, '2026-02-04 13:43:17', 'PR0045', 1, 1, 70, 'Hasil Produksi Produk', 15, 9, 1, NULL, '2026-02-04 06:43:17', '2026-02-04 06:43:17'),
(329, '2026-02-04 13:43:44', 'PR0041', 2, 1, 26, 'Pengembalian stok bahan akibat pembatalan produksi', 2, 8, 1, NULL, '2026-02-04 06:43:44', '2026-02-04 06:43:44'),
(330, '2026-02-04 13:43:44', 'PR0041', 2, 1, 23, 'Pengembalian stok bahan akibat pembatalan produksi', 25, 9, 1, NULL, '2026-02-04 06:43:44', '2026-02-04 06:43:44'),
(331, '2026-02-04 13:43:44', 'PR0041', 1, 2, 70, 'Pembatalan produksi produk', 25, 9, 1, NULL, '2026-02-04 06:43:44', '2026-02-04 06:43:44'),
(332, '2026-02-04 13:44:23', 'PR0045', 2, 1, 26, 'Pengembalian stok bahan akibat pembatalan produksi', 1, 8, 1, NULL, '2026-02-04 06:44:23', '2026-02-04 06:44:23'),
(333, '2026-02-04 13:44:23', 'PR0045', 2, 1, 23, 'Pengembalian stok bahan akibat pembatalan produksi', 15, 9, 1, NULL, '2026-02-04 06:44:23', '2026-02-04 06:44:23'),
(334, '2026-02-04 13:44:23', 'PR0045', 1, 2, 70, 'Pembatalan produksi produk', 15, 9, 1, NULL, '2026-02-04 06:44:23', '2026-02-04 06:44:23'),
(335, '2026-02-05 17:43:40', 'PO0006', 2, 1, 35, 'Pembelian bahan mentah PT Rotama', 1000, 9, 1, NULL, '2026-02-05 10:43:40', '2026-02-05 10:43:40'),
(336, '2026-02-05 17:46:03', 'PR0046', 2, 2, 35, 'Pengurangan bahan untuk produksi', 28, 9, 1, NULL, '2026-02-05 10:46:03', '2026-02-05 10:46:03'),
(337, '2026-02-05 17:46:03', 'PR0046', 2, 2, 20, 'Pengurangan bahan untuk produksi', 2, 7, 1, NULL, '2026-02-05 10:46:03', '2026-02-05 10:46:03'),
(338, '2026-02-05 17:46:03', 'PR0046', 1, 1, 74, 'Hasil Produksi Produk', 16, 9, 1, NULL, '2026-02-05 10:46:03', '2026-02-05 10:46:03'),
(339, '2026-02-05 17:46:03', 'PR0046', 2, 2, 35, 'Pengurangan bahan untuk produksi', 28, 9, 1, NULL, '2026-02-05 10:46:03', '2026-02-05 10:46:03'),
(340, '2026-02-05 17:46:03', 'PR0046', 2, 2, 20, 'Pengurangan bahan untuk produksi', 2, 7, 1, NULL, '2026-02-05 10:46:03', '2026-02-05 10:46:03'),
(341, '2026-02-05 17:46:03', 'PR0046', 1, 1, 74, 'Hasil Produksi Produk', 1, 7, 1, NULL, '2026-02-05 10:46:03', '2026-02-05 10:46:03'),
(342, '2026-02-05 17:54:26', 'PR0048', 2, 2, 35, 'Pengurangan bahan untuk produksi', 39, 9, 1, NULL, '2026-02-05 10:54:26', '2026-02-05 10:54:26'),
(343, '2026-02-05 17:54:26', 'PR0048', 2, 2, 20, 'Pengurangan bahan untuk produksi', 3, 7, 1, NULL, '2026-02-05 10:54:26', '2026-02-05 10:54:26'),
(344, '2026-02-05 17:54:26', 'PR0048', 1, 1, 74, 'Hasil Produksi Produk', 15, 9, 1, NULL, '2026-02-05 10:54:26', '2026-02-05 10:54:26'),
(345, '2026-02-05 17:54:26', 'PR0048', 2, 2, 35, 'Pengurangan bahan untuk produksi', 39, 9, 1, NULL, '2026-02-05 10:54:26', '2026-02-05 10:54:26'),
(346, '2026-02-05 17:54:26', 'PR0048', 2, 2, 20, 'Pengurangan bahan untuk produksi', 3, 7, 1, NULL, '2026-02-05 10:54:26', '2026-02-05 10:54:26'),
(347, '2026-02-05 17:54:26', 'PR0048', 1, 1, 74, 'Hasil Produksi Produk', 2, 7, 1, NULL, '2026-02-05 10:54:26', '2026-02-05 10:54:26'),
(348, '2026-02-05 17:54:34', 'SO0007', 1, 2, 74, 'Penjualan produk', 20, 9, 1, NULL, '2026-02-05 10:54:34', '2026-02-05 10:54:34'),
(349, '2026-02-05 17:56:53', 'PR0048', 2, 1, 35, 'Pengembalian stok bahan akibat pembatalan produksi', 15, 9, 1, NULL, '2026-02-05 10:56:53', '2026-02-05 10:56:53'),
(350, '2026-02-05 17:56:53', 'PR0048', 2, 1, 20, 'Pengembalian stok bahan akibat pembatalan produksi', 1, 7, 1, NULL, '2026-02-05 10:56:53', '2026-02-05 10:56:53'),
(351, '2026-02-05 17:56:53', 'PR0048', 2, 1, 35, 'Pengembalian stok bahan akibat pembatalan produksi', 24, 9, 1, NULL, '2026-02-05 10:56:53', '2026-02-05 10:56:53');
INSERT INTO `log_stocks` (`log_id`, `log_date`, `log_kode`, `log_type`, `log_category`, `log_item_id`, `log_notes`, `log_jumlah`, `unit_id`, `status`, `staff_id`, `created_at`, `updated_at`) VALUES
(352, '2026-02-05 17:56:53', 'PR0048', 2, 1, 20, 'Pengembalian stok bahan akibat pembatalan produksi', 2, 7, 1, NULL, '2026-02-05 10:56:53', '2026-02-05 10:56:53'),
(353, '2026-02-05 17:56:53', 'PR0048', 1, 2, 74, 'Pembatalan produksi produk', 15, 9, 1, NULL, '2026-02-05 10:56:53', '2026-02-05 10:56:53'),
(354, '2026-02-05 17:56:53', 'PR0048', 1, 2, 74, 'Pembatalan produksi produk', 2, 7, 1, NULL, '2026-02-05 10:56:53', '2026-02-05 10:56:53'),
(355, '2026-02-05 22:29:08', 'PR0049', 2, 2, 20, 'Pengurangan bahan untuk produksi', 1, 7, 1, NULL, '2026-02-05 15:29:08', '2026-02-05 15:29:08'),
(356, '2026-02-05 22:29:08', 'PR0049', 2, 2, 21, 'Pengurangan bahan untuk produksi', 13, 9, 1, NULL, '2026-02-05 15:29:08', '2026-02-05 15:29:08'),
(357, '2026-02-05 22:29:08', 'PR0049', 1, 1, 31, 'Hasil Produksi Produk', 13, 9, 1, NULL, '2026-02-05 15:29:08', '2026-02-05 15:29:08'),
(358, '2026-02-06 15:23:00', 'PR0050', 2, 2, 35, 'Pengurangan bahan untuk produksi', 26, 9, 1, 6, '2026-02-06 08:23:00', '2026-02-06 08:23:00'),
(359, '2026-02-06 15:23:00', 'PR0050', 2, 2, 20, 'Pengurangan bahan untuk produksi', 2, 7, 1, 6, '2026-02-06 08:23:00', '2026-02-06 08:23:00'),
(360, '2026-02-06 15:23:00', 'PR0050', 1, 1, 74, 'Hasil Produksi Produk', 1, 7, 1, 6, '2026-02-06 08:23:00', '2026-02-06 08:23:00'),
(361, '2026-02-06 15:23:00', 'PR0050', 1, 1, 74, 'Hasil Produksi Produk', 2, 9, 1, 6, '2026-02-06 08:23:00', '2026-02-06 08:23:00'),
(362, '2026-02-06 15:23:00', 'PR0050', 1, 1, 74, 'Hasil Produksi Produk', 1, 7, 1, 6, '2026-02-06 08:23:00', '2026-02-06 08:23:00'),
(363, '2026-02-06 15:23:19', 'PR0050', 2, 1, 35, 'Pengembalian stok bahan akibat pembatalan produksi', 14, 9, 1, 6, '2026-02-06 08:23:19', '2026-02-06 08:23:19'),
(364, '2026-02-06 15:23:19', 'PR0050', 2, 1, 20, 'Pengembalian stok bahan akibat pembatalan produksi', 1, 7, 1, 6, '2026-02-06 08:23:19', '2026-02-06 08:23:19'),
(365, '2026-02-06 15:23:19', 'PR0050', 2, 1, 35, 'Pengembalian stok bahan akibat pembatalan produksi', 12, 9, 1, 6, '2026-02-06 08:23:19', '2026-02-06 08:23:19'),
(366, '2026-02-06 15:23:19', 'PR0050', 2, 1, 20, 'Pengembalian stok bahan akibat pembatalan produksi', 1, 7, 1, 6, '2026-02-06 08:23:19', '2026-02-06 08:23:19'),
(367, '2026-02-06 15:23:19', 'PR0050', 1, 2, 74, 'Pembatalan produksi produk', 1, 7, 1, 6, '2026-02-06 08:23:19', '2026-02-06 08:23:19'),
(368, '2026-02-06 15:23:19', 'PR0050', 1, 2, 74, 'Pembatalan produksi produk', 2, 9, 1, 6, '2026-02-06 08:23:19', '2026-02-06 08:23:19'),
(369, '2026-02-06 15:23:19', 'PR0050', 1, 2, 74, 'Pembatalan produksi produk', 1, 7, 1, 6, '2026-02-06 08:23:19', '2026-02-06 08:23:19'),
(370, '2026-02-06 15:32:20', 'PR0051', 2, 2, 35, 'Pengurangan bahan untuk produksi', 13, 9, 1, 6, '2026-02-06 08:32:20', '2026-02-06 08:32:20'),
(371, '2026-02-06 15:32:20', 'PR0051', 2, 2, 20, 'Pengurangan bahan untuk produksi', 1, 7, 1, 6, '2026-02-06 08:32:20', '2026-02-06 08:32:20'),
(372, '2026-02-06 15:32:20', 'PR0051', 1, 1, 74, 'Hasil Produksi Produk', 1, 7, 1, 6, '2026-02-06 08:32:20', '2026-02-06 08:32:20'),
(373, '2026-02-06 15:32:20', 'PR0051', 1, 1, 74, 'Hasil Produksi Produk', 1, 9, 1, 6, '2026-02-06 08:32:20', '2026-02-06 08:32:20'),
(374, '2026-02-06 15:34:38', 'SO0008', 1, 2, 74, 'Penjualan produk', 1, 9, 1, 6, '2026-02-06 08:34:38', '2026-02-06 08:34:38'),
(375, '2026-02-06 15:37:22', 'PR0051', 1, 2, 74, 'Konversi Ke satuan terkecil, untuk pembatalan', 2, 7, 1, 6, '2026-02-06 08:37:22', '2026-02-06 08:37:22'),
(376, '2026-02-06 15:37:22', 'PR0051', 1, 1, 74, 'Dapat dari satuan terbesar, untuk pembatalan', 12, 9, 1, 6, '2026-02-06 08:37:22', '2026-02-06 08:37:22'),
(377, '2026-02-06 15:37:22', 'PR0051', 2, 1, 35, 'Pengembalian stok bahan akibat pembatalan produksi', 13, 9, 1, 6, '2026-02-06 08:37:22', '2026-02-06 08:37:22'),
(378, '2026-02-06 15:37:22', 'PR0051', 2, 1, 20, 'Pengembalian stok bahan akibat pembatalan produksi', 1, 7, 1, 6, '2026-02-06 08:37:22', '2026-02-06 08:37:22'),
(379, '2026-02-06 15:37:22', 'PR0051', 1, 2, 74, 'Pembatalan produksi produk', 1, 9, 1, 6, '2026-02-06 08:37:22', '2026-02-06 08:37:22'),
(380, '2026-02-06 15:38:33', 'PR0052', 2, 2, 35, 'Pengurangan bahan untuk produksi', 14, 9, 1, 6, '2026-02-06 08:38:33', '2026-02-06 08:38:33'),
(381, '2026-02-06 15:38:33', 'PR0052', 2, 2, 20, 'Pengurangan bahan untuk produksi', 1, 7, 1, 6, '2026-02-06 08:38:33', '2026-02-06 08:38:33'),
(382, '2026-02-06 15:38:33', 'PR0052', 1, 1, 74, 'Hasil Produksi Produk', 1, 7, 1, 6, '2026-02-06 08:38:33', '2026-02-06 08:38:33'),
(383, '2026-02-06 15:38:33', 'PR0052', 1, 1, 74, 'Hasil Produksi Produk', 2, 9, 1, 6, '2026-02-06 08:38:33', '2026-02-06 08:38:33'),
(384, '2026-02-06 15:39:11', 'SO0009', 1, 2, 74, 'Penjualan produk', 2, 7, 1, 6, '2026-02-06 08:39:11', '2026-02-06 08:39:11'),
(385, '2026-02-06 15:41:45', 'PR0052', 2, 1, 35, 'Pengembalian stok bahan akibat pembatalan produksi', 14, 9, 1, 6, '2026-02-06 08:41:45', '2026-02-06 08:41:45'),
(386, '2026-02-06 15:41:45', 'PR0052', 2, 1, 20, 'Pengembalian stok bahan akibat pembatalan produksi', 1, 7, 1, 6, '2026-02-06 08:41:45', '2026-02-06 08:41:45'),
(387, '2026-02-06 15:41:45', 'PR0052', 1, 2, 74, 'Pembatalan produksi produk', 1, 7, 1, 6, '2026-02-06 08:41:45', '2026-02-06 08:41:45'),
(388, '2026-02-06 15:41:45', 'PR0052', 1, 2, 74, 'Pembatalan produksi produk', 2, 9, 1, 6, '2026-02-06 08:41:45', '2026-02-06 08:41:45'),
(389, '2026-02-06 15:42:11', 'PR0053', 2, 2, 35, 'Pengurangan bahan untuk produksi', 15, 9, 1, 6, '2026-02-06 08:42:11', '2026-02-06 08:42:11'),
(390, '2026-02-06 15:42:11', 'PR0053', 2, 2, 20, 'Pengurangan bahan untuk produksi', 1, 7, 1, 6, '2026-02-06 08:42:11', '2026-02-06 08:42:11'),
(391, '2026-02-06 15:42:11', 'PR0053', 1, 1, 74, 'Hasil Produksi Produk', 1, 7, 1, 6, '2026-02-06 08:42:11', '2026-02-06 08:42:11'),
(392, '2026-02-06 15:42:11', 'PR0053', 1, 1, 74, 'Hasil Produksi Produk', 3, 9, 1, 6, '2026-02-06 08:42:11', '2026-02-06 08:42:11'),
(393, '2026-02-06 15:43:00', 'PR0053', 1, 2, 74, 'Konversi Ke satuan terkecil, untuk pembatalan', 2, 7, 1, 6, '2026-02-06 08:43:00', '2026-02-06 08:43:00'),
(394, '2026-02-06 15:43:00', 'PR0053', 1, 1, 74, 'Dapat dari satuan terbesar, untuk pembatalan', 12, 9, 1, 6, '2026-02-06 08:43:00', '2026-02-06 08:43:00'),
(395, '2026-02-06 15:43:00', 'PR0053', 2, 1, 35, 'Pengembalian stok bahan akibat pembatalan produksi', 15, 9, 1, 6, '2026-02-06 08:43:00', '2026-02-06 08:43:00'),
(396, '2026-02-06 15:43:00', 'PR0053', 2, 1, 20, 'Pengembalian stok bahan akibat pembatalan produksi', 1, 7, 1, 6, '2026-02-06 08:43:00', '2026-02-06 08:43:00'),
(397, '2026-02-06 15:43:00', 'PR0053', 1, 2, 74, 'Pembatalan produksi produk', 3, 9, 1, 6, '2026-02-06 08:43:00', '2026-02-06 08:43:00'),
(398, '2026-02-06 15:57:49', 'PR0054', 2, 2, 35, 'Pengurangan bahan untuk produksi', 15, 9, 1, 6, '2026-02-06 08:57:49', '2026-02-06 08:57:49'),
(399, '2026-02-06 15:57:49', 'PR0054', 2, 2, 20, 'Pengurangan bahan untuk produksi', 1, 7, 1, 6, '2026-02-06 08:57:49', '2026-02-06 08:57:49'),
(400, '2026-02-06 15:57:49', 'PR0054', 1, 1, 74, 'Hasil Produksi Produk', 1, 7, 1, 6, '2026-02-06 08:57:49', '2026-02-06 08:57:49'),
(401, '2026-02-06 15:57:49', 'PR0054', 1, 1, 74, 'Hasil Produksi Produk', 3, 9, 1, 6, '2026-02-06 08:57:49', '2026-02-06 08:57:49'),
(402, '2026-02-06 15:58:40', 'PR0054', 1, 2, 74, 'Konversi Ke satuan terkecil, untuk pembatalan', 1, 7, 1, 6, '2026-02-06 08:58:40', '2026-02-06 08:58:40'),
(403, '2026-02-06 15:58:40', 'PR0054', 1, 1, 74, 'Dapat dari satuan terbesar, untuk pembatalan', 12, 9, 1, 6, '2026-02-06 08:58:40', '2026-02-06 08:58:40'),
(404, '2026-02-06 15:58:41', 'PR0054', 2, 1, 35, 'Pengembalian stok bahan akibat pembatalan produksi', 15, 9, 1, 6, '2026-02-06 08:58:41', '2026-02-06 08:58:41'),
(405, '2026-02-06 15:58:41', 'PR0054', 2, 1, 20, 'Pengembalian stok bahan akibat pembatalan produksi', 1, 7, 1, 6, '2026-02-06 08:58:41', '2026-02-06 08:58:41'),
(406, '2026-02-06 15:58:41', 'PR0054', 1, 2, 74, 'Pembatalan produksi produk', 1, 7, 1, 6, '2026-02-06 08:58:41', '2026-02-06 08:58:41'),
(407, '2026-02-06 15:58:41', 'PR0054', 1, 2, 74, 'Pembatalan produksi produk', 3, 9, 1, 6, '2026-02-06 08:58:41', '2026-02-06 08:58:41'),
(408, '2026-02-06 16:00:27', 'PR0055', 2, 2, 35, 'Pengurangan bahan untuk produksi', 13, 9, 1, 6, '2026-02-06 09:00:27', '2026-02-06 09:00:27'),
(409, '2026-02-06 16:00:27', 'PR0055', 2, 2, 20, 'Pengurangan bahan untuk produksi', 1, 7, 1, 6, '2026-02-06 09:00:27', '2026-02-06 09:00:27'),
(410, '2026-02-06 16:00:27', 'PR0055', 1, 1, 74, 'Hasil Produksi Produk', 1, 7, 1, 6, '2026-02-06 09:00:27', '2026-02-06 09:00:27'),
(411, '2026-02-06 16:00:27', 'PR0055', 1, 1, 74, 'Hasil Produksi Produk', 1, 9, 1, 6, '2026-02-06 09:00:27', '2026-02-06 09:00:27'),
(412, '2026-02-06 16:02:47', 'PR0056', 2, 2, 26, 'Pengurangan bahan untuk produksi', 1, 8, 1, 6, '2026-02-06 09:02:47', '2026-02-06 09:02:47'),
(413, '2026-02-06 16:02:47', 'PR0056', 2, 2, 23, 'Pengurangan bahan untuk produksi', 14, 9, 1, 6, '2026-02-06 09:02:47', '2026-02-06 09:02:47'),
(414, '2026-02-06 16:02:47', 'PR0056', 1, 1, 70, 'Hasil Produksi Produk', 1, 8, 1, 6, '2026-02-06 09:02:47', '2026-02-06 09:02:47'),
(415, '2026-02-06 16:02:47', 'PR0056', 1, 1, 70, 'Hasil Produksi Produk', 4, 9, 1, 6, '2026-02-06 09:02:47', '2026-02-06 09:02:47'),
(416, '2026-02-06 18:25:14', 'PR0057', 2, 2, 23, 'Pengurangan bahan untuk produksi', 5, 9, 1, 6, '2026-02-06 11:25:14', '2026-02-06 11:25:14'),
(417, '2026-02-06 18:25:14', 'PR0057', 1, 1, 70, 'Hasil Produksi Produk', 5, 9, 1, 6, '2026-02-06 11:25:14', '2026-02-06 11:25:14'),
(418, '2026-02-07 07:29:28', 'SB0003', 2, 2, 7, 'Stock Opname Bahan Mentah', 368, 1, 1, 6, '2026-02-07 00:29:28', '2026-02-07 00:29:28'),
(419, '2026-02-07 07:29:28', 'SB0003', 2, 1, 7, 'Stock Opname Bahan Mentah', 1000, 1, 1, 6, '2026-02-07 00:29:28', '2026-02-07 00:29:28'),
(420, '2026-02-07 07:29:28', 'SB0003', 2, 2, 16, 'Stock Opname Bahan Mentah', 198, 1, 1, 6, '2026-02-07 00:29:28', '2026-02-07 00:29:28'),
(421, '2026-02-07 07:29:28', 'SB0003', 2, 1, 16, 'Stock Opname Bahan Mentah', 1000, 1, 1, 6, '2026-02-07 00:29:28', '2026-02-07 00:29:28'),
(422, '2026-02-07 07:29:28', 'SB0003', 2, 2, 16, 'Stock Opname Bahan Mentah', 1000, 22, 1, 6, '2026-02-07 00:29:28', '2026-02-07 00:29:28'),
(423, '2026-02-07 07:29:28', 'SB0003', 2, 1, 16, 'Stock Opname Bahan Mentah', 0, 22, 1, 6, '2026-02-07 00:29:28', '2026-02-07 00:29:28'),
(424, '2026-02-07 07:29:28', 'SB0003', 2, 2, 18, 'Stock Opname Bahan Mentah', 20, 7, 1, 6, '2026-02-07 00:29:28', '2026-02-07 00:29:28'),
(425, '2026-02-07 07:29:28', 'SB0003', 2, 1, 18, 'Stock Opname Bahan Mentah', 1000, 7, 1, 6, '2026-02-07 00:29:28', '2026-02-07 00:29:28'),
(426, '2026-02-07 07:29:28', 'SB0003', 2, 2, 20, 'Stock Opname Bahan Mentah', 974, 7, 1, 6, '2026-02-07 00:29:28', '2026-02-07 00:29:28'),
(427, '2026-02-07 07:29:28', 'SB0003', 2, 1, 20, 'Stock Opname Bahan Mentah', 1000, 7, 1, 6, '2026-02-07 00:29:28', '2026-02-07 00:29:28'),
(428, '2026-02-07 07:29:28', 'SB0003', 2, 2, 21, 'Stock Opname Bahan Mentah', 1987, 9, 1, 6, '2026-02-07 00:29:28', '2026-02-07 00:29:28'),
(429, '2026-02-07 07:29:28', 'SB0003', 2, 1, 21, 'Stock Opname Bahan Mentah', 1000, 9, 1, 6, '2026-02-07 00:29:28', '2026-02-07 00:29:28'),
(430, '2026-02-07 07:29:28', 'SB0003', 2, 2, 22, 'Stock Opname Bahan Mentah', 1200, 9, 1, 6, '2026-02-07 00:29:28', '2026-02-07 00:29:28'),
(431, '2026-02-07 07:29:28', 'SB0003', 2, 1, 22, 'Stock Opname Bahan Mentah', 1000, 9, 1, 6, '2026-02-07 00:29:28', '2026-02-07 00:29:28'),
(432, '2026-02-07 07:29:28', 'SB0003', 2, 2, 23, 'Stock Opname Bahan Mentah', 960, 9, 1, 6, '2026-02-07 00:29:28', '2026-02-07 00:29:28'),
(433, '2026-02-07 07:29:28', 'SB0003', 2, 1, 23, 'Stock Opname Bahan Mentah', 1000, 9, 1, 6, '2026-02-07 00:29:28', '2026-02-07 00:29:28'),
(434, '2026-02-07 07:29:28', 'SB0003', 2, 2, 24, 'Stock Opname Bahan Mentah', 988, 9, 1, 6, '2026-02-07 00:29:28', '2026-02-07 00:29:28'),
(435, '2026-02-07 07:29:28', 'SB0003', 2, 1, 24, 'Stock Opname Bahan Mentah', 1000, 9, 1, 6, '2026-02-07 00:29:28', '2026-02-07 00:29:28'),
(436, '2026-02-07 07:29:28', 'SB0003', 2, 2, 25, 'Stock Opname Bahan Mentah', 0, 9, 1, 6, '2026-02-07 00:29:28', '2026-02-07 00:29:28'),
(437, '2026-02-07 07:29:28', 'SB0003', 2, 1, 25, 'Stock Opname Bahan Mentah', 1000, 9, 1, 6, '2026-02-07 00:29:28', '2026-02-07 00:29:28'),
(438, '2026-02-07 07:29:28', 'SB0003', 2, 2, 26, 'Stock Opname Bahan Mentah', 85, 8, 1, 6, '2026-02-07 00:29:28', '2026-02-07 00:29:28'),
(439, '2026-02-07 07:29:28', 'SB0003', 2, 1, 26, 'Stock Opname Bahan Mentah', 0, 8, 1, 6, '2026-02-07 00:29:28', '2026-02-07 00:29:28'),
(440, '2026-02-07 07:29:28', 'SB0003', 2, 2, 27, 'Stock Opname Bahan Mentah', 0, 9, 1, 6, '2026-02-07 00:29:28', '2026-02-07 00:29:28'),
(441, '2026-02-07 07:29:28', 'SB0003', 2, 1, 27, 'Stock Opname Bahan Mentah', 1000, 9, 1, 6, '2026-02-07 00:29:28', '2026-02-07 00:29:28'),
(442, '2026-02-07 07:29:28', 'SB0003', 2, 2, 28, 'Stock Opname Bahan Mentah', 0, 9, 1, 6, '2026-02-07 00:29:28', '2026-02-07 00:29:28'),
(443, '2026-02-07 07:29:28', 'SB0003', 2, 1, 28, 'Stock Opname Bahan Mentah', 1000, 9, 1, 6, '2026-02-07 00:29:28', '2026-02-07 00:29:28'),
(444, '2026-02-07 07:29:28', 'SB0003', 2, 2, 29, 'Stock Opname Bahan Mentah', 0, 9, 1, 6, '2026-02-07 00:29:28', '2026-02-07 00:29:28'),
(445, '2026-02-07 07:29:28', 'SB0003', 2, 1, 29, 'Stock Opname Bahan Mentah', 1000, 9, 1, 6, '2026-02-07 00:29:28', '2026-02-07 00:29:28'),
(446, '2026-02-07 07:29:28', 'SB0003', 2, 2, 30, 'Stock Opname Bahan Mentah', 0, 9, 1, 6, '2026-02-07 00:29:28', '2026-02-07 00:29:28'),
(447, '2026-02-07 07:29:28', 'SB0003', 2, 1, 30, 'Stock Opname Bahan Mentah', 1000, 9, 1, 6, '2026-02-07 00:29:28', '2026-02-07 00:29:28'),
(448, '2026-02-07 07:29:28', 'SB0003', 2, 2, 31, 'Stock Opname Bahan Mentah', 0, 9, 1, 6, '2026-02-07 00:29:28', '2026-02-07 00:29:28'),
(449, '2026-02-07 07:29:28', 'SB0003', 2, 1, 31, 'Stock Opname Bahan Mentah', 1000, 9, 1, 6, '2026-02-07 00:29:28', '2026-02-07 00:29:28'),
(450, '2026-02-07 07:29:28', 'SB0003', 2, 2, 32, 'Stock Opname Bahan Mentah', 0, 1, 1, 6, '2026-02-07 00:29:28', '2026-02-07 00:29:28'),
(451, '2026-02-07 07:29:28', 'SB0003', 2, 1, 32, 'Stock Opname Bahan Mentah', 1000, 1, 1, 6, '2026-02-07 00:29:28', '2026-02-07 00:29:28'),
(452, '2026-02-07 07:29:28', 'SB0003', 2, 2, 35, 'Stock Opname Bahan Mentah', 892, 9, 1, 6, '2026-02-07 00:29:28', '2026-02-07 00:29:28'),
(453, '2026-02-07 07:29:28', 'SB0003', 2, 1, 35, 'Stock Opname Bahan Mentah', 1000, 9, 1, 6, '2026-02-07 00:29:28', '2026-02-07 00:29:28'),
(454, '2026-02-07 07:31:10', 'PR0058', 2, 2, 20, 'Pengurangan bahan untuk produksi', 1, 7, 1, 6, '2026-02-07 00:31:10', '2026-02-07 00:31:10'),
(455, '2026-02-07 07:31:10', 'PR0058', 2, 2, 21, 'Pengurangan bahan untuk produksi', 20, 9, 1, 6, '2026-02-07 00:31:10', '2026-02-07 00:31:10'),
(456, '2026-02-07 07:31:10', 'PR0058', 1, 1, 31, 'Hasil Produksi Produk', 1, 7, 1, 6, '2026-02-07 00:31:10', '2026-02-07 00:31:10'),
(457, '2026-02-07 07:31:10', 'PR0058', 1, 1, 31, 'Hasil Produksi Produk', 8, 9, 1, 6, '2026-02-07 00:31:10', '2026-02-07 00:31:10'),
(458, '2026-02-07 07:32:27', 'SO0010', 1, 2, 31, 'Penjualan produk', 20, 9, 1, 6, '2026-02-07 00:32:27', '2026-02-07 00:32:27'),
(459, '2026-02-07 07:36:24', 'PR0058', 2, 1, 20, 'Pengembalian stok bahan akibat pembatalan produksi', 1, 7, 1, 6, '2026-02-07 00:36:24', '2026-02-07 00:36:24'),
(460, '2026-02-07 07:36:24', 'PR0058', 2, 1, 21, 'Pengembalian stok bahan akibat pembatalan produksi', 20, 9, 1, 6, '2026-02-07 00:36:24', '2026-02-07 00:36:24'),
(461, '2026-02-07 07:36:24', 'PR0058', 1, 2, 31, 'Pembatalan produksi produk', 1, 7, 1, 6, '2026-02-07 00:36:24', '2026-02-07 00:36:24'),
(462, '2026-02-07 07:36:24', 'PR0058', 1, 2, 31, 'Pembatalan produksi produk', 8, 9, 1, 6, '2026-02-07 00:36:24', '2026-02-07 00:36:24'),
(463, '2026-02-07 13:45:05', 'PR0059', 2, 2, 22, 'Pengurangan bahan untuk produksi', 2, 9, 1, 6, '2026-02-07 06:45:05', '2026-02-07 06:45:05'),
(464, '2026-02-07 13:45:05', 'PR0059', 2, 2, 24, 'Pengurangan bahan untuk produksi', 2, 9, 1, 6, '2026-02-07 06:45:05', '2026-02-07 06:45:05'),
(465, '2026-02-07 13:45:05', 'PR0059', 1, 1, 81, 'Hasil Produksi Produk', 2, 2, 1, 6, '2026-02-07 06:45:05', '2026-02-07 06:45:05'),
(466, '2026-02-07 14:14:55', 'PR0060', 2, 2, 20, 'Pengurangan bahan untuk produksi', 3, 7, 1, 6, '2026-02-07 07:14:55', '2026-02-07 07:14:55'),
(467, '2026-02-07 14:14:55', 'PR0060', 2, 2, 21, 'Pengurangan bahan untuk produksi', 37, 9, 1, 6, '2026-02-07 07:14:55', '2026-02-07 07:14:55'),
(468, '2026-02-07 14:14:55', 'PR0060', 1, 1, 31, 'Hasil Produksi Produk', 2, 7, 1, 6, '2026-02-07 07:14:55', '2026-02-07 07:14:55'),
(469, '2026-02-07 14:14:55', 'PR0060', 1, 1, 31, 'Hasil Produksi Produk', 1, 9, 1, 6, '2026-02-07 07:14:55', '2026-02-07 07:14:55'),
(470, '2026-02-07 14:14:55', 'PR0060', 1, 1, 31, 'Hasil Produksi Produk', 1, 7, 1, 6, '2026-02-07 07:14:55', '2026-02-07 07:14:55'),
(471, '2026-02-07 14:17:58', 'SO0011', 1, 2, 31, 'Pengiriman produk', 48, 9, 1, 6, '2026-02-07 07:17:58', '2026-02-07 07:17:58'),
(472, '2026-02-07 14:18:38', 'PR0060', 1, 2, 31, 'Konversi Ke satuan terkecil, untuk pembatalan', 1, 7, 1, 6, '2026-02-07 07:18:38', '2026-02-07 07:18:38'),
(473, '2026-02-07 14:18:38', 'PR0060', 1, 1, 31, 'Dapat dari satuan terbesar, untuk pembatalan', 12, 9, 1, 6, '2026-02-07 07:18:38', '2026-02-07 07:18:38'),
(474, '2026-02-07 14:18:38', 'PR0060', 2, 1, 20, 'Pengembalian stok bahan akibat pembatalan produksi', 2, 7, 1, 6, '2026-02-07 07:18:38', '2026-02-07 07:18:38'),
(475, '2026-02-07 14:18:38', 'PR0060', 2, 1, 21, 'Pengembalian stok bahan akibat pembatalan produksi', 25, 9, 1, 6, '2026-02-07 07:18:38', '2026-02-07 07:18:38'),
(476, '2026-02-07 14:18:38', 'PR0060', 2, 1, 20, 'Pengembalian stok bahan akibat pembatalan produksi', 1, 7, 1, 6, '2026-02-07 07:18:38', '2026-02-07 07:18:38'),
(477, '2026-02-07 14:18:38', 'PR0060', 2, 1, 21, 'Pengembalian stok bahan akibat pembatalan produksi', 12, 9, 1, 6, '2026-02-07 07:18:38', '2026-02-07 07:18:38'),
(478, '2026-02-07 14:18:38', 'PR0060', 1, 2, 31, 'Pembatalan produksi produk', 2, 7, 1, 6, '2026-02-07 07:18:38', '2026-02-07 07:18:38'),
(479, '2026-02-07 14:18:38', 'PR0060', 1, 2, 31, 'Pembatalan produksi produk', 1, 9, 1, 6, '2026-02-07 07:18:38', '2026-02-07 07:18:38'),
(480, '2026-02-07 14:18:38', 'PR0060', 1, 2, 31, 'Pembatalan produksi produk', 1, 7, 1, 6, '2026-02-07 07:18:38', '2026-02-07 07:18:38'),
(481, '2026-02-07 21:17:16', 'PR0059', 2, 1, 22, 'Pengembalian stok bahan akibat pembatalan produksi', 2, 9, 1, 6, '2026-02-07 14:17:16', '2026-02-07 14:17:16'),
(482, '2026-02-07 21:17:16', 'PR0059', 2, 1, 24, 'Pengembalian stok bahan akibat pembatalan produksi', 2, 9, 1, 6, '2026-02-07 14:17:16', '2026-02-07 14:17:16'),
(483, '2026-02-07 21:17:16', 'PR0059', 1, 2, 81, 'Pembatalan produksi produk', 2, 2, 1, 6, '2026-02-07 14:17:16', '2026-02-07 14:17:16'),
(484, '2026-02-19 18:26:32', 'SO0012', 1, 2, 31, 'Pengiriman produk', 1, 7, 1, 6, '2026-02-19 11:26:32', '2026-02-19 11:26:32'),
(485, '2026-02-20 23:14:22', 'PR0061', 2, 2, 21, 'Pengurangan bahan untuk produksi', 1, 9, 1, 6, '2026-02-20 16:14:22', '2026-02-20 16:14:22'),
(486, '2026-02-20 23:14:22', 'PR0061', 1, 1, 31, 'Hasil Produksi Produk', 1, 9, 1, 6, '2026-02-20 16:14:22', '2026-02-20 16:14:22'),
(487, '2026-02-20 23:15:03', 'PR0061', 2, 1, 21, 'Pengembalian stok bahan akibat pembatalan produksi', 1, 9, 1, 6, '2026-02-20 16:15:03', '2026-02-20 16:15:03'),
(488, '2026-02-20 23:15:03', 'PR0061', 1, 2, 31, 'Pembatalan produksi produk', 1, 9, 1, 6, '2026-02-20 16:15:03', '2026-02-20 16:15:03'),
(489, '2026-02-23 23:23:09', 'SP0005', 1, 2, 70, 'Stock Opname Produk', 3, 8, 1, 6, '2026-02-23 16:23:09', '2026-02-23 16:23:09'),
(490, '2026-02-23 23:23:09', 'SP0005', 1, 1, 70, 'Stock Opname Produk', 10, 8, 1, 6, '2026-02-23 16:23:09', '2026-02-23 16:23:09'),
(491, '2026-02-23 23:23:09', 'SP0005', 1, 2, 70, 'Stock Opname Produk', 110, 9, 1, 6, '2026-02-23 16:23:09', '2026-02-23 16:23:09'),
(492, '2026-02-23 23:23:09', 'SP0005', 1, 1, 70, 'Stock Opname Produk', 10, 9, 1, 6, '2026-02-23 16:23:09', '2026-02-23 16:23:09'),
(493, '2026-02-23 23:23:09', 'SP0005', 1, 2, 71, 'Stock Opname Produk', 2, 8, 1, 6, '2026-02-23 16:23:09', '2026-02-23 16:23:09'),
(494, '2026-02-23 23:23:09', 'SP0005', 1, 1, 71, 'Stock Opname Produk', 10, 8, 1, 6, '2026-02-23 16:23:09', '2026-02-23 16:23:09'),
(495, '2026-02-23 23:23:09', 'SP0005', 1, 2, 71, 'Stock Opname Produk', 0, 9, 1, 6, '2026-02-23 16:23:09', '2026-02-23 16:23:09'),
(496, '2026-02-23 23:23:09', 'SP0005', 1, 1, 71, 'Stock Opname Produk', 10, 9, 1, 6, '2026-02-23 16:23:09', '2026-02-23 16:23:09'),
(497, '2026-02-23 23:24:17', 'SB0004', 2, 2, 7, 'Stock Opname Bahan Mentah', 1000, 1, 1, 6, '2026-02-23 16:24:17', '2026-02-23 16:24:17'),
(498, '2026-02-23 23:24:17', 'SB0004', 2, 1, 7, 'Stock Opname Bahan Mentah', 500, 1, 1, 6, '2026-02-23 16:24:17', '2026-02-23 16:24:17'),
(499, '2026-02-23 23:24:17', 'SB0004', 2, 2, 36, 'Stock Opname Bahan Mentah', 0, 8, 1, 6, '2026-02-23 16:24:17', '2026-02-23 16:24:17'),
(500, '2026-02-23 23:24:17', 'SB0004', 2, 1, 36, 'Stock Opname Bahan Mentah', 10, 8, 1, 6, '2026-02-23 16:24:17', '2026-02-23 16:24:17'),
(501, '2026-02-23 23:24:17', 'SB0004', 2, 2, 36, 'Stock Opname Bahan Mentah', 0, 9, 1, 6, '2026-02-23 16:24:17', '2026-02-23 16:24:17'),
(502, '2026-02-23 23:24:17', 'SB0004', 2, 1, 36, 'Stock Opname Bahan Mentah', 5, 9, 1, 6, '2026-02-23 16:24:17', '2026-02-23 16:24:17'),
(503, '2026-02-24 16:19:13', 'SP0001', 1, 2, 31, 'Stock Opname Produk', 205, 7, 1, 6, '2026-02-24 09:19:13', '2026-02-24 09:19:13'),
(504, '2026-02-24 16:19:13', 'SP0001', 1, 1, 31, 'Stock Opname Produk', 100, 7, 1, 6, '2026-02-24 09:19:13', '2026-02-24 09:19:13'),
(505, '2026-02-24 16:19:13', 'SP0001', 1, 2, 31, 'Stock Opname Produk', 11, 9, 1, 6, '2026-02-24 09:19:13', '2026-02-24 09:19:13'),
(506, '2026-02-24 16:19:13', 'SP0001', 1, 1, 31, 'Stock Opname Produk', 10, 9, 1, 6, '2026-02-24 09:19:13', '2026-02-24 09:19:13'),
(507, '2026-02-24 16:19:13', 'SP0001', 1, 2, 32, 'Stock Opname Produk', 99, 7, 1, 6, '2026-02-24 09:19:13', '2026-02-24 09:19:13'),
(508, '2026-02-24 16:19:13', 'SP0001', 1, 1, 32, 'Stock Opname Produk', 99, 7, 1, 6, '2026-02-24 09:19:13', '2026-02-24 09:19:13'),
(509, '2026-02-24 16:19:13', 'SP0001', 1, 2, 32, 'Stock Opname Produk', 20, 9, 1, 6, '2026-02-24 09:19:13', '2026-02-24 09:19:13'),
(510, '2026-02-24 16:19:13', 'SP0001', 1, 1, 32, 'Stock Opname Produk', 20, 9, 1, 6, '2026-02-24 09:19:13', '2026-02-24 09:19:13'),
(511, '2026-02-24 16:19:13', 'SP0001', 1, 2, 33, 'Stock Opname Produk', 589, 7, 1, 6, '2026-02-24 09:19:13', '2026-02-24 09:19:13'),
(512, '2026-02-24 16:19:13', 'SP0001', 1, 1, 33, 'Stock Opname Produk', 589, 7, 1, 6, '2026-02-24 09:19:13', '2026-02-24 09:19:13'),
(513, '2026-02-24 16:19:13', 'SP0001', 1, 2, 33, 'Stock Opname Produk', 50, 9, 1, 6, '2026-02-24 09:19:13', '2026-02-24 09:19:13'),
(514, '2026-02-24 16:19:13', 'SP0001', 1, 1, 33, 'Stock Opname Produk', 50, 9, 1, 6, '2026-02-24 09:19:13', '2026-02-24 09:19:13'),
(515, '2026-02-24 16:19:13', 'SP0001', 1, 2, 34, 'Stock Opname Produk', 0, 7, 1, 6, '2026-02-24 09:19:13', '2026-02-24 09:19:13'),
(516, '2026-02-24 16:19:13', 'SP0001', 1, 1, 34, 'Stock Opname Produk', 0, 7, 1, 6, '2026-02-24 09:19:13', '2026-02-24 09:19:13'),
(517, '2026-02-24 16:19:13', 'SP0001', 1, 2, 34, 'Stock Opname Produk', 0, 9, 1, 6, '2026-02-24 09:19:13', '2026-02-24 09:19:13'),
(518, '2026-02-24 16:19:13', 'SP0001', 1, 1, 34, 'Stock Opname Produk', 0, 9, 1, 6, '2026-02-24 09:19:13', '2026-02-24 09:19:13'),
(519, '2026-02-24 16:19:13', 'SP0001', 1, 2, 57, 'Stock Opname Produk', 1, 7, 1, 6, '2026-02-24 09:19:13', '2026-02-24 09:19:13'),
(520, '2026-02-24 16:19:13', 'SP0001', 1, 1, 57, 'Stock Opname Produk', 1, 7, 1, 6, '2026-02-24 09:19:13', '2026-02-24 09:19:13'),
(521, '2026-02-24 16:19:13', 'SP0001', 1, 2, 57, 'Stock Opname Produk', 0, 9, 1, 6, '2026-02-24 09:19:13', '2026-02-24 09:19:13'),
(522, '2026-02-24 16:19:13', 'SP0001', 1, 1, 57, 'Stock Opname Produk', 0, 9, 1, 6, '2026-02-24 09:19:13', '2026-02-24 09:19:13'),
(523, '2026-02-24 16:19:13', 'SP0001', 1, 2, 57, 'Stock Opname Produk', 0, 2, 1, 6, '2026-02-24 09:19:13', '2026-02-24 09:19:13'),
(524, '2026-02-24 16:19:13', 'SP0001', 1, 1, 57, 'Stock Opname Produk', 0, 2, 1, 6, '2026-02-24 09:19:13', '2026-02-24 09:19:13'),
(525, '2026-02-24 16:19:13', 'SP0001', 1, 2, 58, 'Stock Opname Produk', 0, 7, 1, 6, '2026-02-24 09:19:13', '2026-02-24 09:19:13'),
(526, '2026-02-24 16:19:13', 'SP0001', 1, 1, 58, 'Stock Opname Produk', 0, 7, 1, 6, '2026-02-24 09:19:13', '2026-02-24 09:19:13'),
(527, '2026-02-24 16:19:13', 'SP0001', 1, 2, 58, 'Stock Opname Produk', 0, 9, 1, 6, '2026-02-24 09:19:13', '2026-02-24 09:19:13'),
(528, '2026-02-24 16:19:13', 'SP0001', 1, 1, 58, 'Stock Opname Produk', 0, 9, 1, 6, '2026-02-24 09:19:13', '2026-02-24 09:19:13'),
(529, '2026-02-24 16:19:13', 'SP0001', 1, 2, 58, 'Stock Opname Produk', 0, 2, 1, 6, '2026-02-24 09:19:13', '2026-02-24 09:19:13'),
(530, '2026-02-24 16:19:13', 'SP0001', 1, 1, 58, 'Stock Opname Produk', 0, 2, 1, 6, '2026-02-24 09:19:13', '2026-02-24 09:19:13'),
(531, '2026-02-24 16:19:13', 'SP0001', 1, 2, 59, 'Stock Opname Produk', 0, 7, 1, 6, '2026-02-24 09:19:13', '2026-02-24 09:19:13'),
(532, '2026-02-24 16:19:13', 'SP0001', 1, 1, 59, 'Stock Opname Produk', 0, 7, 1, 6, '2026-02-24 09:19:13', '2026-02-24 09:19:13'),
(533, '2026-02-24 16:19:13', 'SP0001', 1, 2, 59, 'Stock Opname Produk', 0, 9, 1, 6, '2026-02-24 09:19:13', '2026-02-24 09:19:13'),
(534, '2026-02-24 16:19:13', 'SP0001', 1, 1, 59, 'Stock Opname Produk', 0, 9, 1, 6, '2026-02-24 09:19:13', '2026-02-24 09:19:13'),
(535, '2026-02-24 16:19:13', 'SP0001', 1, 2, 59, 'Stock Opname Produk', 0, 2, 1, 6, '2026-02-24 09:19:13', '2026-02-24 09:19:13'),
(536, '2026-02-24 16:19:13', 'SP0001', 1, 1, 59, 'Stock Opname Produk', 0, 2, 1, 6, '2026-02-24 09:19:13', '2026-02-24 09:19:13'),
(537, '2026-02-24 16:19:13', 'SP0001', 1, 2, 60, 'Stock Opname Produk', 0, 7, 1, 6, '2026-02-24 09:19:13', '2026-02-24 09:19:13'),
(538, '2026-02-24 16:19:13', 'SP0001', 1, 1, 60, 'Stock Opname Produk', 0, 7, 1, 6, '2026-02-24 09:19:13', '2026-02-24 09:19:13'),
(539, '2026-02-24 16:19:13', 'SP0001', 1, 2, 60, 'Stock Opname Produk', 0, 9, 1, 6, '2026-02-24 09:19:13', '2026-02-24 09:19:13'),
(540, '2026-02-24 16:19:13', 'SP0001', 1, 1, 60, 'Stock Opname Produk', 0, 9, 1, 6, '2026-02-24 09:19:13', '2026-02-24 09:19:13'),
(541, '2026-02-24 16:19:13', 'SP0001', 1, 2, 60, 'Stock Opname Produk', 0, 2, 1, 6, '2026-02-24 09:19:13', '2026-02-24 09:19:13'),
(542, '2026-02-24 16:19:13', 'SP0001', 1, 1, 60, 'Stock Opname Produk', 0, 2, 1, 6, '2026-02-24 09:19:13', '2026-02-24 09:19:13'),
(543, '2026-02-24 16:19:13', 'SP0001', 1, 2, 61, 'Stock Opname Produk', 0, 7, 1, 6, '2026-02-24 09:19:13', '2026-02-24 09:19:13'),
(544, '2026-02-24 16:19:13', 'SP0001', 1, 1, 61, 'Stock Opname Produk', 0, 7, 1, 6, '2026-02-24 09:19:13', '2026-02-24 09:19:13'),
(545, '2026-02-24 16:19:13', 'SP0001', 1, 2, 61, 'Stock Opname Produk', 0, 9, 1, 6, '2026-02-24 09:19:13', '2026-02-24 09:19:13'),
(546, '2026-02-24 16:19:13', 'SP0001', 1, 1, 61, 'Stock Opname Produk', 0, 9, 1, 6, '2026-02-24 09:19:13', '2026-02-24 09:19:13'),
(547, '2026-02-24 16:19:13', 'SP0001', 1, 2, 61, 'Stock Opname Produk', 0, 2, 1, 6, '2026-02-24 09:19:13', '2026-02-24 09:19:13'),
(548, '2026-02-24 16:19:13', 'SP0001', 1, 1, 61, 'Stock Opname Produk', 0, 2, 1, 6, '2026-02-24 09:19:13', '2026-02-24 09:19:13'),
(549, '2026-02-24 16:19:13', 'SP0001', 1, 2, 69, 'Stock Opname Produk', 0, 2, 1, 6, '2026-02-24 09:19:13', '2026-02-24 09:19:13'),
(550, '2026-02-24 16:19:13', 'SP0001', 1, 1, 69, 'Stock Opname Produk', 0, 2, 1, 6, '2026-02-24 09:19:13', '2026-02-24 09:19:13'),
(551, '2026-02-24 16:19:13', 'SP0001', 1, 2, 69, 'Stock Opname Produk', 0, 7, 1, 6, '2026-02-24 09:19:13', '2026-02-24 09:19:13'),
(552, '2026-02-24 16:19:13', 'SP0001', 1, 1, 69, 'Stock Opname Produk', 0, 7, 1, 6, '2026-02-24 09:19:13', '2026-02-24 09:19:13'),
(553, '2026-02-24 16:19:13', 'SP0001', 1, 2, 69, 'Stock Opname Produk', 0, 9, 1, 6, '2026-02-24 09:19:13', '2026-02-24 09:19:13'),
(554, '2026-02-24 16:19:13', 'SP0001', 1, 1, 69, 'Stock Opname Produk', 0, 9, 1, 6, '2026-02-24 09:19:13', '2026-02-24 09:19:13'),
(555, '2026-02-24 16:19:13', 'SP0001', 1, 2, 70, 'Stock Opname Produk', 10, 8, 1, 6, '2026-02-24 09:19:13', '2026-02-24 09:19:13'),
(556, '2026-02-24 16:19:13', 'SP0001', 1, 1, 70, 'Stock Opname Produk', 10, 8, 1, 6, '2026-02-24 09:19:13', '2026-02-24 09:19:13'),
(557, '2026-02-24 16:19:13', 'SP0001', 1, 2, 70, 'Stock Opname Produk', 10, 9, 1, 6, '2026-02-24 09:19:13', '2026-02-24 09:19:13'),
(558, '2026-02-24 16:19:13', 'SP0001', 1, 1, 70, 'Stock Opname Produk', 10, 9, 1, 6, '2026-02-24 09:19:13', '2026-02-24 09:19:13'),
(559, '2026-02-24 16:19:13', 'SP0001', 1, 2, 71, 'Stock Opname Produk', 10, 8, 1, 6, '2026-02-24 09:19:13', '2026-02-24 09:19:13'),
(560, '2026-02-24 16:19:13', 'SP0001', 1, 1, 71, 'Stock Opname Produk', 10, 8, 1, 6, '2026-02-24 09:19:13', '2026-02-24 09:19:13'),
(561, '2026-02-24 16:19:13', 'SP0001', 1, 2, 71, 'Stock Opname Produk', 10, 9, 1, 6, '2026-02-24 09:19:13', '2026-02-24 09:19:13'),
(562, '2026-02-24 16:19:13', 'SP0001', 1, 1, 71, 'Stock Opname Produk', 10, 9, 1, 6, '2026-02-24 09:19:13', '2026-02-24 09:19:13'),
(563, '2026-02-24 16:19:13', 'SP0001', 1, 2, 74, 'Stock Opname Produk', 1, 7, 1, 6, '2026-02-24 09:19:13', '2026-02-24 09:19:13'),
(564, '2026-02-24 16:19:13', 'SP0001', 1, 1, 74, 'Stock Opname Produk', 1, 7, 1, 6, '2026-02-24 09:19:13', '2026-02-24 09:19:13'),
(565, '2026-02-24 16:19:13', 'SP0001', 1, 2, 74, 'Stock Opname Produk', 0, 9, 1, 6, '2026-02-24 09:19:13', '2026-02-24 09:19:13'),
(566, '2026-02-24 16:19:13', 'SP0001', 1, 1, 74, 'Stock Opname Produk', 0, 9, 1, 6, '2026-02-24 09:19:13', '2026-02-24 09:19:13'),
(567, '2026-02-24 16:19:13', 'SP0001', 1, 2, 75, 'Stock Opname Produk', 0, 7, 1, 6, '2026-02-24 09:19:13', '2026-02-24 09:19:13'),
(568, '2026-02-24 16:19:13', 'SP0001', 1, 1, 75, 'Stock Opname Produk', 0, 7, 1, 6, '2026-02-24 09:19:13', '2026-02-24 09:19:13'),
(569, '2026-02-24 16:19:13', 'SP0001', 1, 2, 75, 'Stock Opname Produk', 0, 9, 1, 6, '2026-02-24 09:19:13', '2026-02-24 09:19:13'),
(570, '2026-02-24 16:19:13', 'SP0001', 1, 1, 75, 'Stock Opname Produk', 0, 9, 1, 6, '2026-02-24 09:19:13', '2026-02-24 09:19:13'),
(571, '2026-02-24 16:19:13', 'SP0001', 1, 2, 76, 'Stock Opname Produk', 0, 7, 1, 6, '2026-02-24 09:19:13', '2026-02-24 09:19:13'),
(572, '2026-02-24 16:19:13', 'SP0001', 1, 1, 76, 'Stock Opname Produk', 0, 7, 1, 6, '2026-02-24 09:19:13', '2026-02-24 09:19:13'),
(573, '2026-02-24 16:19:13', 'SP0001', 1, 2, 76, 'Stock Opname Produk', 0, 9, 1, 6, '2026-02-24 09:19:13', '2026-02-24 09:19:13'),
(574, '2026-02-24 16:19:13', 'SP0001', 1, 1, 76, 'Stock Opname Produk', 0, 9, 1, 6, '2026-02-24 09:19:13', '2026-02-24 09:19:13'),
(575, '2026-02-24 16:19:13', 'SP0001', 1, 2, 77, 'Stock Opname Produk', 0, 7, 1, 6, '2026-02-24 09:19:13', '2026-02-24 09:19:13'),
(576, '2026-02-24 16:19:13', 'SP0001', 1, 1, 77, 'Stock Opname Produk', 0, 7, 1, 6, '2026-02-24 09:19:13', '2026-02-24 09:19:13'),
(577, '2026-02-24 16:19:13', 'SP0001', 1, 2, 77, 'Stock Opname Produk', 0, 9, 1, 6, '2026-02-24 09:19:13', '2026-02-24 09:19:13'),
(578, '2026-02-24 16:19:13', 'SP0001', 1, 1, 77, 'Stock Opname Produk', 0, 9, 1, 6, '2026-02-24 09:19:13', '2026-02-24 09:19:13'),
(579, '2026-02-24 16:19:13', 'SP0001', 1, 2, 78, 'Stock Opname Produk', 0, 7, 1, 6, '2026-02-24 09:19:13', '2026-02-24 09:19:13'),
(580, '2026-02-24 16:19:13', 'SP0001', 1, 1, 78, 'Stock Opname Produk', 0, 7, 1, 6, '2026-02-24 09:19:13', '2026-02-24 09:19:13'),
(581, '2026-02-24 16:19:13', 'SP0001', 1, 2, 78, 'Stock Opname Produk', 0, 9, 1, 6, '2026-02-24 09:19:13', '2026-02-24 09:19:13'),
(582, '2026-02-24 16:19:13', 'SP0001', 1, 1, 78, 'Stock Opname Produk', 0, 9, 1, 6, '2026-02-24 09:19:13', '2026-02-24 09:19:13'),
(583, '2026-02-24 16:19:13', 'SP0001', 1, 2, 79, 'Stock Opname Produk', 0, 7, 1, 6, '2026-02-24 09:19:13', '2026-02-24 09:19:13'),
(584, '2026-02-24 16:19:13', 'SP0001', 1, 1, 79, 'Stock Opname Produk', 0, 7, 1, 6, '2026-02-24 09:19:13', '2026-02-24 09:19:13'),
(585, '2026-02-24 16:19:13', 'SP0001', 1, 2, 79, 'Stock Opname Produk', 0, 9, 1, 6, '2026-02-24 09:19:13', '2026-02-24 09:19:13'),
(586, '2026-02-24 16:19:13', 'SP0001', 1, 1, 79, 'Stock Opname Produk', 0, 9, 1, 6, '2026-02-24 09:19:13', '2026-02-24 09:19:13'),
(587, '2026-02-24 16:19:13', 'SP0001', 1, 2, 79, 'Stock Opname Produk', 0, 2, 1, 6, '2026-02-24 09:19:13', '2026-02-24 09:19:13'),
(588, '2026-02-24 16:19:13', 'SP0001', 1, 1, 79, 'Stock Opname Produk', 0, 2, 1, 6, '2026-02-24 09:19:13', '2026-02-24 09:19:13'),
(589, '2026-02-24 16:19:13', 'SP0001', 1, 2, 80, 'Stock Opname Produk', 0, 7, 1, 6, '2026-02-24 09:19:13', '2026-02-24 09:19:13'),
(590, '2026-02-24 16:19:13', 'SP0001', 1, 1, 80, 'Stock Opname Produk', 0, 7, 1, 6, '2026-02-24 09:19:13', '2026-02-24 09:19:13'),
(591, '2026-02-24 16:19:13', 'SP0001', 1, 2, 80, 'Stock Opname Produk', 0, 9, 1, 6, '2026-02-24 09:19:13', '2026-02-24 09:19:13'),
(592, '2026-02-24 16:19:13', 'SP0001', 1, 1, 80, 'Stock Opname Produk', 0, 9, 1, 6, '2026-02-24 09:19:13', '2026-02-24 09:19:13'),
(593, '2026-02-24 16:19:13', 'SP0001', 1, 2, 80, 'Stock Opname Produk', 0, 2, 1, 6, '2026-02-24 09:19:13', '2026-02-24 09:19:13'),
(594, '2026-02-24 16:19:13', 'SP0001', 1, 1, 80, 'Stock Opname Produk', 0, 2, 1, 6, '2026-02-24 09:19:13', '2026-02-24 09:19:13'),
(595, '2026-02-24 16:19:13', 'SP0001', 1, 2, 81, 'Stock Opname Produk', 0, 7, 1, 6, '2026-02-24 09:19:13', '2026-02-24 09:19:13'),
(596, '2026-02-24 16:19:13', 'SP0001', 1, 1, 81, 'Stock Opname Produk', 0, 7, 1, 6, '2026-02-24 09:19:13', '2026-02-24 09:19:13'),
(597, '2026-02-24 16:19:13', 'SP0001', 1, 2, 81, 'Stock Opname Produk', 0, 9, 1, 6, '2026-02-24 09:19:13', '2026-02-24 09:19:13'),
(598, '2026-02-24 16:19:13', 'SP0001', 1, 1, 81, 'Stock Opname Produk', 0, 9, 1, 6, '2026-02-24 09:19:13', '2026-02-24 09:19:13'),
(599, '2026-02-24 16:19:13', 'SP0001', 1, 2, 81, 'Stock Opname Produk', 0, 2, 1, 6, '2026-02-24 09:19:13', '2026-02-24 09:19:13'),
(600, '2026-02-24 16:19:13', 'SP0001', 1, 1, 81, 'Stock Opname Produk', 0, 2, 1, 6, '2026-02-24 09:19:13', '2026-02-24 09:19:13'),
(601, '2026-02-24 16:19:13', 'SP0001', 1, 2, 84, 'Stock Opname Produk', 0, 8, 1, 6, '2026-02-24 09:19:13', '2026-02-24 09:19:13'),
(602, '2026-02-24 16:19:13', 'SP0001', 1, 1, 84, 'Stock Opname Produk', 0, 8, 1, 6, '2026-02-24 09:19:13', '2026-02-24 09:19:13'),
(603, '2026-02-24 16:19:13', 'SP0001', 1, 2, 84, 'Stock Opname Produk', 0, 9, 1, 6, '2026-02-24 09:19:13', '2026-02-24 09:19:13'),
(604, '2026-02-24 16:19:13', 'SP0001', 1, 1, 84, 'Stock Opname Produk', 0, 9, 1, 6, '2026-02-24 09:19:13', '2026-02-24 09:19:13'),
(605, '2026-02-24 16:19:13', 'SP0001', 1, 2, 85, 'Stock Opname Produk', 0, 8, 1, 6, '2026-02-24 09:19:13', '2026-02-24 09:19:13'),
(606, '2026-02-24 16:19:13', 'SP0001', 1, 1, 85, 'Stock Opname Produk', 0, 8, 1, 6, '2026-02-24 09:19:13', '2026-02-24 09:19:13'),
(607, '2026-02-24 16:19:13', 'SP0001', 1, 2, 85, 'Stock Opname Produk', 0, 9, 1, 6, '2026-02-24 09:19:13', '2026-02-24 09:19:13'),
(608, '2026-02-24 16:19:13', 'SP0001', 1, 1, 85, 'Stock Opname Produk', 0, 9, 1, 6, '2026-02-24 09:19:13', '2026-02-24 09:19:13'),
(609, '2026-02-24 16:19:13', 'SP0001', 1, 2, 86, 'Stock Opname Produk', 0, 8, 1, 6, '2026-02-24 09:19:13', '2026-02-24 09:19:13'),
(610, '2026-02-24 16:19:13', 'SP0001', 1, 1, 86, 'Stock Opname Produk', 0, 8, 1, 6, '2026-02-24 09:19:13', '2026-02-24 09:19:13'),
(611, '2026-02-24 16:19:13', 'SP0001', 1, 2, 86, 'Stock Opname Produk', 0, 9, 1, 6, '2026-02-24 09:19:13', '2026-02-24 09:19:13'),
(612, '2026-02-24 16:19:13', 'SP0001', 1, 1, 86, 'Stock Opname Produk', 0, 9, 1, 6, '2026-02-24 09:19:13', '2026-02-24 09:19:13'),
(613, '2026-02-24 16:19:13', 'SP0001', 1, 2, 87, 'Stock Opname Produk', 0, 8, 1, 6, '2026-02-24 09:19:13', '2026-02-24 09:19:13'),
(614, '2026-02-24 16:19:13', 'SP0001', 1, 1, 87, 'Stock Opname Produk', 0, 8, 1, 6, '2026-02-24 09:19:13', '2026-02-24 09:19:13'),
(615, '2026-02-24 16:19:13', 'SP0001', 1, 2, 87, 'Stock Opname Produk', 0, 9, 1, 6, '2026-02-24 09:19:13', '2026-02-24 09:19:13'),
(616, '2026-02-24 16:19:13', 'SP0001', 1, 1, 87, 'Stock Opname Produk', 0, 9, 1, 6, '2026-02-24 09:19:13', '2026-02-24 09:19:13'),
(617, '2026-02-24 16:19:13', 'SP0001', 1, 2, 88, 'Stock Opname Produk', 0, 8, 1, 6, '2026-02-24 09:19:13', '2026-02-24 09:19:13'),
(618, '2026-02-24 16:19:13', 'SP0001', 1, 1, 88, 'Stock Opname Produk', 0, 8, 1, 6, '2026-02-24 09:19:13', '2026-02-24 09:19:13'),
(619, '2026-02-24 16:19:13', 'SP0001', 1, 2, 88, 'Stock Opname Produk', 0, 9, 1, 6, '2026-02-24 09:19:13', '2026-02-24 09:19:13'),
(620, '2026-02-24 16:19:13', 'SP0001', 1, 1, 88, 'Stock Opname Produk', 0, 9, 1, 6, '2026-02-24 09:19:13', '2026-02-24 09:19:13'),
(621, '2026-02-24 16:19:13', 'SP0001', 1, 2, 89, 'Stock Opname Produk', 0, 7, 1, 6, '2026-02-24 09:19:13', '2026-02-24 09:19:13'),
(622, '2026-02-24 16:19:13', 'SP0001', 1, 1, 89, 'Stock Opname Produk', 0, 7, 1, 6, '2026-02-24 09:19:13', '2026-02-24 09:19:13'),
(623, '2026-02-24 16:19:13', 'SP0001', 1, 2, 89, 'Stock Opname Produk', 0, 9, 1, 6, '2026-02-24 09:19:13', '2026-02-24 09:19:13'),
(624, '2026-02-24 16:19:13', 'SP0001', 1, 1, 89, 'Stock Opname Produk', 0, 9, 1, 6, '2026-02-24 09:19:13', '2026-02-24 09:19:13'),
(625, '2026-02-24 16:19:13', 'SP0001', 1, 2, 90, 'Stock Opname Produk', 0, 7, 1, 6, '2026-02-24 09:19:13', '2026-02-24 09:19:13'),
(626, '2026-02-24 16:19:13', 'SP0001', 1, 1, 90, 'Stock Opname Produk', 0, 7, 1, 6, '2026-02-24 09:19:13', '2026-02-24 09:19:13'),
(627, '2026-02-24 16:19:13', 'SP0001', 1, 2, 90, 'Stock Opname Produk', 0, 9, 1, 6, '2026-02-24 09:19:13', '2026-02-24 09:19:13'),
(628, '2026-02-24 16:19:13', 'SP0001', 1, 1, 90, 'Stock Opname Produk', 0, 9, 1, 6, '2026-02-24 09:19:13', '2026-02-24 09:19:13'),
(629, '2026-02-24 16:19:13', 'SP0001', 1, 2, 91, 'Stock Opname Produk', 0, 7, 1, 6, '2026-02-24 09:19:13', '2026-02-24 09:19:13'),
(630, '2026-02-24 16:19:13', 'SP0001', 1, 1, 91, 'Stock Opname Produk', 0, 7, 1, 6, '2026-02-24 09:19:13', '2026-02-24 09:19:13'),
(631, '2026-02-24 16:19:13', 'SP0001', 1, 2, 91, 'Stock Opname Produk', 0, 9, 1, 6, '2026-02-24 09:19:13', '2026-02-24 09:19:13'),
(632, '2026-02-24 16:19:13', 'SP0001', 1, 1, 91, 'Stock Opname Produk', 0, 9, 1, 6, '2026-02-24 09:19:13', '2026-02-24 09:19:13'),
(633, '2026-02-24 16:19:13', 'SP0001', 1, 2, 92, 'Stock Opname Produk', 0, 7, 1, 6, '2026-02-24 09:19:13', '2026-02-24 09:19:13'),
(634, '2026-02-24 16:19:13', 'SP0001', 1, 1, 92, 'Stock Opname Produk', 0, 7, 1, 6, '2026-02-24 09:19:13', '2026-02-24 09:19:13'),
(635, '2026-02-24 16:19:13', 'SP0001', 1, 2, 92, 'Stock Opname Produk', 0, 9, 1, 6, '2026-02-24 09:19:13', '2026-02-24 09:19:13'),
(636, '2026-02-24 16:19:13', 'SP0001', 1, 1, 92, 'Stock Opname Produk', 0, 9, 1, 6, '2026-02-24 09:19:13', '2026-02-24 09:19:13'),
(637, '2026-02-24 16:19:13', 'SP0001', 1, 2, 93, 'Stock Opname Produk', 0, 7, 1, 6, '2026-02-24 09:19:13', '2026-02-24 09:19:13'),
(638, '2026-02-24 16:19:13', 'SP0001', 1, 1, 93, 'Stock Opname Produk', 0, 7, 1, 6, '2026-02-24 09:19:13', '2026-02-24 09:19:13'),
(639, '2026-02-24 16:19:13', 'SP0001', 1, 2, 93, 'Stock Opname Produk', 0, 9, 1, 6, '2026-02-24 09:19:13', '2026-02-24 09:19:13'),
(640, '2026-02-24 16:19:13', 'SP0001', 1, 1, 93, 'Stock Opname Produk', 0, 9, 1, 6, '2026-02-24 09:19:13', '2026-02-24 09:19:13'),
(641, '2026-02-24 16:20:03', 'SB0001', 2, 2, 7, 'Stock Opname Bahan Mentah', 500, 1, 1, 6, '2026-02-24 09:20:03', '2026-02-24 09:20:03'),
(642, '2026-02-24 16:20:03', 'SB0001', 2, 1, 7, 'Stock Opname Bahan Mentah', 500, 1, 1, 6, '2026-02-24 09:20:03', '2026-02-24 09:20:03'),
(643, '2026-02-24 16:20:03', 'SB0001', 2, 2, 16, 'Stock Opname Bahan Mentah', 1000, 1, 1, 6, '2026-02-24 09:20:03', '2026-02-24 09:20:03'),
(644, '2026-02-24 16:20:03', 'SB0001', 2, 1, 16, 'Stock Opname Bahan Mentah', 500, 1, 1, 6, '2026-02-24 09:20:03', '2026-02-24 09:20:03'),
(645, '2026-02-24 16:20:03', 'SB0001', 2, 2, 16, 'Stock Opname Bahan Mentah', 0, 22, 1, 6, '2026-02-24 09:20:03', '2026-02-24 09:20:03'),
(646, '2026-02-24 16:20:03', 'SB0001', 2, 1, 16, 'Stock Opname Bahan Mentah', 200, 22, 1, 6, '2026-02-24 09:20:03', '2026-02-24 09:20:03'),
(647, '2026-02-24 16:20:03', 'SB0001', 2, 2, 18, 'Stock Opname Bahan Mentah', 1000, 7, 1, 6, '2026-02-24 09:20:03', '2026-02-24 09:20:03'),
(648, '2026-02-24 16:20:03', 'SB0001', 2, 1, 18, 'Stock Opname Bahan Mentah', 1000, 7, 1, 6, '2026-02-24 09:20:03', '2026-02-24 09:20:03'),
(649, '2026-02-24 16:20:03', 'SB0001', 2, 2, 20, 'Stock Opname Bahan Mentah', 1000, 7, 1, 6, '2026-02-24 09:20:03', '2026-02-24 09:20:03'),
(650, '2026-02-24 16:20:03', 'SB0001', 2, 1, 20, 'Stock Opname Bahan Mentah', 1000, 7, 1, 6, '2026-02-24 09:20:03', '2026-02-24 09:20:03'),
(651, '2026-02-24 16:20:03', 'SB0001', 2, 2, 21, 'Stock Opname Bahan Mentah', 1000, 9, 1, 6, '2026-02-24 09:20:03', '2026-02-24 09:20:03'),
(652, '2026-02-24 16:20:03', 'SB0001', 2, 1, 21, 'Stock Opname Bahan Mentah', 1000, 9, 1, 6, '2026-02-24 09:20:03', '2026-02-24 09:20:03'),
(653, '2026-02-24 16:20:03', 'SB0001', 2, 2, 22, 'Stock Opname Bahan Mentah', 1000, 9, 1, 6, '2026-02-24 09:20:03', '2026-02-24 09:20:03'),
(654, '2026-02-24 16:20:03', 'SB0001', 2, 1, 22, 'Stock Opname Bahan Mentah', 1000, 9, 1, 6, '2026-02-24 09:20:03', '2026-02-24 09:20:03'),
(655, '2026-02-24 16:20:03', 'SB0001', 2, 2, 23, 'Stock Opname Bahan Mentah', 1000, 9, 1, 6, '2026-02-24 09:20:03', '2026-02-24 09:20:03'),
(656, '2026-02-24 16:20:03', 'SB0001', 2, 1, 23, 'Stock Opname Bahan Mentah', 1000, 9, 1, 6, '2026-02-24 09:20:03', '2026-02-24 09:20:03'),
(657, '2026-02-24 16:20:03', 'SB0001', 2, 2, 24, 'Stock Opname Bahan Mentah', 1000, 9, 1, 6, '2026-02-24 09:20:03', '2026-02-24 09:20:03'),
(658, '2026-02-24 16:20:03', 'SB0001', 2, 1, 24, 'Stock Opname Bahan Mentah', 1000, 9, 1, 6, '2026-02-24 09:20:03', '2026-02-24 09:20:03'),
(659, '2026-02-24 16:20:03', 'SB0001', 2, 2, 25, 'Stock Opname Bahan Mentah', 1000, 9, 1, 6, '2026-02-24 09:20:03', '2026-02-24 09:20:03'),
(660, '2026-02-24 16:20:03', 'SB0001', 2, 1, 25, 'Stock Opname Bahan Mentah', 1000, 9, 1, 6, '2026-02-24 09:20:03', '2026-02-24 09:20:03'),
(661, '2026-02-24 16:20:03', 'SB0001', 2, 2, 26, 'Stock Opname Bahan Mentah', 0, 8, 1, 6, '2026-02-24 09:20:03', '2026-02-24 09:20:03'),
(662, '2026-02-24 16:20:03', 'SB0001', 2, 1, 26, 'Stock Opname Bahan Mentah', 0, 8, 1, 6, '2026-02-24 09:20:03', '2026-02-24 09:20:03'),
(663, '2026-02-24 16:20:03', 'SB0001', 2, 2, 27, 'Stock Opname Bahan Mentah', 1000, 9, 1, 6, '2026-02-24 09:20:03', '2026-02-24 09:20:03'),
(664, '2026-02-24 16:20:03', 'SB0001', 2, 1, 27, 'Stock Opname Bahan Mentah', 1000, 9, 1, 6, '2026-02-24 09:20:03', '2026-02-24 09:20:03'),
(665, '2026-02-24 16:20:03', 'SB0001', 2, 2, 29, 'Stock Opname Bahan Mentah', 1000, 9, 1, 6, '2026-02-24 09:20:03', '2026-02-24 09:20:03'),
(666, '2026-02-24 16:20:03', 'SB0001', 2, 1, 29, 'Stock Opname Bahan Mentah', 1000, 9, 1, 6, '2026-02-24 09:20:03', '2026-02-24 09:20:03'),
(667, '2026-02-24 16:20:03', 'SB0001', 2, 2, 30, 'Stock Opname Bahan Mentah', 1000, 9, 1, 6, '2026-02-24 09:20:03', '2026-02-24 09:20:03'),
(668, '2026-02-24 16:20:03', 'SB0001', 2, 1, 30, 'Stock Opname Bahan Mentah', 1000, 9, 1, 6, '2026-02-24 09:20:03', '2026-02-24 09:20:03'),
(669, '2026-02-24 16:20:03', 'SB0001', 2, 2, 31, 'Stock Opname Bahan Mentah', 1000, 9, 1, 6, '2026-02-24 09:20:03', '2026-02-24 09:20:03'),
(670, '2026-02-24 16:20:03', 'SB0001', 2, 1, 31, 'Stock Opname Bahan Mentah', 1000, 9, 1, 6, '2026-02-24 09:20:03', '2026-02-24 09:20:03'),
(671, '2026-02-24 16:20:03', 'SB0001', 2, 2, 32, 'Stock Opname Bahan Mentah', 1000, 1, 1, 6, '2026-02-24 09:20:03', '2026-02-24 09:20:03'),
(672, '2026-02-24 16:20:03', 'SB0001', 2, 1, 32, 'Stock Opname Bahan Mentah', 1000, 1, 1, 6, '2026-02-24 09:20:03', '2026-02-24 09:20:03'),
(673, '2026-02-24 16:20:03', 'SB0001', 2, 2, 35, 'Stock Opname Bahan Mentah', 1000, 9, 1, 6, '2026-02-24 09:20:03', '2026-02-24 09:20:03'),
(674, '2026-02-24 16:20:03', 'SB0001', 2, 1, 35, 'Stock Opname Bahan Mentah', 1000, 9, 1, 6, '2026-02-24 09:20:03', '2026-02-24 09:20:03'),
(675, '2026-02-24 16:20:03', 'SB0001', 2, 2, 36, 'Stock Opname Bahan Mentah', 10, 8, 1, 6, '2026-02-24 09:20:03', '2026-02-24 09:20:03'),
(676, '2026-02-24 16:20:03', 'SB0001', 2, 1, 36, 'Stock Opname Bahan Mentah', 10, 8, 1, 6, '2026-02-24 09:20:03', '2026-02-24 09:20:03'),
(677, '2026-02-24 16:20:03', 'SB0001', 2, 2, 36, 'Stock Opname Bahan Mentah', 5, 9, 1, 6, '2026-02-24 09:20:03', '2026-02-24 09:20:03'),
(678, '2026-02-24 16:20:03', 'SB0001', 2, 1, 36, 'Stock Opname Bahan Mentah', 5, 9, 1, 6, '2026-02-24 09:20:03', '2026-02-24 09:20:03'),
(679, '2026-02-27 00:43:26', 'PO0007', 2, 1, 7, 'Pembelian bahan mentah PT. Global Kimia Sejahtera', 10, 1, 1, 6, '2026-02-26 17:43:26', '2026-02-26 17:43:26'),
(680, '2026-02-27 00:43:26', 'PO0007', 2, 1, 32, 'Pembelian bahan mentah PT. Global Kimia Sejahtera', 10, 1, 1, 6, '2026-02-26 17:43:26', '2026-02-26 17:43:26'),
(681, '2026-02-27 00:44:02', 'PI0007', 2, 2, 18, 'Retur pembelian dari invoice INV0007', 1, 7, 1, 6, '2026-02-26 17:44:02', '2026-02-26 17:44:02'),
(682, '2026-02-27 00:45:03', 'PI0008', 2, 2, 32, 'Retur pembelian dari invoice INV0007', 1, 1, 1, 6, '2026-02-26 17:45:03', '2026-02-26 17:45:03'),
(683, '2026-02-27 00:45:19', 'PI0007', 2, 2, 18, 'Pembatalan retur pembelian dari invoice INV0007', 1, 7, 1, 6, '2026-02-26 17:45:19', '2026-02-26 17:45:19'),
(684, '2026-02-27 00:49:49', 'PI0009', 2, 2, 7, 'Produk bermasalah retur supplier PT. Global Kimia Sejahtera', 1, 1, 1, 6, '2026-02-26 17:49:49', '2026-02-26 17:49:49'),
(685, '2026-02-27 01:01:18', 'PI0009', 2, 1, 7, 'Penghapusan data produk bermasalah retur supplier PT. Global Kimia Sejahtera', 1, 1, 1, 6, '2026-02-26 18:01:18', '2026-02-26 18:01:18'),
(686, '2026-02-27 16:12:21', 'PO0008', 2, 1, 16, 'Pembelian bahan mentah PT. Kimia Jaya Abadi', 100, 1, 1, 6, '2026-02-27 09:12:21', '2026-02-27 09:12:21'),
(687, '2026-02-27 23:47:54', 'PI0012', 2, 2, 23, 'Retur pembelian dari pembelian PO0009', 5, 9, 1, 6, '2026-02-27 16:47:54', '2026-02-27 16:47:54'),
(688, '2026-02-27 23:47:54', 'PI0012', 2, 2, 29, 'Retur pembelian dari pembelian PO0009', 1, 9, 1, 6, '2026-02-27 16:47:54', '2026-02-27 16:47:54'),
(689, '2026-02-28 00:05:54', 'PI0012', 2, 1, 23, 'Pembatalan retur pembelian dari pembelian PO0009', 5, 9, 1, 6, '2026-02-27 17:05:54', '2026-02-27 17:05:54'),
(690, '2026-02-28 00:05:54', 'PI0012', 2, 1, 29, 'Pembatalan retur pembelian dari pembelian PO0009', 1, 9, 1, 6, '2026-02-27 17:05:54', '2026-02-27 17:05:54'),
(691, '2026-02-28 00:10:47', 'PI0001', 2, 2, 23, 'Retur pembelian dari pembelian PO0009', 10, 9, 1, 6, '2026-02-27 17:10:47', '2026-02-27 17:10:47'),
(692, '2026-02-28 00:10:47', 'PI0001', 2, 2, 24, 'Retur pembelian dari pembelian PO0009', 10, 9, 1, 6, '2026-02-27 17:10:47', '2026-02-27 17:10:47'),
(693, '2026-02-28 00:11:40', 'PI0001', 2, 1, 23, 'Pembatalan retur pembelian dari pembelian PO0009', 10, 9, 1, 6, '2026-02-27 17:11:40', '2026-02-27 17:11:40'),
(694, '2026-02-28 00:11:40', 'PI0001', 2, 1, 24, 'Pembatalan retur pembelian dari pembelian PO0009', 10, 9, 1, 6, '2026-02-27 17:11:40', '2026-02-27 17:11:40'),
(695, '2026-02-28 16:08:12', 'PI0002', 2, 2, 25, 'Retur pembelian dari pembelian PO0010', 1, 9, 1, 6, '2026-02-28 09:08:12', '2026-02-28 09:08:12'),
(696, '2026-02-28 16:08:21', 'PO0010', 2, 1, 25, 'Pembelian bahan mentah SUPPLIER 1', 5, 9, 1, 6, '2026-02-28 09:08:21', '2026-02-28 09:08:21'),
(697, '2026-03-14 07:58:00', 'PO0013', 2, 1, 37, 'Pembelian bahan mentah SUPPLIER 1', 10, 7, 1, 6, '2026-03-14 00:58:00', '2026-03-14 00:58:00'),
(698, '2026-03-14 07:58:00', 'PO0013', 2, 1, 38, 'Pembelian bahan mentah SUPPLIER 1', 2, 9, 1, 6, '2026-03-14 00:58:00', '2026-03-14 00:58:00'),
(699, '2026-03-14 08:03:12', 'PO0014', 2, 1, 37, 'Pembelian bahan mentah SUPPLIER 1', 10, 7, 1, 6, '2026-03-14 01:03:12', '2026-03-14 01:03:12'),
(700, '2026-03-14 08:10:21', 'PR0062', 2, 2, 20, 'Pengurangan bahan untuk produksi', 10, 7, 1, 6, '2026-03-14 01:10:21', '2026-03-14 01:10:21'),
(701, '2026-03-14 08:10:21', 'PR0062', 2, 2, 21, 'Pengurangan bahan untuk produksi', 120, 9, 1, 6, '2026-03-14 01:10:21', '2026-03-14 01:10:21'),
(702, '2026-03-14 08:10:21', 'PR0062', 1, 1, 31, 'Hasil Produksi Produk', 10, 7, 1, 6, '2026-03-14 01:10:21', '2026-03-14 01:10:21'),
(703, '2026-03-15 20:51:37', 'PI0003', 2, 2, 21, 'Retur pembelian dari pembelian PO0012', 10, 9, 1, 6, '2026-03-15 13:51:37', '2026-03-15 13:51:37'),
(704, '2026-03-15 20:51:37', 'PI0003', 2, 2, 20, 'Retur pembelian dari pembelian PO0012', 10, 7, 1, 6, '2026-03-15 13:51:37', '2026-03-15 13:51:37'),
(705, '2026-03-15 20:52:11', 'PI0003', 2, 1, 21, 'Penghapusan data produk bermasalah retur supplier PT Rotama', 10, 9, 1, 6, '2026-03-15 13:52:11', '2026-03-15 13:52:11'),
(706, '2026-03-15 20:52:11', 'PI0003', 2, 1, 20, 'Penghapusan data produk bermasalah retur supplier PT Rotama', 10, 7, 1, 6, '2026-03-15 13:52:11', '2026-03-15 13:52:11');

-- --------------------------------------------------------

--
-- Table structure for table `manage_stocks`
--

CREATE TABLE `manage_stocks` (
  `ms_id` int(11) NOT NULL,
  `ms_type` int(11) DEFAULT NULL,
  `product_variant_id` int(11) DEFAULT NULL COMMENT 'Variant ID',
  `supplies_id` int(11) DEFAULT NULL,
  `ms_stock` int(11) DEFAULT NULL,
  `ms_created_by` int(11) DEFAULT NULL,
  `status` int(11) DEFAULT 1 COMMENT '1 = active, 0 = dead',
  `created_at` timestamp NULL DEFAULT current_timestamp(),
  `updated_at` timestamp NULL DEFAULT current_timestamp() ON UPDATE current_timestamp()
) ENGINE=InnoDB DEFAULT CHARSET=utf8mb4 COLLATE=utf8mb4_0900_ai_ci;

--
-- Dumping data for table `manage_stocks`
--

INSERT INTO `manage_stocks` (`ms_id`, `ms_type`, `product_variant_id`, `supplies_id`, `ms_stock`, `ms_created_by`, `status`, `created_at`, `updated_at`) VALUES
(1, 1, 1, NULL, 1, NULL, 1, '2025-09-05 18:48:58', '2025-09-05 18:48:58'),
(2, 1, 8, NULL, 33, NULL, 1, '2025-09-05 20:49:57', '2025-09-05 20:50:41'),
(3, 1, 9, NULL, 1, NULL, 1, '2025-09-14 00:19:37', '2025-09-14 00:19:37');

-- --------------------------------------------------------

--
-- Table structure for table `migrations`
--

CREATE TABLE `migrations` (
  `id` int(10) UNSIGNED NOT NULL,
  `migration` varchar(255) NOT NULL,
  `batch` int(11) NOT NULL
) ENGINE=InnoDB DEFAULT CHARSET=utf8mb4 COLLATE=utf8mb4_unicode_ci;

--
-- Dumping data for table `migrations`
--

INSERT INTO `migrations` (`id`, `migration`, `batch`) VALUES
(1, '0001_01_01_000000_create_users_table', 1),
(2, '0001_01_01_000001_create_cache_table', 1),
(3, '0001_01_01_000002_create_jobs_table', 1),
(4, '2025_08_12_071845_create_categories_table', 1),
(5, '2025_08_12_071854_create_units_table', 1),
(6, '2025_08_12_071908_create_variants_table', 1);

-- --------------------------------------------------------

--
-- Table structure for table `password_reset_tokens`
--

CREATE TABLE `password_reset_tokens` (
  `email` varchar(255) NOT NULL,
  `token` varchar(255) NOT NULL,
  `created_at` timestamp NULL DEFAULT NULL
) ENGINE=InnoDB DEFAULT CHARSET=utf8mb4 COLLATE=utf8mb4_unicode_ci;

-- --------------------------------------------------------

--
-- Table structure for table `petty_cashes`
--

CREATE TABLE `petty_cashes` (
  `pc_id` int(11) NOT NULL,
  `pc_date` date NOT NULL,
  `staff_id` int(11) NOT NULL,
  `status` tinyint(4) NOT NULL DEFAULT 1 COMMENT '3 = declined, 2 = accepted, 1 = pending, 0 = inactive',
  `created_at` timestamp NULL DEFAULT NULL,
  `updated_at` timestamp NULL DEFAULT NULL
) ENGINE=InnoDB DEFAULT CHARSET=utf8mb4 COLLATE=utf8mb4_0900_ai_ci;

--
-- Dumping data for table `petty_cashes`
--

INSERT INTO `petty_cashes` (`pc_id`, `pc_date`, `staff_id`, `status`, `created_at`, `updated_at`) VALUES
(11, '2025-12-18', 4, 1, '2025-12-17 22:36:22', '2025-12-17 22:36:22'),
(12, '2025-12-18', 3, 1, '2025-12-17 22:37:03', '2025-12-17 22:37:03'),
(13, '2026-02-13', 1, 1, '2026-02-13 06:15:56', '2026-02-13 06:15:56');

-- --------------------------------------------------------

--
-- Table structure for table `petty_cash_details`
--

CREATE TABLE `petty_cash_details` (
  `pcd_id` int(11) NOT NULL,
  `pcd_notes` varchar(255) NOT NULL,
  `cc_id` int(11) NOT NULL,
  `pcd_nominal` int(11) NOT NULL,
  `created_at` timestamp NULL DEFAULT current_timestamp(),
  `updated_at` timestamp NULL DEFAULT current_timestamp() ON UPDATE current_timestamp()
) ENGINE=InnoDB DEFAULT CHARSET=latin1 COLLATE=latin1_swedish_ci;

-- --------------------------------------------------------

--
-- Table structure for table `productions`
--

CREATE TABLE `productions` (
  `production_id` int(11) NOT NULL,
  `production_date` date NOT NULL,
  `production_code` varchar(10) NOT NULL,
  `production_created_by` int(11) NOT NULL,
  `notes` text DEFAULT NULL,
  `status` int(11) DEFAULT 1 COMMENT '1 = pending, 2 = diproses, 3 = selesai',
  `created_at` timestamp NULL DEFAULT NULL,
  `updated_at` timestamp NULL DEFAULT NULL
) ENGINE=InnoDB DEFAULT CHARSET=utf8mb4 COLLATE=utf8mb4_0900_ai_ci;

--
-- Dumping data for table `productions`
--

INSERT INTO `productions` (`production_id`, `production_date`, `production_code`, `production_created_by`, `notes`, `status`, `created_at`, `updated_at`) VALUES
(1, '2026-01-29', 'PR0001', 0, 'batal produksi', 3, '2026-01-29 03:59:21', '2026-01-29 03:59:47'),
(2, '2026-01-29', 'PR0002', 0, NULL, 1, '2026-01-29 07:50:21', '2026-01-29 07:50:21'),
(26, '2026-02-02', 'PR0026', 0, NULL, 1, '2026-02-02 04:56:49', '2026-02-02 04:56:49'),
(27, '2026-02-03', 'PR0027', 0, 'batal', 3, '2026-02-02 17:13:08', '2026-02-02 17:14:04'),
(28, '2026-02-03', 'PR0028', 0, 'batalkan', 3, '2026-02-02 17:15:59', '2026-02-02 17:17:10'),
(29, '2026-02-03', 'PR0029', 0, NULL, 1, '2026-02-02 17:18:09', '2026-02-02 17:18:09'),
(30, '2026-02-03', 'PR0030', 0, NULL, 1, '2026-02-03 15:27:23', '2026-02-03 15:27:23'),
(31, '2026-02-03', 'PR0031', 0, NULL, 1, '2026-02-03 15:27:45', '2026-02-03 15:27:45'),
(32, '2026-02-03', 'PR0032', 0, NULL, 1, '2026-02-03 15:28:58', '2026-02-03 15:28:58'),
(33, '2026-02-03', 'PR0033', 0, NULL, 1, '2026-02-03 15:29:39', '2026-02-03 15:29:39'),
(34, '2026-02-03', 'PR0034', 0, NULL, 1, '2026-02-03 15:29:59', '2026-02-03 15:29:59'),
(35, '2026-02-03', 'PR0035', 0, NULL, 1, '2026-02-03 15:30:23', '2026-02-03 15:30:23'),
(36, '2026-02-03', 'PR0036', 0, NULL, 1, '2026-02-03 15:30:41', '2026-02-03 15:30:41'),
(37, '2026-02-03', 'PR0037', 0, NULL, 1, '2026-02-03 15:53:08', '2026-02-03 15:53:08'),
(38, '2026-02-04', 'PR0038', 0, NULL, 0, '2026-02-03 18:57:21', '2026-02-03 18:57:21'),
(39, '2026-02-04', 'PR0039', 0, NULL, 0, '2026-02-03 18:57:24', '2026-02-03 18:57:24'),
(40, '2026-02-04', 'PR0040', 0, NULL, 0, '2026-02-03 18:57:33', '2026-02-03 18:57:33'),
(41, '2026-02-04', 'PR0041', 0, 'batal', 3, '2026-02-03 19:00:17', '2026-02-04 06:43:44'),
(42, '2026-02-04', 'PR0042', 0, 'batal', 3, '2026-02-03 19:01:09', '2026-02-04 06:39:25'),
(43, '2026-02-04', 'PR0043', 0, 'batal', 3, '2026-02-03 19:01:50', '2026-02-04 06:36:40'),
(44, '2026-02-04', 'PR0044', 0, 'batal', 3, '2026-02-03 19:07:42', '2026-02-04 06:36:13'),
(45, '2026-02-04', 'PR0045', 0, 'batalin', 3, '2026-02-04 06:43:17', '2026-02-04 06:44:23'),
(46, '2026-02-05', 'PR0046', 0, NULL, 1, '2026-02-05 10:46:03', '2026-02-05 10:46:03'),
(47, '2026-02-05', 'PR0047', 0, NULL, 1, '2026-02-05 10:54:13', '2026-02-05 10:54:13'),
(48, '2026-02-05', 'PR0048', 0, 'batal', 3, '2026-02-05 10:54:26', '2026-02-05 10:56:53'),
(49, '2026-02-05', 'PR0049', 0, NULL, 1, '2026-02-05 15:29:08', '2026-02-05 15:29:08'),
(50, '2026-02-06', 'PR0050', 0, 'batal', 3, '2026-02-06 08:23:00', '2026-02-06 08:23:19'),
(51, '2026-02-06', 'PR0051', 0, 'batal', 3, '2026-02-06 08:32:20', '2026-02-06 08:37:22'),
(52, '2026-02-06', 'PR0052', 0, 'batal', 3, '2026-02-06 08:38:33', '2026-02-06 08:41:45'),
(53, '2026-02-06', 'PR0053', 0, 'batal', 3, '2026-02-06 08:42:11', '2026-02-06 08:43:00'),
(54, '2026-02-06', 'PR0054', 0, 'batal', 3, '2026-02-06 08:57:49', '2026-02-06 08:58:40'),
(55, '2026-02-06', 'PR0055', 0, 'batal', 2, '2026-02-06 09:00:27', '2026-02-06 09:00:43'),
(56, '2026-02-06', 'PR0056', 0, NULL, 1, '2026-02-06 09:02:47', '2026-02-06 09:02:47'),
(57, '2026-02-06', 'PR0057', 0, NULL, 1, '2026-02-06 11:25:14', '2026-02-06 11:25:14'),
(58, '2026-02-07', 'PR0058', 0, '-', 3, '2026-02-07 00:31:10', '2026-02-07 00:36:24'),
(59, '2026-02-07', 'PR0059', 0, 'batal', 3, '2026-02-07 06:45:05', '2026-02-07 14:17:16'),
(60, '2026-02-07', 'PR0060', 0, 'pembatalan', 3, '2026-02-07 07:14:55', '2026-02-07 07:18:38'),
(61, '2026-02-20', 'PR0061', 0, 'batal', 3, '2026-02-20 16:14:22', '2026-02-20 16:15:03'),
(62, '2026-03-14', 'PR0062', 0, NULL, 1, '2026-03-14 01:10:21', '2026-03-14 01:10:21');

-- --------------------------------------------------------

--
-- Table structure for table `production_details`
--

CREATE TABLE `production_details` (
  `pd_id` int(11) NOT NULL,
  `production_id` int(11) NOT NULL,
  `product_variant_id` int(11) NOT NULL,
  `pd_qty` int(11) NOT NULL,
  `unit_id` int(11) NOT NULL,
  `bom_id` int(11) NOT NULL,
  `list_bahan` text DEFAULT NULL,
  `status` int(11) NOT NULL DEFAULT 1,
  `created_at` timestamp NOT NULL DEFAULT current_timestamp(),
  `updated_at` timestamp NOT NULL DEFAULT current_timestamp() ON UPDATE current_timestamp()
) ENGINE=InnoDB DEFAULT CHARSET=latin1 COLLATE=latin1_swedish_ci;

--
-- Dumping data for table `production_details`
--

INSERT INTO `production_details` (`pd_id`, `production_id`, `product_variant_id`, `pd_qty`, `unit_id`, `bom_id`, `list_bahan`, `status`, `created_at`, `updated_at`) VALUES
(1, 1, 31, 1, 7, 1, NULL, 1, '2026-01-29 03:59:21', '2026-01-29 03:59:21'),
(2, 1, 31, 1, 9, 1, NULL, 1, '2026-01-29 03:59:21', '2026-01-29 03:59:21'),
(3, 2, 31, 10, 9, 1, NULL, 1, '2026-01-29 07:50:21', '2026-01-29 07:50:21'),
(4, 2, 31, 10, 7, 1, NULL, 1, '2026-01-29 07:50:21', '2026-01-29 07:50:21'),
(5, 26, 31, 1, 9, 1, '[20,21]', 1, '2026-02-02 04:56:49', '2026-02-02 04:56:49'),
(6, 27, 57, 1, 7, 3, '[21,24]', 1, '2026-02-02 17:13:08', '2026-02-02 17:13:08'),
(7, 28, 32, 10, 9, 2, '[16,7]', 1, '2026-02-02 17:15:59', '2026-02-02 17:15:59'),
(8, 29, 31, 10, 9, 1, '[20,21]', 1, '2026-02-02 17:18:09', '2026-02-02 17:18:09'),
(9, 29, 57, 1, 7, 3, '[21,24]', 1, '2026-02-02 17:18:09', '2026-02-02 17:18:09'),
(10, 30, 70, 1, 9, 4, '[26,23]', 1, '2026-02-03 15:27:23', '2026-02-03 15:27:23'),
(11, 31, 70, 100, 9, 4, '[26,23]', 1, '2026-02-03 15:27:45', '2026-02-03 15:27:45'),
(12, 32, 70, 2, 8, 4, '[26,23]', 1, '2026-02-03 15:28:58', '2026-02-03 15:28:58'),
(13, 33, 31, 1, 9, 1, '[20,21]', 1, '2026-02-03 15:29:39', '2026-02-03 15:29:39'),
(14, 34, 31, 3, 7, 1, '[20,21]', 1, '2026-02-03 15:29:59', '2026-02-03 15:29:59'),
(15, 35, 31, 38, 9, 1, '[20,21]', 1, '2026-02-03 15:30:23', '2026-02-03 15:30:23'),
(16, 36, 31, 2, 9, 1, '[20,21]', 1, '2026-02-03 15:30:41', '2026-02-03 15:30:41'),
(17, 37, 71, 2, 8, 5, '[26,7]', 1, '2026-02-03 15:53:08', '2026-02-03 15:53:08'),
(18, 41, 70, 25, 9, 4, '[26,23]', 1, '2026-02-03 19:00:17', '2026-02-03 19:00:17'),
(19, 42, 71, 5, 8, 5, '[26,7]', 1, '2026-02-03 19:01:09', '2026-02-03 19:01:09'),
(20, 43, 31, 13, 9, 1, '[20,21]', 1, '2026-02-03 19:01:50', '2026-02-03 19:01:50'),
(21, 44, 31, 1, 9, 1, '[25,21,24]', 1, '2026-02-03 19:07:42', '2026-02-03 19:07:42'),
(22, 45, 70, 15, 9, 4, '[26,23]', 1, '2026-02-04 06:43:17', '2026-02-04 06:43:17'),
(23, 46, 74, 16, 9, 6, '[35,20]', 1, '2026-02-05 10:46:03', '2026-02-05 10:46:03'),
(24, 46, 74, 1, 7, 6, '[35,20]', 1, '2026-02-05 10:46:03', '2026-02-05 10:46:03'),
(25, 48, 74, 15, 9, 6, '[35,20]', 1, '2026-02-05 10:54:26', '2026-02-05 10:54:26'),
(26, 48, 74, 2, 7, 6, '[35,20]', 1, '2026-02-05 10:54:26', '2026-02-05 10:54:26'),
(27, 49, 31, 13, 9, 1, '[20,21]', 1, '2026-02-05 15:29:08', '2026-02-05 15:29:08'),
(28, 50, 74, 14, 9, 6, '[35,20]', 1, '2026-02-06 08:23:00', '2026-02-06 08:23:00'),
(29, 50, 74, 1, 7, 6, '[35,20]', 1, '2026-02-06 08:23:00', '2026-02-06 08:23:00'),
(30, 51, 74, 13, 9, 6, '[35,20]', 1, '2026-02-06 08:32:20', '2026-02-06 08:32:20'),
(31, 52, 74, 14, 9, 6, '[35,20]', 1, '2026-02-06 08:38:33', '2026-02-06 08:38:33'),
(32, 53, 74, 15, 9, 6, '[35,20]', 1, '2026-02-06 08:42:11', '2026-02-06 08:42:11'),
(33, 54, 74, 15, 9, 6, '[35,20]', 1, '2026-02-06 08:57:49', '2026-02-06 08:57:49'),
(34, 55, 74, 13, 9, 6, '[35,20]', 1, '2026-02-06 09:00:27', '2026-02-06 09:00:27'),
(35, 56, 70, 14, 9, 4, '[26,23]', 1, '2026-02-06 09:02:47', '2026-02-06 09:02:47'),
(36, 57, 70, 5, 9, 4, '[26,7]', 1, '2026-02-06 11:25:14', '2026-02-06 11:25:14'),
(37, 58, 31, 20, 9, 1, '[20,21]', 1, '2026-02-07 00:31:10', '2026-02-07 00:31:10'),
(38, 59, 81, 2, 2, 7, '[22,24]', 1, '2026-02-07 06:45:05', '2026-02-07 06:45:05'),
(39, 60, 31, 25, 9, 1, '[20,21]', 1, '2026-02-07 07:14:55', '2026-02-07 07:14:55'),
(40, 60, 31, 1, 7, 1, '[20,21]', 1, '2026-02-07 07:14:55', '2026-02-07 07:14:55'),
(41, 61, 31, 1, 9, 1, '[20,21]', 1, '2026-02-20 16:14:22', '2026-02-20 16:14:22'),
(42, 62, 31, 10, 7, 1, '[20,21]', 1, '2026-03-14 01:10:21', '2026-03-14 01:10:21');

-- --------------------------------------------------------

--
-- Table structure for table `production_photos`
--

CREATE TABLE `production_photos` (
  `pp_id` int(10) UNSIGNED NOT NULL,
  `pp_date` date NOT NULL,
  `pp_photo` text NOT NULL,
  `created_at` timestamp NULL DEFAULT NULL,
  `updated_at` timestamp NULL DEFAULT NULL
) ENGINE=InnoDB DEFAULT CHARSET=utf8mb4 COLLATE=utf8mb4_unicode_ci;

-- --------------------------------------------------------

--
-- Table structure for table `products`
--

CREATE TABLE `products` (
  `product_id` int(10) UNSIGNED NOT NULL,
  `product_name` varchar(250) NOT NULL,
  `category_id` int(11) NOT NULL,
  `product_unit` text NOT NULL,
  `product_alert` int(11) NOT NULL DEFAULT 0,
  `unit_id` int(11) NOT NULL COMMENT 'Default Yang dipakai product',
  `status` int(11) NOT NULL DEFAULT 1 COMMENT '1 = active, 0 = dead',
  `created_at` timestamp NULL DEFAULT NULL,
  `updated_at` timestamp NULL DEFAULT NULL
) ENGINE=InnoDB DEFAULT CHARSET=utf8mb4 COLLATE=utf8mb4_0900_ai_ci;

--
-- Dumping data for table `products`
--

INSERT INTO `products` (`product_id`, `product_name`, `category_id`, `product_unit`, `product_alert`, `unit_id`, `status`, `created_at`, `updated_at`) VALUES
(1, 'Air Aki Pegasus', 1, '[\"7\",\"9\"]', 0, 7, 1, '2025-10-25 10:08:31', '2025-12-20 01:35:34'),
(2, 'Air Aki Pegasuss', 25, '[\"2\",\"5\",\"21\"]', 0, 21, 0, '2025-11-06 00:13:15', '2025-11-06 00:14:13'),
(3, 'Tes', 25, '[\"3\",\"1\",\"8\"]', 0, 1, 0, '2025-11-09 07:25:15', '2025-11-10 00:46:08'),
(4, 'Air Aki Pegasus 20 liter', 26, '[\"2\"]', 0, 2, 0, '2025-11-10 01:07:59', '2025-11-10 20:24:16'),
(5, 'Minyak Rem Pegasus', 27, '[\"21\",\"3\"]', 0, 21, 0, '2025-11-10 06:55:15', '2025-11-10 20:24:23'),
(6, 'testing produk3', 25, '[\"1\",\"5\"]', 0, 1, 0, '2025-12-09 08:47:01', '2025-12-09 08:49:02'),
(7, 'testing produk', 19, '[\"2\",\"7\"]', 0, 2, 0, '2025-12-09 08:47:41', '2025-12-09 23:43:00'),
(8, 'testing produk3', 25, '[\"1\",\"5\"]', 0, 1, 0, '2025-12-23 10:02:00', '2025-12-23 10:11:38'),
(9, 'testing produk3', 25, '[\"1\",\"5\"]', 0, 1, 0, '2025-12-23 10:07:23', '2025-12-23 10:12:21'),
(10, 'testing produk3', 25, '[\"1\",\"21\"]', 0, 1, 0, '2025-12-23 10:11:16', '2025-12-23 10:26:58'),
(11, 'testing produk26365', 25, '[\"2\",\"21\"]', 0, 21, 0, '2025-12-23 11:04:32', '2026-01-15 08:52:12'),
(12, 'Air Zuur Pegasus', 19, '[\"2\",\"7\",\"9\"]', 0, 7, 1, '2025-12-23 20:50:42', '2026-02-03 15:16:28'),
(13, 'testing produk263654555', 27, '[\"1\",\"5\"]', 0, 1, 0, '2025-12-29 04:49:58', '2026-01-15 08:52:19'),
(14, 'testing produk26365', 28, '[\"1\",\"21\"]', 0, 1, 0, '2025-12-29 04:56:50', '2026-01-15 08:52:16'),
(15, 'testing produk263654555', 29, '[\"1\",\"3\",\"2\"]', 0, 3, 0, '2025-12-29 04:58:08', '2026-01-15 08:52:22'),
(16, 'testing produk263654555', 25, '[\"1\"]', 0, 1, 0, '2025-12-29 10:53:12', '2026-01-15 08:52:25'),
(17, 'Test', 28, '[\"5\",\"3\",\"1\"]', 0, 5, 0, '2026-01-01 12:24:40', '2026-01-15 08:52:01'),
(18, 'Test', 28, '[\"5\",\"3\",\"1\"]', 0, 5, 0, '2026-01-01 12:25:33', '2026-01-15 08:52:10'),
(19, 'Minyak Rem Pegasus', 27, '[\"8\",\"9\"]', 0, 8, 1, '2026-02-03 15:19:19', '2026-02-03 15:19:19'),
(20, 'Minyak Rem Pegasus', 27, '[\"8\",\"9\"]', 0, 8, 0, '2026-02-03 15:19:22', '2026-02-03 15:19:35'),
(21, 'Shampoo Pegasus', 28, '[\"7\",\"9\"]', 0, 7, 1, '2026-02-05 10:24:33', '2026-02-05 10:24:33'),
(22, 'Air Aki', 26, '[\"7\",\"9\",\"2\"]', 0, 7, 1, '2026-02-07 06:43:20', '2026-02-07 06:43:20'),
(23, 'testing produk26365', 25, '[\"7\",\"9\"]', 0, 7, 0, '2026-02-07 09:40:31', '2026-02-07 09:41:17'),
(24, 'Minyak Rem', 27, '[\"8\",\"9\"]', 0, 8, 1, '2026-02-09 02:36:27', '2026-02-09 02:36:27'),
(25, 'test', 29, '[\"7\",\"9\"]', 0, 7, 1, '2026-02-09 17:37:25', '2026-02-09 17:37:25'),
(26, 'Minyak Rem Preston Merah', 27, '[\"7\",\"9\"]', 0, 7, 1, '2026-03-14 00:51:06', '2026-03-14 00:51:06');

-- --------------------------------------------------------

--
-- Table structure for table `product_issues`
--

CREATE TABLE `product_issues` (
  `pi_id` int(11) NOT NULL,
  `pi_code` varchar(10) NOT NULL,
  `ref_num` int(11) NOT NULL,
  `po_id` int(11) NOT NULL,
  `pi_type` int(11) DEFAULT NULL COMMENT '1 = return, 2= damaged',
  `tipe_return` int(11) NOT NULL COMMENT '1 = Bahan Mentah, 2 = Produk',
  `pi_date` date DEFAULT NULL,
  `pi_notes` text NOT NULL,
  `pi_img` text DEFAULT NULL,
  `status` int(11) NOT NULL DEFAULT 1,
  `created_at` timestamp NULL DEFAULT current_timestamp(),
  `updated_at` timestamp NULL DEFAULT current_timestamp() ON UPDATE current_timestamp()
) ENGINE=InnoDB DEFAULT CHARSET=utf8mb4 COLLATE=utf8mb4_0900_ai_ci;

--
-- Dumping data for table `product_issues`
--

INSERT INTO `product_issues` (`pi_id`, `pi_code`, `ref_num`, `po_id`, `pi_type`, `tipe_return`, `pi_date`, `pi_notes`, `pi_img`, `status`, `created_at`, `updated_at`) VALUES
(1, 'PI0001', 0, 9, 2, 1, '2026-02-28', 'Retur tambahan dari Pembelian PO0009', NULL, 0, '2026-02-27 17:10:47', '2026-02-27 17:11:40'),
(2, 'PI0002', 0, 10, 2, 1, '2026-02-28', 'Retur tambahan dari Pembelian PO0010', NULL, 1, '2026-02-28 09:08:12', '2026-02-28 09:08:12'),
(3, 'PI0003', 0, 12, 2, 1, '2026-03-15', 'Retur tambahan dari Pembelian PO0012', NULL, 0, '2026-03-15 13:51:37', '2026-03-15 13:52:11');

-- --------------------------------------------------------

--
-- Table structure for table `product_issues_details`
--

CREATE TABLE `product_issues_details` (
  `pid_id` int(11) NOT NULL,
  `pi_id` int(11) NOT NULL,
  `item_id` int(11) NOT NULL,
  `pid_qty` int(11) NOT NULL DEFAULT 0,
  `unit_id` int(11) NOT NULL,
  `status` int(11) NOT NULL DEFAULT 1,
  `created_at` timestamp NULL DEFAULT NULL,
  `updated_at` timestamp NULL DEFAULT NULL
) ENGINE=InnoDB DEFAULT CHARSET=utf8mb4 COLLATE=utf8mb4_general_ci;

--
-- Dumping data for table `product_issues_details`
--

INSERT INTO `product_issues_details` (`pid_id`, `pi_id`, `item_id`, `pid_qty`, `unit_id`, `status`, `created_at`, `updated_at`) VALUES
(1, 1, 30, 10, 9, 0, '2026-02-27 17:10:47', '2026-02-27 17:11:40'),
(2, 1, 31, 10, 9, 0, '2026-02-27 17:10:47', '2026-02-27 17:11:40'),
(3, 2, 36, 1, 9, 1, '2026-02-28 09:08:12', '2026-02-28 09:08:12'),
(4, 3, 28, 10, 9, 0, '2026-03-15 13:51:37', '2026-03-15 13:52:11'),
(5, 3, 27, 10, 7, 0, '2026-03-15 13:51:37', '2026-03-15 13:52:11');

-- --------------------------------------------------------

--
-- Table structure for table `product_relations`
--

CREATE TABLE `product_relations` (
  `pr_id` int(10) UNSIGNED NOT NULL,
  `product_variant_id` int(11) NOT NULL,
  `pr_unit_id_1` int(11) NOT NULL,
  `pr_unit_value_1` int(11) NOT NULL,
  `pr_unit_id_2` int(11) NOT NULL,
  `pr_unit_value_2` int(11) NOT NULL,
  `pr_default` int(11) NOT NULL DEFAULT 0,
  `status` int(11) NOT NULL DEFAULT 1 COMMENT '1 = active, 0 = inactive',
  `created_at` timestamp NULL DEFAULT NULL,
  `updated_at` timestamp NULL DEFAULT NULL
) ENGINE=InnoDB DEFAULT CHARSET=utf8mb4 COLLATE=utf8mb4_0900_ai_ci;

--
-- Dumping data for table `product_relations`
--

INSERT INTO `product_relations` (`pr_id`, `product_variant_id`, `pr_unit_id_1`, `pr_unit_value_1`, `pr_unit_id_2`, `pr_unit_value_2`, `pr_default`, `status`, `created_at`, `updated_at`) VALUES
(1, 1, 7, 1, 8, 12, 0, 0, '2025-10-25 10:08:31', '2026-01-20 00:47:50'),
(2, 2, 9, 1, 9, 0, 0, 0, '2025-10-30 17:49:54', '2026-01-20 00:47:50'),
(3, 3, 9, 1, 9, 0, 0, 0, '2025-10-30 17:49:54', '2026-01-20 00:47:50'),
(4, 4, 9, 1, 9, 0, 0, 0, '2025-10-30 17:49:54', '2026-01-20 00:47:50'),
(5, 5, 9, 1, 9, 0, 0, 0, '2025-10-30 17:49:54', '2026-01-20 00:47:50'),
(6, 6, 9, 1, 9, 0, 0, 0, '2025-10-30 17:49:54', '2026-01-20 00:47:50'),
(7, 7, 9, 1, 9, 12, 0, 0, '2025-10-30 17:50:06', '2026-01-20 00:47:50'),
(8, 8, 9, 1, 9, 0, 0, 0, '2025-10-30 17:50:06', '2026-01-20 00:47:50'),
(9, 9, 9, 1, 9, 0, 0, 0, '2025-10-30 17:50:06', '2026-01-20 00:47:50'),
(10, 10, 9, 1, 9, 0, 0, 0, '2025-10-30 17:50:06', '2026-01-20 00:47:50'),
(11, 11, 9, 1, 9, 0, 0, 0, '2025-10-30 17:50:06', '2026-01-20 00:47:50'),
(12, 12, 9, 1, 9, 12, 0, 0, '2025-10-30 17:50:14', '2026-01-20 00:47:50'),
(13, 13, 9, 1, 9, 30, 0, 0, '2025-10-30 17:50:14', '2026-01-20 00:47:50'),
(14, 14, 9, 1, 9, 0, 0, 0, '2025-10-30 17:50:14', '2026-01-20 00:47:50'),
(15, 15, 9, 1, 9, 0, 0, 0, '2025-10-30 17:50:14', '2026-01-20 00:47:50'),
(16, 16, 9, 1, 9, 0, 0, 0, '2025-10-30 17:50:14', '2026-01-20 00:47:50'),
(17, 17, 9, 1, 9, 12, 0, 0, '2025-10-30 17:50:18', '2026-01-20 00:47:50'),
(18, 18, 9, 1, 9, 30, 0, 0, '2025-10-30 17:50:18', '2026-01-20 00:47:50'),
(19, 19, 9, 1, 9, 12, 0, 0, '2025-10-30 17:50:18', '2026-01-20 00:47:50'),
(20, 20, 9, 1, 9, 0, 0, 0, '2025-10-30 17:50:18', '2026-01-20 00:47:50'),
(21, 21, 9, 1, 9, 0, 0, 0, '2025-10-30 17:50:18', '2026-01-20 00:47:50'),
(22, 22, 9, 1, 9, 12, 0, 0, '2025-10-30 17:50:22', '2026-01-20 00:47:50'),
(23, 23, 9, 1, 9, 30, 0, 0, '2025-10-30 17:50:22', '2026-01-20 00:47:50'),
(24, 24, 9, 1, 9, 12, 0, 0, '2025-10-30 17:50:22', '2026-01-20 00:47:50'),
(25, 25, 9, 1, 9, 4, 0, 0, '2025-10-30 17:50:22', '2026-01-20 00:47:50'),
(26, 26, 9, 1, 9, 0, 0, 0, '2025-10-30 17:50:22', '2026-01-20 00:47:50'),
(27, 27, 9, 1, 9, 12, 0, 0, '2025-10-30 17:50:26', '2026-01-20 00:47:50'),
(28, 28, 9, 1, 9, 30, 0, 0, '2025-10-30 17:50:26', '2026-01-20 00:47:50'),
(29, 29, 9, 1, 9, 12, 0, 0, '2025-10-30 17:50:26', '2026-01-20 00:47:50'),
(30, 30, 9, 1, 9, 4, 0, 0, '2025-10-30 17:50:26', '2026-01-20 00:47:50'),
(31, 31, 9, 1, 9, 12, 0, 0, '2025-10-30 17:51:19', '2026-01-29 02:41:37'),
(32, 32, 9, 1, 9, 30, 0, 0, '2025-10-30 17:51:19', '2026-01-29 02:41:37'),
(33, 33, 9, 1, 9, 12, 0, 0, '2025-10-30 17:51:19', '2026-01-29 02:41:37'),
(34, 34, 9, 1, 9, 4, 0, 0, '2025-10-30 17:51:19', '2026-01-29 02:41:37'),
(35, 31, 9, 1, 2, 0, 0, 0, '2025-10-30 17:51:35', '2026-01-29 02:41:37'),
(36, 31, 9, 1, 9, 0, 0, 0, '2025-10-30 17:51:35', '2026-01-29 02:41:37'),
(37, 31, 2, 1, 2, 0, 0, 0, '2025-10-30 17:51:35', '2026-01-29 02:41:37'),
(38, 32, 9, 1, 2, 0, 0, 0, '2025-10-30 17:51:35', '2026-01-29 02:41:37'),
(39, 33, 9, 1, 2, 1, 0, 0, '2025-10-30 17:51:35', '2026-01-29 02:41:37'),
(40, 34, 9, 1, 2, 0, 0, 0, '2025-10-30 17:51:35', '2026-01-29 02:41:37'),
(41, 31, 9, 1, 2, 12, 0, 0, '2025-10-30 17:52:01', '2026-01-29 02:41:37'),
(42, 31, 9, 1, 9, 0, 0, 0, '2025-10-30 17:52:01', '2026-01-29 02:41:37'),
(43, 31, 2, 1, 2, 0, 0, 0, '2025-10-30 17:52:01', '2026-01-29 02:41:37'),
(44, 32, 9, 1, 2, 0, 0, 0, '2025-10-30 17:52:01', '2026-01-29 02:41:37'),
(45, 33, 9, 1, 2, 0, 0, 0, '2025-10-30 17:52:01', '2026-01-29 02:41:37'),
(46, 34, 9, 1, 2, 0, 0, 0, '2025-10-30 17:52:01', '2026-01-29 02:41:37'),
(47, 31, 9, 1, 2, 0, 0, 0, '2025-11-04 02:34:54', '2026-01-29 02:41:37'),
(48, 31, 9, 1, 9, 0, 0, 0, '2025-11-04 02:34:54', '2026-01-29 02:41:37'),
(49, 31, 2, 1, 2, 0, 0, 0, '2025-11-04 02:34:54', '2026-01-29 02:41:37'),
(50, 32, 9, 1, 2, 0, 0, 0, '2025-11-04 02:34:54', '2026-01-29 02:41:37'),
(51, 33, 9, 1, 2, 0, 0, 0, '2025-11-04 02:34:54', '2026-01-29 02:41:37'),
(52, 34, 9, 1, 2, 0, 0, 0, '2025-11-04 02:34:54', '2026-01-29 02:41:37'),
(53, 38, 21, 1, 2, 3, 0, 0, '2025-11-06 00:13:15', '2026-01-20 00:47:50'),
(54, 38, 21, 1, 5, 4, 0, 0, '2025-11-06 00:13:43', '2026-01-20 00:47:50'),
(55, 39, 1, 1, 8, 3, 0, 0, '2025-11-09 07:25:15', '2026-01-20 00:47:50'),
(56, 31, 7, 1, 9, 12, 0, 0, '2025-11-10 00:46:37', '2026-01-29 02:41:37'),
(57, 31, 7, 1, 9, 12, 0, 0, '2025-11-10 00:47:43', '2026-01-29 02:41:37'),
(58, 31, 7, 1, 9, 12, 0, 0, '2025-11-10 00:48:31', '2026-01-29 02:41:37'),
(59, 46, 1, 1, 5, 2, 0, 0, '2025-12-09 08:47:01', '2026-01-20 00:47:50'),
(60, 47, 5, 1, 1, 2, 0, 0, '2025-12-09 08:47:01', '2026-01-20 00:47:50'),
(61, 48, 2, 1, 7, 2, 0, 0, '2025-12-09 08:47:41', '2026-01-20 00:47:50'),
(62, 47, 1, 1, 5, 5, 0, 0, '2025-12-09 08:48:16', '2026-01-20 00:47:50'),
(63, 47, 1, 1, 5, 5, 0, 0, '2025-12-09 08:48:22', '2026-01-20 00:47:50'),
(64, 34, 2, 1, 9, 1, 0, 0, '2025-12-10 01:52:08', '2026-01-29 02:41:37'),
(65, 33, 2, 1, 9, 1, 0, 0, '2025-12-10 01:52:14', '2026-01-29 02:41:37'),
(66, 34, 2, 1, 9, 1, 0, 0, '2025-12-10 01:52:14', '2026-01-29 02:41:37'),
(67, 32, 2, 1, 9, 1, 0, 0, '2025-12-10 01:52:20', '2026-01-29 02:41:37'),
(68, 33, 2, 1, 9, 1, 0, 0, '2025-12-10 01:52:20', '2026-01-29 02:41:37'),
(69, 34, 2, 1, 9, 1, 0, 0, '2025-12-10 01:52:20', '2026-01-29 02:41:37'),
(70, 31, 2, 1, 9, 1, 0, 0, '2025-12-10 01:52:26', '2026-01-29 02:41:37'),
(71, 32, 2, 1, 9, 1, 0, 0, '2025-12-10 01:52:26', '2026-01-29 02:41:37'),
(72, 33, 2, 1, 9, 1, 0, 0, '2025-12-10 01:52:26', '2026-01-29 02:41:37'),
(73, 34, 2, 1, 9, 1, 0, 0, '2025-12-10 01:52:26', '2026-01-29 02:41:37'),
(74, 31, 2, 1, 9, 1, 0, 0, '2025-12-10 01:52:28', '2026-01-29 02:41:37'),
(75, 32, 2, 1, 9, 1, 0, 0, '2025-12-10 01:52:28', '2026-01-29 02:41:37'),
(76, 33, 2, 1, 9, 1, 0, 0, '2025-12-10 01:52:28', '2026-01-29 02:41:37'),
(77, 34, 2, 1, 9, 1, 0, 0, '2025-12-10 01:52:28', '2026-01-29 02:41:37'),
(78, 54, 1, 1, 21, 1, 0, 0, '2025-12-23 10:14:01', '2026-01-20 00:47:50'),
(79, 57, 7, 1, 9, 12, 0, 0, '2025-12-23 20:50:42', '2026-01-20 00:47:50'),
(80, 66, 5, 1, 3, 2, 0, 0, '2026-01-01 12:25:33', '2026-01-20 00:47:50'),
(81, 67, 3, 1, 1, 1, 0, 0, '2026-01-01 12:25:33', '2026-01-20 00:47:50'),
(82, 31, 7, 1, 9, 12, 0, 1, '2026-01-15 08:13:06', '2026-01-15 08:13:06'),
(83, 32, 7, 1, 9, 30, 0, 0, '2026-01-29 02:41:17', '2026-01-29 02:41:37'),
(84, 32, 7, 1, 9, 30, 0, 0, '2026-01-29 02:41:25', '2026-01-29 02:41:37'),
(85, 33, 7, 1, 9, 12, 0, 0, '2026-01-29 02:41:25', '2026-01-29 02:41:37'),
(86, 32, 7, 1, 9, 30, 0, 0, '2026-01-29 02:41:32', '2026-01-29 02:41:37'),
(87, 33, 7, 1, 9, 12, 0, 0, '2026-01-29 02:41:32', '2026-01-29 02:41:37'),
(88, 34, 7, 1, 9, 4, 0, 0, '2026-01-29 02:41:32', '2026-01-29 02:41:37'),
(89, 32, 7, 1, 9, 30, 0, 1, '2026-01-29 02:41:37', '2026-01-29 02:41:37'),
(90, 33, 7, 1, 9, 12, 0, 1, '2026-01-29 02:41:37', '2026-01-29 02:41:37'),
(91, 34, 7, 1, 9, 4, 0, 1, '2026-01-29 02:41:37', '2026-01-29 02:41:37'),
(92, 70, 8, 1, 9, 10, 0, 1, '2026-02-03 15:19:19', '2026-02-03 15:19:19'),
(93, 72, 8, 1, 9, 10, 0, 1, '2026-02-03 15:19:22', '2026-02-03 15:19:22'),
(94, 74, 7, 1, 9, 12, 0, 1, '2026-02-05 10:24:33', '2026-02-05 10:24:33'),
(95, 75, 7, 1, 9, 30, 0, 1, '2026-02-05 10:24:33', '2026-02-05 10:24:33'),
(96, 76, 7, 1, 9, 12, 0, 1, '2026-02-05 10:24:33', '2026-02-05 10:24:33'),
(97, 77, 7, 1, 9, 4, 0, 1, '2026-02-05 10:24:33', '2026-02-05 10:24:33'),
(98, 78, 7, 1, 9, 30, 0, 1, '2026-02-05 10:24:33', '2026-02-05 10:24:33'),
(99, 79, 7, 1, 9, 5, 0, 1, '2026-02-07 06:43:20', '2026-02-07 06:43:20'),
(100, 82, 7, 1, 9, 5, 0, 1, '2026-02-07 09:40:31', '2026-02-07 09:40:31'),
(101, 83, 7, 1, 9, 7, 0, 0, '2026-02-07 09:40:56', '2026-02-07 09:41:08'),
(102, 83, 7, 1, 9, 7, 0, 1, '2026-02-07 09:41:00', '2026-02-07 09:41:00'),
(103, 84, 8, 1, 9, 12, 0, 1, '2026-02-09 02:36:27', '2026-02-09 02:36:27'),
(104, 89, 7, 1, 9, 12, 0, 1, '2026-02-09 17:37:25', '2026-02-09 17:37:25'),
(105, 90, 7, 1, 9, 30, 0, 1, '2026-02-09 17:37:25', '2026-02-09 17:37:25'),
(106, 94, 7, 1, 9, 12, 0, 1, '2026-03-14 00:51:06', '2026-03-14 00:51:06');

-- --------------------------------------------------------

--
-- Table structure for table `product_stocks`
--

CREATE TABLE `product_stocks` (
  `ps_id` int(10) UNSIGNED NOT NULL,
  `product_variant_id` int(11) NOT NULL,
  `product_id` int(11) NOT NULL,
  `unit_id` int(11) NOT NULL,
  `ps_stock` int(11) NOT NULL,
  `status` int(11) NOT NULL DEFAULT 1 COMMENT '1 = active, 0 = inactive',
  `created_at` timestamp NULL DEFAULT NULL,
  `updated_at` timestamp NULL DEFAULT NULL
) ENGINE=InnoDB DEFAULT CHARSET=utf8mb4 COLLATE=utf8mb4_0900_ai_ci;

--
-- Dumping data for table `product_stocks`
--

INSERT INTO `product_stocks` (`ps_id`, `product_variant_id`, `product_id`, `unit_id`, `ps_stock`, `status`, `created_at`, `updated_at`) VALUES
(1, 1, 1, 7, 0, 1, '2025-10-25 10:08:31', '2025-12-29 04:34:50'),
(2, 1, 1, 8, 0, 1, '2025-10-25 10:08:31', '2025-10-25 10:08:31'),
(22, 31, 1, 2, 0, 0, '2025-12-09 23:40:08', '2026-01-29 02:41:37'),
(23, 31, 1, 7, 110, 1, '2025-12-09 23:40:08', '2026-03-14 01:10:21'),
(24, 31, 1, 9, 10, 1, '2025-12-09 23:40:08', '2026-02-24 09:19:13'),
(25, 32, 1, 2, 0, 0, '2025-12-09 23:40:08', '2026-01-29 02:41:37'),
(26, 32, 1, 7, 99, 1, '2025-12-09 23:40:08', '2026-02-02 17:00:16'),
(27, 32, 1, 9, 20, 1, '2025-12-09 23:40:08', '2026-02-02 17:17:10'),
(28, 33, 1, 2, 0, 0, '2025-12-09 23:40:08', '2026-01-29 02:41:37'),
(29, 33, 1, 7, 589, 1, '2025-12-09 23:40:08', '2026-02-02 18:06:12'),
(30, 33, 1, 9, 50, 1, '2025-12-09 23:40:08', '2026-02-02 18:06:55'),
(31, 34, 1, 2, 0, 0, '2025-12-09 23:40:08', '2026-01-29 02:41:37'),
(32, 34, 1, 7, 0, 1, '2025-12-09 23:40:08', '2026-01-13 09:13:59'),
(33, 34, 1, 9, 0, 1, '2025-12-09 23:40:08', '2025-12-23 20:08:04'),
(34, 45, 1, 2, 0, 1, '2025-12-09 23:40:08', '2025-12-09 23:40:08'),
(35, 45, 1, 7, 0, 1, '2025-12-09 23:40:08', '2025-12-09 23:40:08'),
(36, 45, 1, 9, 0, 1, '2025-12-09 23:40:08', '2025-12-09 23:40:08'),
(37, 49, 8, 1, 0, 1, '2025-12-23 10:02:00', '2025-12-23 10:02:00'),
(38, 49, 8, 5, 0, 1, '2025-12-23 10:02:00', '2025-12-23 10:02:00'),
(39, 50, 8, 1, 0, 1, '2025-12-23 10:02:00', '2025-12-23 10:02:00'),
(40, 50, 8, 5, 0, 1, '2025-12-23 10:02:00', '2025-12-23 10:02:00'),
(41, 51, 9, 1, 0, 1, '2025-12-23 10:07:23', '2025-12-23 10:07:23'),
(42, 51, 9, 5, 0, 1, '2025-12-23 10:07:23', '2025-12-23 10:07:23'),
(43, 52, 9, 1, 0, 1, '2025-12-23 10:07:23', '2025-12-23 10:07:23'),
(44, 52, 9, 5, 0, 1, '2025-12-23 10:07:23', '2025-12-23 10:07:23'),
(45, 53, 10, 1, 0, 0, '2025-12-23 10:11:16', '2025-12-23 10:26:58'),
(46, 53, 10, 21, 0, 0, '2025-12-23 10:11:16', '2025-12-23 10:26:58'),
(47, 54, 10, 1, 0, 0, '2025-12-23 10:11:16', '2025-12-23 10:26:58'),
(48, 54, 10, 21, 0, 0, '2025-12-23 10:11:16', '2025-12-23 10:26:58'),
(49, 55, 11, 21, 0, 0, '2025-12-23 11:04:32', '2026-01-15 08:52:12'),
(50, 55, 11, 2, 0, 0, '2025-12-23 11:04:32', '2026-01-15 08:52:12'),
(51, 56, 11, 21, 0, 0, '2025-12-23 11:04:32', '2026-01-15 08:52:12'),
(52, 56, 11, 2, 0, 0, '2025-12-23 11:04:32', '2026-01-15 08:52:12'),
(53, 57, 12, 7, 1, 1, '2025-12-23 20:50:42', '2026-02-02 17:18:09'),
(54, 57, 12, 9, 0, 1, '2025-12-23 20:50:42', '2025-12-23 20:50:42'),
(55, 58, 12, 7, 0, 1, '2025-12-23 20:50:42', '2025-12-23 20:50:42'),
(56, 58, 12, 9, 0, 1, '2025-12-23 20:50:42', '2025-12-23 20:50:42'),
(57, 59, 12, 7, 0, 1, '2025-12-23 20:50:43', '2025-12-23 21:31:33'),
(58, 59, 12, 9, 0, 1, '2025-12-23 20:50:43', '2025-12-23 20:50:43'),
(59, 60, 12, 7, 0, 1, '2025-12-23 20:50:43', '2025-12-23 20:50:43'),
(60, 60, 12, 9, 0, 1, '2025-12-23 20:50:43', '2025-12-23 20:50:43'),
(61, 61, 12, 7, 0, 1, '2025-12-23 20:50:43', '2025-12-23 20:50:43'),
(62, 61, 12, 9, 0, 1, '2025-12-23 20:50:43', '2025-12-23 20:50:43'),
(63, 62, 16, 1, 0, 0, '2025-12-29 10:53:12', '2026-01-15 08:52:25'),
(64, 63, 16, 1, 0, 0, '2025-12-29 10:53:12', '2026-01-15 08:52:25'),
(65, 64, 17, 5, 0, 0, '2026-01-01 12:24:40', '2026-01-15 08:52:01'),
(66, 64, 17, 3, 0, 0, '2026-01-01 12:24:41', '2026-01-15 08:52:01'),
(67, 64, 17, 1, 0, 0, '2026-01-01 12:24:41', '2026-01-15 08:52:01'),
(68, 65, 17, 5, 0, 0, '2026-01-01 12:24:41', '2026-01-15 08:52:01'),
(69, 65, 17, 3, 0, 0, '2026-01-01 12:24:41', '2026-01-15 08:52:01'),
(70, 65, 17, 1, 0, 0, '2026-01-01 12:24:41', '2026-01-15 08:52:01'),
(71, 66, 18, 5, 0, 0, '2026-01-01 12:25:33', '2026-01-15 08:52:10'),
(72, 66, 18, 3, 0, 0, '2026-01-01 12:25:33', '2026-01-15 08:52:10'),
(73, 66, 18, 1, 0, 0, '2026-01-01 12:25:33', '2026-01-15 08:52:10'),
(74, 67, 18, 5, 0, 0, '2026-01-01 12:25:33', '2026-01-15 08:52:10'),
(75, 67, 18, 3, 0, 0, '2026-01-01 12:25:33', '2026-01-15 08:52:10'),
(76, 67, 18, 1, 0, 0, '2026-01-01 12:25:33', '2026-01-15 08:52:10'),
(77, 57, 12, 2, 0, 1, '2026-02-03 15:16:28', '2026-02-03 15:16:28'),
(78, 58, 12, 2, 0, 1, '2026-02-03 15:16:28', '2026-02-03 15:16:28'),
(79, 59, 12, 2, 0, 1, '2026-02-03 15:16:28', '2026-02-03 15:16:28'),
(80, 60, 12, 2, 0, 1, '2026-02-03 15:16:28', '2026-02-03 15:16:28'),
(81, 61, 12, 2, 0, 1, '2026-02-03 15:16:28', '2026-02-03 15:16:28'),
(82, 68, 12, 2, 0, 1, '2026-02-03 15:16:28', '2026-02-03 15:16:28'),
(83, 68, 12, 7, 0, 1, '2026-02-03 15:16:28', '2026-02-03 15:16:28'),
(84, 68, 12, 9, 0, 1, '2026-02-03 15:16:28', '2026-02-03 15:16:28'),
(85, 69, 12, 2, 0, 1, '2026-02-03 15:16:49', '2026-02-03 15:16:49'),
(86, 69, 12, 7, 0, 1, '2026-02-03 15:16:49', '2026-02-03 15:16:49'),
(87, 69, 12, 9, 0, 1, '2026-02-03 15:16:49', '2026-02-03 15:16:49'),
(88, 70, 19, 8, 10, 1, '2026-02-03 15:19:19', '2026-02-23 16:23:09'),
(89, 70, 19, 9, 10, 1, '2026-02-03 15:19:19', '2026-02-23 16:23:09'),
(90, 71, 19, 8, 10, 1, '2026-02-03 15:19:19', '2026-02-23 16:23:09'),
(91, 71, 19, 9, 10, 1, '2026-02-03 15:19:19', '2026-02-23 16:23:09'),
(92, 72, 20, 8, 0, 0, '2026-02-03 15:19:22', '2026-02-03 15:19:35'),
(93, 72, 20, 9, 0, 0, '2026-02-03 15:19:22', '2026-02-03 15:19:35'),
(94, 73, 20, 8, 0, 0, '2026-02-03 15:19:22', '2026-02-03 15:19:35'),
(95, 73, 20, 9, 0, 0, '2026-02-03 15:19:22', '2026-02-03 15:19:35'),
(96, 74, 21, 7, 1, 1, '2026-02-05 10:24:33', '2026-02-06 09:00:27'),
(97, 74, 21, 9, 0, 1, '2026-02-05 10:24:33', '2026-02-06 09:00:27'),
(98, 75, 21, 7, 0, 1, '2026-02-05 10:24:33', '2026-02-05 10:24:33'),
(99, 75, 21, 9, 0, 1, '2026-02-05 10:24:33', '2026-02-05 10:24:33'),
(100, 76, 21, 7, 0, 1, '2026-02-05 10:24:33', '2026-02-05 10:24:33'),
(101, 76, 21, 9, 0, 1, '2026-02-05 10:24:33', '2026-02-05 10:24:33'),
(102, 77, 21, 7, 0, 1, '2026-02-05 10:24:33', '2026-02-05 10:24:33'),
(103, 77, 21, 9, 0, 1, '2026-02-05 10:24:33', '2026-02-05 10:24:33'),
(104, 78, 21, 7, 0, 1, '2026-02-05 10:24:33', '2026-02-05 10:24:33'),
(105, 78, 21, 9, 0, 1, '2026-02-05 10:24:33', '2026-02-05 10:24:33'),
(106, 79, 22, 7, 0, 1, '2026-02-07 06:43:20', '2026-02-07 06:43:20'),
(107, 79, 22, 9, 0, 1, '2026-02-07 06:43:20', '2026-02-07 06:43:20'),
(108, 79, 22, 2, 0, 1, '2026-02-07 06:43:20', '2026-02-07 06:43:20'),
(109, 80, 22, 7, 0, 1, '2026-02-07 06:43:20', '2026-02-07 06:43:20'),
(110, 80, 22, 9, 0, 1, '2026-02-07 06:43:20', '2026-02-07 06:43:20'),
(111, 80, 22, 2, 0, 1, '2026-02-07 06:43:20', '2026-02-07 06:43:20'),
(112, 81, 22, 7, 0, 1, '2026-02-07 06:43:20', '2026-02-07 06:43:20'),
(113, 81, 22, 9, 0, 1, '2026-02-07 06:43:20', '2026-02-07 06:43:20'),
(114, 81, 22, 2, 0, 1, '2026-02-07 06:43:20', '2026-02-07 14:17:16'),
(115, 82, 23, 7, 0, 0, '2026-02-07 09:40:31', '2026-02-07 09:41:17'),
(116, 82, 23, 9, 0, 0, '2026-02-07 09:40:31', '2026-02-07 09:41:17'),
(117, 83, 23, 7, 0, 0, '2026-02-07 09:40:31', '2026-02-07 09:41:17'),
(118, 83, 23, 9, 0, 0, '2026-02-07 09:40:31', '2026-02-07 09:41:17'),
(119, 84, 24, 8, 0, 1, '2026-02-09 02:36:27', '2026-02-09 02:36:27'),
(120, 84, 24, 9, 0, 1, '2026-02-09 02:36:27', '2026-02-09 02:36:27'),
(121, 85, 24, 8, 0, 1, '2026-02-09 02:36:27', '2026-02-09 02:36:27'),
(122, 85, 24, 9, 0, 1, '2026-02-09 02:36:27', '2026-02-09 02:36:27'),
(123, 86, 24, 8, 0, 1, '2026-02-09 02:36:27', '2026-02-09 02:36:27'),
(124, 86, 24, 9, 0, 1, '2026-02-09 02:36:27', '2026-02-09 02:36:27'),
(125, 87, 24, 8, 0, 1, '2026-02-09 02:36:27', '2026-02-09 02:36:27'),
(126, 87, 24, 9, 0, 1, '2026-02-09 02:36:27', '2026-02-09 02:36:27'),
(127, 88, 24, 8, 0, 1, '2026-02-09 02:36:27', '2026-02-09 02:36:27'),
(128, 88, 24, 9, 0, 1, '2026-02-09 02:36:27', '2026-02-09 02:36:27'),
(129, 89, 25, 7, 0, 1, '2026-02-09 17:37:25', '2026-02-09 17:37:25'),
(130, 89, 25, 9, 0, 1, '2026-02-09 17:37:25', '2026-02-09 17:37:25'),
(131, 90, 25, 7, 0, 1, '2026-02-09 17:37:25', '2026-02-09 17:37:25'),
(132, 90, 25, 9, 0, 1, '2026-02-09 17:37:25', '2026-02-09 17:37:25'),
(133, 91, 25, 7, 0, 1, '2026-02-09 17:37:25', '2026-02-09 17:37:25'),
(134, 91, 25, 9, 0, 1, '2026-02-09 17:37:25', '2026-02-09 17:37:25'),
(135, 92, 25, 7, 0, 1, '2026-02-09 17:37:25', '2026-02-09 17:37:25'),
(136, 92, 25, 9, 0, 1, '2026-02-09 17:37:25', '2026-02-09 17:37:25'),
(137, 93, 25, 7, 0, 1, '2026-02-09 17:37:25', '2026-02-09 17:37:25'),
(138, 93, 25, 9, 0, 1, '2026-02-09 17:37:25', '2026-02-09 17:37:25'),
(139, 94, 26, 7, 0, 1, '2026-03-14 00:51:06', '2026-03-14 00:51:06'),
(140, 94, 26, 9, 0, 1, '2026-03-14 00:51:06', '2026-03-14 00:51:06');

-- --------------------------------------------------------

--
-- Table structure for table `product_variants`
--

CREATE TABLE `product_variants` (
  `product_variant_id` int(11) NOT NULL,
  `product_id` int(11) NOT NULL,
  `product_variant_name` varchar(100) DEFAULT NULL,
  `product_variant_sku` varchar(100) DEFAULT NULL,
  `product_variant_price` bigint(20) NOT NULL DEFAULT 0,
  `product_variant_barcode` text DEFAULT NULL,
  `product_variant_stock` int(11) DEFAULT NULL,
  `product_variant_alert` int(11) DEFAULT NULL,
  `unit_id` int(11) DEFAULT NULL,
  `status` int(11) NOT NULL DEFAULT 1 COMMENT '1 = active, 0 = dead',
  `created_at` timestamp NULL DEFAULT NULL,
  `updated_at` timestamp NULL DEFAULT NULL
) ENGINE=InnoDB DEFAULT CHARSET=utf8mb4 COLLATE=utf8mb4_0900_ai_ci;

--
-- Dumping data for table `product_variants`
--

INSERT INTO `product_variants` (`product_variant_id`, `product_id`, `product_variant_name`, `product_variant_sku`, `product_variant_price`, `product_variant_barcode`, `product_variant_stock`, `product_variant_alert`, `unit_id`, `status`, `created_at`, `updated_at`) VALUES
(31, 1, '12 x 1000 ml', 'AAP1000', 57000, '179688873897', 0, 10, 7, 1, '2025-10-30 17:51:19', '2025-11-10 20:22:59'),
(32, 1, '30 x 600 ml', 'AAP600', 102000, '799871367220', 0, 10, 7, 1, '2025-10-30 17:51:19', '2025-11-10 02:54:29'),
(33, 1, '12 x 1500 ml', 'AAP1500', 64800, '114185857873', 0, 10, 7, 1, '2025-10-30 17:51:19', '2025-11-10 20:23:00'),
(34, 1, '4 X 5 LITER ', 'AAP5', 80000, '790646202931', 0, 10, 7, 1, '2025-10-30 17:51:19', '2025-11-10 20:23:03'),
(49, 8, 'Merah', '', 0, '260531088537', 0, 0, NULL, 0, '2025-12-23 10:02:00', '2025-12-23 10:11:49'),
(50, 8, 'Hijau', '', 0, '847879737554', 0, 0, 1, 0, '2025-12-23 10:02:00', '2025-12-23 10:11:49'),
(51, 9, 'Hijau', '', 0, '442636332018', 0, 0, 1, 0, '2025-12-23 10:07:23', '2025-12-23 10:12:21'),
(52, 9, '', '', 0, '646805452247', 0, 0, 1, 0, '2025-12-23 10:07:23', '2025-12-23 10:12:21'),
(53, 10, 'Merah', '', 0, '494807651999', 0, 0, 1, 0, '2025-12-23 10:11:16', '2025-12-23 10:26:58'),
(54, 10, 'Hijau', '', 0, '650977333150', 0, 0, 1, 0, '2025-12-23 10:11:16', '2025-12-23 10:26:58'),
(55, 11, 'Merah', 'TST001', 0, '889976614648', 0, 0, 21, 0, '2025-12-23 11:04:32', '2026-01-15 08:52:12'),
(56, 11, 'Hijau', ' TST002', 0, '613372816889', 0, 0, 21, 0, '2025-12-23 11:04:32', '2026-01-15 08:52:12'),
(57, 12, '12 x 1000 ml', 'AZP1000', 100, '295303609265', 0, 100, 7, 1, '2025-12-23 20:50:42', '2025-12-23 20:50:42'),
(58, 12, '30 x 600 ml', 'AZP600ML', 816, '390094196489', 0, 100, 7, 1, '2025-12-23 20:50:42', '2026-02-03 15:14:31'),
(59, 12, '12 x 1500 ml', 'AZP1500ML', 75137, '664932620910', 0, 100, 7, 1, '2025-12-23 20:50:42', '2026-02-03 15:14:31'),
(60, 12, '4 X 5 LITER', 'AZP5L', 7137, '463410889077', 0, 100, 7, 1, '2025-12-23 20:50:42', '2026-02-03 15:14:31'),
(61, 12, '20 X 400 ML', 'AZP400ML', 68136831, '155445091599', 0, 100, 7, 1, '2025-12-23 20:50:42', '2026-02-03 15:14:31'),
(62, 16, 'Merah', '1', 0, '130800133087', 0, 1, 1, 0, '2025-12-29 10:53:12', '2026-01-15 08:52:25'),
(63, 16, 'Hijau', '1', 0, '981050124732', 0, 1, 1, 0, '2025-12-29 10:53:12', '2026-01-15 08:52:25'),
(64, 17, '', '', 0, '450891910725', 0, 0, 5, 0, '2026-01-01 12:24:40', '2026-01-15 08:52:01'),
(65, 17, '', '', 0, '523078482964', 0, 0, 5, 0, '2026-01-01 12:24:40', '2026-01-15 08:52:01'),
(66, 18, 'Test1', 'TST001', 0, '290454356173', 0, 10, 5, 0, '2026-01-01 12:25:33', '2026-01-15 08:52:10'),
(67, 18, 'Test2', 'TST002', 0, '293308792481', 0, 12, 5, 0, '2026-01-01 12:25:33', '2026-01-15 08:52:10'),
(68, 12, '', '', 0, '798606869948', 0, 0, 2, 0, '2026-02-03 15:16:28', '2026-02-03 15:16:49'),
(69, 12, '35KG', 'AZP35KG', 0, '103716797147', 0, 0, 2, 1, '2026-02-03 15:16:49', '2026-02-03 15:16:49'),
(70, 19, '12X500ML', 'MYR500ML', 0, '512413119423', 0, 1, 8, 1, '2026-02-03 15:19:19', '2026-02-03 15:26:45'),
(71, 19, '12X800ML', 'MYR800ML', 0, '257903404624', 0, 1, 8, 1, '2026-02-03 15:19:19', '2026-02-03 15:26:45'),
(72, 20, 'Minyak Rem 12X500ML', 'MYR500ML', 0, '365635285303', 0, 1, 8, 0, '2026-02-03 15:19:22', '2026-02-03 15:19:35'),
(73, 20, 'Minyak Rem 12X800ML', 'MYR800ML', 0, '213593705832', 0, 1, 8, 0, '2026-02-03 15:19:22', '2026-02-03 15:19:35'),
(74, 21, '12 x 1000 ml', 'SP1000ML', 0, '784294328368', 0, 10, 7, 1, '2026-02-05 10:24:33', '2026-02-05 10:24:33'),
(75, 21, '30 x 600 ml', 'SP600ML', 0, '789212917885', 0, 10, 7, 1, '2026-02-05 10:24:33', '2026-02-05 10:24:33'),
(76, 21, '12 x 1500 ml', 'SP1500ML', 0, '703609629346', 0, 10, 7, 1, '2026-02-05 10:24:33', '2026-02-05 10:24:33'),
(77, 21, '4 X 5 LITER', 'SP5LTR', 0, '204125875426', 0, 10, 7, 1, '2026-02-05 10:24:33', '2026-02-05 10:24:33'),
(78, 21, '30 X 400 ML', 'SP400ML', 0, '705119535592', 0, 10, 7, 1, '2026-02-05 10:24:33', '2026-02-05 10:24:33'),
(79, 22, '5 X 1 Liter', 'AA1', 0, '286047334282', 0, 1, 7, 1, '2026-02-07 06:43:20', '2026-02-07 06:43:20'),
(80, 22, '2 X 4 Liter', 'AA4', 0, '872810108437', 0, 1, 7, 1, '2026-02-07 06:43:20', '2026-02-07 06:43:20'),
(81, 22, '5KG', 'AA5', 0, '752363962241', 0, 1, 2, 1, '2026-02-07 06:43:20', '2026-02-07 06:43:20'),
(82, 23, 'Test 1', 'TST001', 0, '331408959207', 0, 1, 7, 0, '2026-02-07 09:40:31', '2026-02-07 09:41:17'),
(83, 23, 'Test 2', 'TST002', 0, '525582959257', 0, 3, 7, 0, '2026-02-07 09:40:31', '2026-02-07 09:41:17'),
(84, 24, '12 x 1000 ml', 'MR1000ML', 0, '589346166410', 0, 1, 8, 1, '2026-02-09 02:36:27', '2026-02-09 02:36:27'),
(85, 24, '30 x 600 ml', 'MR600ML', 0, '298846915610', 0, 1, 8, 1, '2026-02-09 02:36:27', '2026-02-09 02:36:27'),
(86, 24, '12 x 1500 ml', 'MR1500ML', 0, '328024840624', 0, 1, 8, 1, '2026-02-09 02:36:27', '2026-02-09 02:36:27'),
(87, 24, '4 X 5 LITER', 'MR5LTR', 0, '200039271940', 0, 1, 8, 1, '2026-02-09 02:36:27', '2026-02-09 02:36:27'),
(88, 24, '30 X 400 ML', 'MR400ML', 0, '860653470919', 0, 1, 8, 1, '2026-02-09 02:36:27', '2026-02-09 02:36:27'),
(89, 25, '12 x 1000 ml', '123', 0, '474578936058', 0, 1, 7, 1, '2026-02-09 17:37:25', '2026-02-09 17:37:25'),
(90, 25, '30 x 600 ml', '123', 0, '683116897714', 0, 1, 7, 1, '2026-02-09 17:37:25', '2026-02-09 17:37:25'),
(91, 25, '12 x 1500 ml', '123', 0, '777834882222', 0, 1, 7, 1, '2026-02-09 17:37:25', '2026-02-09 17:37:25'),
(92, 25, '4 X 5 LITER', '123', 0, '400347334193', 0, 1, 7, 1, '2026-02-09 17:37:25', '2026-02-09 17:37:25'),
(93, 25, '30 X 400 ML', '123', 0, '989398003042', 0, 1, 7, 1, '2026-02-09 17:37:25', '2026-02-09 17:37:25'),
(94, 26, '1000Ml', 'Merah1000ml', 0, '808893564690', 0, 10, 7, 1, '2026-03-14 00:51:06', '2026-03-14 00:51:06');

-- --------------------------------------------------------

--
-- Table structure for table `provinces`
--

CREATE TABLE `provinces` (
  `prov_id` int(11) NOT NULL,
  `prov_name` varchar(255) DEFAULT NULL,
  `locationid` int(11) DEFAULT NULL,
  `status` int(11) DEFAULT 1
) ENGINE=MyISAM DEFAULT CHARSET=latin1 COLLATE=latin1_swedish_ci ROW_FORMAT=DYNAMIC;

--
-- Dumping data for table `provinces`
--

INSERT INTO `provinces` (`prov_id`, `prov_name`, `locationid`, `status`) VALUES
(1, 'ACEH', 1, 1),
(2, 'SUMATERA UTARA', 1, 1),
(3, 'SUMATERA BARAT', 1, 1),
(4, 'RIAU', 1, 1),
(5, 'JAMBI', 1, 1),
(6, 'SUMATERA SELATAN', 1, 1),
(7, 'BENGKULU', 1, 1),
(8, 'LAMPUNG', 1, 1),
(9, 'KEPULAUAN BANGKA BELITUNG', 1, 1),
(10, 'KEPULAUAN RIAU', 1, 1),
(11, 'DKI JAKARTA', 1, 1),
(12, 'JAWA BARAT', 1, 1),
(13, 'JAWA TENGAH', 1, 1),
(14, 'DI YOGYAKARTA', 1, 1),
(15, 'JAWA TIMUR', 1, 1),
(16, 'BANTEN', 1, 1),
(17, 'BALI', 1, 1),
(18, 'NUSA TENGGARA BARAT', 1, 1),
(19, 'NUSA TENGGARA TIMUR', 1, 1),
(20, 'KALIMANTAN BARAT', 1, 1),
(21, 'KALIMANTAN TENGAH', 1, 1),
(22, 'KALIMANTAN SELATAN', 1, 1),
(23, 'KALIMANTAN TIMUR', 1, 1),
(24, 'KALIMANTAN UTARA', 1, 1),
(25, 'SULAWESI UTARA', 1, 1),
(26, 'SULAWESI TENGAH', 1, 1),
(27, 'SULAWESI SELATAN', 1, 1),
(28, 'SULAWESI TENGGARA', 1, 1),
(29, 'GORONTALO', 1, 1),
(30, 'SULAWESI BARAT', 1, 1),
(31, 'MALUKU', 1, 1),
(32, 'MALUKU UTARA', 1, 1),
(33, 'PAPUA', 1, 1),
(34, 'PAPUA BARAT', 1, 1);

-- --------------------------------------------------------

--
-- Table structure for table `purchase_delivery_orders`
--

CREATE TABLE `purchase_delivery_orders` (
  `pdo_id` int(11) NOT NULL,
  `po_id` int(11) NOT NULL,
  `pdo_number` varchar(10) NOT NULL,
  `pdo_receiver` varchar(150) NOT NULL,
  `staff_id` int(11) DEFAULT NULL,
  `pdo_date` date NOT NULL,
  `pdo_phone` varchar(50) DEFAULT NULL,
  `pdo_desc` text DEFAULT NULL,
  `status` tinyint(4) DEFAULT 1,
  `created_at` timestamp NULL DEFAULT current_timestamp(),
  `updated_at` timestamp NULL DEFAULT current_timestamp() ON UPDATE current_timestamp()
) ENGINE=InnoDB DEFAULT CHARSET=latin1 COLLATE=latin1_swedish_ci;

--
-- Dumping data for table `purchase_delivery_orders`
--

INSERT INTO `purchase_delivery_orders` (`pdo_id`, `po_id`, `pdo_number`, `pdo_receiver`, `staff_id`, `pdo_date`, `pdo_phone`, `pdo_desc`, `status`, `created_at`, `updated_at`) VALUES
(1, 1, 'PDO0001', 'Auto Generated', NULL, '2026-02-02', '-', '-', 2, '2026-02-02 01:04:31', '2026-02-02 01:04:31'),
(2, 2, 'PDO0002', 'Auto Generated', NULL, '2026-02-02', '-', '-', 2, '2026-02-02 16:43:11', '2026-02-02 16:43:11'),
(3, 3, 'PDO0003', 'Auto Generated', NULL, '2026-02-03', '-', '-', 2, '2026-02-02 17:01:44', '2026-02-02 17:01:44'),
(4, 4, 'PDO0004', 'Auto Generated', NULL, '2026-02-03', '-', '-', 2, '2026-02-02 17:30:51', '2026-02-02 17:30:51'),
(5, 5, 'PDO0005', 'Auto Generated', NULL, '2026-02-03', '-', '-', 2, '2026-02-02 17:32:55', '2026-02-02 17:32:55'),
(6, 6, 'PDO0006', 'Auto Generated', NULL, '2026-02-05', '-', '-', 2, '2026-02-05 10:43:40', '2026-02-05 10:43:40'),
(7, 7, 'PDO0007', 'Auto Generated', NULL, '2026-02-27', '-', '-', 2, '2026-02-26 17:43:26', '2026-02-26 17:43:26'),
(8, 8, 'PDO0008', 'Auto Generated', NULL, '2026-02-27', '-', '-', 2, '2026-02-27 09:12:21', '2026-02-27 09:12:21'),
(9, 10, 'PDO0009', 'Auto Generated', NULL, '2026-02-28', '-', '-', 2, '2026-02-28 09:08:21', '2026-02-28 09:08:21'),
(10, 13, 'PDO0010', 'Auto Generated', NULL, '2026-03-14', '-', '-', 2, '2026-03-14 00:58:00', '2026-03-14 00:58:00'),
(11, 14, 'PDO0011', 'Auto Generated', NULL, '2026-03-14', '-', '-', 2, '2026-03-14 01:03:12', '2026-03-14 01:03:12');

-- --------------------------------------------------------

--
-- Table structure for table `purchase_delivery_orders_details`
--

CREATE TABLE `purchase_delivery_orders_details` (
  `pdod_id` int(11) NOT NULL,
  `pdo_id` int(11) NOT NULL,
  `supplies_variant_id` int(11) NOT NULL,
  `pdod_sku` varchar(50) NOT NULL,
  `pdod_qty` int(11) NOT NULL DEFAULT 0,
  `status` tinyint(4) DEFAULT 1,
  `created_at` timestamp NULL DEFAULT current_timestamp(),
  `updated_at` timestamp NULL DEFAULT current_timestamp() ON UPDATE current_timestamp()
) ENGINE=InnoDB DEFAULT CHARSET=latin1 COLLATE=latin1_swedish_ci;

--
-- Dumping data for table `purchase_delivery_orders_details`
--

INSERT INTO `purchase_delivery_orders_details` (`pdod_id`, `pdo_id`, `supplies_variant_id`, `pdod_sku`, `pdod_qty`, `status`, `created_at`, `updated_at`) VALUES
(1, 1, 27, 'DAAP1000', 1000, 2, '2026-02-02 01:04:31', '2026-02-02 01:04:31'),
(2, 2, 21, 'SN2', 200, 2, '2026-02-02 16:43:11', '2026-02-02 16:43:11'),
(3, 3, 21, 'SN2', 10, 2, '2026-02-02 17:01:44', '2026-02-02 17:01:44'),
(4, 4, 28, 'B1000', 100, 2, '2026-02-02 17:30:51', '2026-02-02 17:30:51'),
(5, 4, 29, 'LAAP1000', 100, 2, '2026-02-02 17:30:51', '2026-02-02 17:30:51'),
(6, 4, 30, 'TLB', 100, 2, '2026-02-02 17:30:51', '2026-02-02 17:30:51'),
(7, 5, 29, 'LAAP1000', 100, 2, '2026-02-02 17:32:55', '2026-02-02 17:32:55'),
(8, 6, 46, 'LSP1000ML', 1000, 2, '2026-02-05 10:43:40', '2026-02-05 10:43:40'),
(9, 7, 18, 'AS2', 10, 2, '2026-02-26 17:43:26', '2026-02-26 17:43:26'),
(10, 7, 43, '123', 10, 2, '2026-02-26 17:43:26', '2026-02-26 17:43:26'),
(11, 8, 20, 'SN1', 100, 2, '2026-02-27 09:12:21', '2026-02-27 09:12:21'),
(12, 9, 36, 'AZP1L', 5, 2, '2026-02-28 09:08:21', '2026-02-28 09:08:21'),
(13, 10, 48, 'MERAAHUAE', 10, 2, '2026-03-14 00:58:00', '2026-03-14 00:58:00'),
(14, 10, 50, '01933189', 2, 2, '2026-03-14 00:58:00', '2026-03-14 00:58:00'),
(15, 11, 48, 'MERAAHUAE', 10, 2, '2026-03-14 01:03:12', '2026-03-14 01:03:12');

-- --------------------------------------------------------

--
-- Table structure for table `purchase_orders`
--

CREATE TABLE `purchase_orders` (
  `po_id` int(10) UNSIGNED NOT NULL,
  `po_number` varchar(250) NOT NULL,
  `po_date` date NOT NULL,
  `po_supplier` int(11) NOT NULL,
  `po_total` int(11) DEFAULT NULL,
  `jenis_discount` varchar(10) NOT NULL DEFAULT 'persen',
  `po_discount` int(11) NOT NULL DEFAULT 0,
  `po_ppn` int(11) NOT NULL DEFAULT 0,
  `po_cost` int(11) NOT NULL DEFAULT 0,
  `po_img` longtext NOT NULL,
  `pembayaran` int(11) NOT NULL DEFAULT 1,
  `tt_id` int(11) DEFAULT NULL,
  `status` tinyint(4) NOT NULL DEFAULT 1 COMMENT '1=Created, 2=Confirmed, 3=Completed',
  `created_at` timestamp NULL DEFAULT NULL,
  `updated_at` timestamp NULL DEFAULT NULL
) ENGINE=InnoDB DEFAULT CHARSET=latin1 COLLATE=latin1_swedish_ci;

--
-- Dumping data for table `purchase_orders`
--

INSERT INTO `purchase_orders` (`po_id`, `po_number`, `po_date`, `po_supplier`, `po_total`, `jenis_discount`, `po_discount`, `po_ppn`, `po_cost`, `po_img`, `pembayaran`, `tt_id`, `status`, `created_at`, `updated_at`) VALUES
(1, 'PO0001', '2026-02-02', 15, 100000, 'persen', 0, 0, 0, '[\"photo_697ff7d306f16.png\"]', 1, NULL, 2, '2026-02-02 01:03:15', '2026-02-02 01:04:31'),
(2, 'PO0002', '2026-02-02', 2, 200000, 'persen', 0, 0, 0, '[\"photo_6980d4099d7b6.png\"]', 3, 5, 2, '2026-02-02 16:42:49', '2026-02-21 06:32:20'),
(3, 'PO0003', '2026-02-03', 2, 5000, 'persen', 0, 0, 0, '[\"photo_6980d8708cbe0.png\"]', 2, 3, 2, '2026-02-02 17:01:36', '2026-02-02 18:59:28'),
(4, 'PO0004', '2026-02-03', 15, 25000, 'persen', 0, 0, 0, '[\"photo_6980df3c1c041.png\",\"photo_6980df3c1c30c.png\"]', 2, 2, 2, '2026-02-02 17:30:36', '2026-02-02 18:47:33'),
(5, 'PO0005', '2026-02-03', 15, 5000, 'persen', 0, 0, 0, '[\"photo_6980dfc2b573e.png\"]', 2, 1, 2, '2026-02-02 17:32:50', '2026-02-02 18:46:04'),
(6, 'PO0006', '2026-02-05', 15, 1000000, 'persen', 0, 0, 0, '[\"photo_698474510fba8.png\"]', 2, 4, 2, '2026-02-05 10:43:29', '2026-02-05 10:53:04'),
(7, 'PO0007', '2026-02-27', 2, 7657, 'persen', 0, 0, 0, '[\"photo_69a08522e02e6.png\"]', 3, 6, 2, '2026-02-26 17:38:42', '2026-03-14 03:29:48'),
(8, 'PO0008', '2026-02-27', 1, 50000, 'persen', 0, 0, 0, '[\"photo_69a15f778c9df.png\"]', 3, 6, 2, '2026-02-27 09:10:15', '2026-03-14 03:29:48'),
(9, 'PO0009', '2026-02-27', 15, 15000, 'persen', 0, 0, 0, '[\"photo_69a1c8d8f2ecf.png\"]', 1, NULL, 1, '2026-02-27 16:39:52', '2026-02-27 17:11:40'),
(10, 'PO0010', '2026-02-28', 19, 12000, 'persen', 0, 0, 0, '[\"photo_69a27058e3246.png\"]', 3, 7, 2, '2026-02-28 04:34:32', '2026-03-14 03:45:08'),
(11, 'PO0011', '2026-03-11', 15, 40000, 'nominal', 10000, 0, 0, '[\"photo_69b051a56f044.png\"]', 1, NULL, 1, '2026-03-10 17:15:17', '2026-03-10 17:15:17'),
(12, 'PO0012', '2026-03-11', 15, 450000, 'persen', 10, 0, 0, '[\"photo_69b053f841288.png\"]', 1, NULL, 1, '2026-03-10 17:25:12', '2026-03-15 13:52:11'),
(13, 'PO0013', '2026-03-14', 19, 1020000, 'persen', 0, 0, 0, '[\"photo_69b4b28e5eb99.png\"]', 3, 7, 2, '2026-03-14 00:57:50', '2026-03-14 03:45:08'),
(14, 'PO0014', '2026-03-14', 19, 1000000, 'persen', 0, 0, 0, '[\"photo_69b4b3ca2e810.png\"]', 1, NULL, 2, '2026-03-14 01:03:06', '2026-03-14 01:03:12');

-- --------------------------------------------------------

--
-- Table structure for table `purchase_orders_details`
--

CREATE TABLE `purchase_orders_details` (
  `pod_id` int(11) NOT NULL,
  `po_id` int(11) NOT NULL,
  `supplies_variant_id` int(11) NOT NULL,
  `pod_nama` varchar(255) NOT NULL,
  `pod_variant` varchar(255) DEFAULT NULL,
  `unit_id` int(11) NOT NULL,
  `pod_sku` varchar(100) DEFAULT NULL,
  `pod_harga` int(11) NOT NULL,
  `pod_qty` int(11) NOT NULL,
  `pod_subtotal` int(11) NOT NULL,
  `status` tinyint(4) NOT NULL DEFAULT 1 COMMENT '1 = active, 0 = inactive',
  `created_at` timestamp NULL DEFAULT NULL,
  `updated_at` timestamp NULL DEFAULT NULL
) ENGINE=InnoDB DEFAULT CHARSET=latin1 COLLATE=latin1_swedish_ci;

--
-- Dumping data for table `purchase_orders_details`
--

INSERT INTO `purchase_orders_details` (`pod_id`, `po_id`, `supplies_variant_id`, `pod_nama`, `pod_variant`, `unit_id`, `pod_sku`, `pod_harga`, `pod_qty`, `pod_subtotal`, `status`, `created_at`, `updated_at`) VALUES
(1, 1, 27, 'Dos Air Aki Pegasus 1000ml', 'Dos Air Aki Pegasus 1000ml Rotama', 7, 'DAAP1000', 100, 1000, 100000, 1, '2026-02-02 01:03:15', '2026-02-02 01:03:15'),
(2, 2, 21, 'SODIUM NITRITE', 'Sodium Nitrite 50% Konsentrat', 1, 'SN2', 1000, 200, 200000, 1, '2026-02-02 16:42:49', '2026-02-02 16:57:00'),
(3, 3, 21, 'SODIUM NITRITE', 'Sodium Nitrite 50% Konsentrat', 22, 'SN2', 1000, 5, 5000, 1, '2026-02-02 17:01:36', '2026-02-02 17:03:00'),
(4, 4, 28, 'Botol 1000 ml', 'Botol 1000ml Rotama', 9, 'B1000', 100, 100, 10000, 1, '2026-02-02 17:30:36', '2026-02-02 18:47:33'),
(5, 4, 29, 'Label Air Aki Pegasus 1000 ML', 'Label AAP1000 Rotama', 9, 'LAAP1000', 50, 100, 5000, 1, '2026-02-02 17:30:36', '2026-02-02 18:47:33'),
(6, 4, 30, 'Tutup Lancip Biru', 'Tutup Lancip Biru', 9, 'TLB', 100, 100, 10000, 1, '2026-02-02 17:30:36', '2026-02-02 18:47:33'),
(7, 5, 29, 'Label Air Aki Pegasus 1000 ML', 'Label AAP1000 Rotama', 9, 'LAAP1000', 50, 100, 5000, 1, '2026-02-02 17:32:50', '2026-02-02 17:32:50'),
(8, 6, 46, 'Label Shampoo Pegasus 1000 ML', 'Label Shampoo 1000 ML Rotama', 9, 'LSP1000ML', 1000, 1000, 1000000, 1, '2026-02-05 10:43:29', '2026-02-05 10:43:29'),
(9, 7, 18, 'ASAM SULFAT', 'Global Kmia', 1, 'AS2', 655, 10, 6550, 1, '2026-02-26 17:38:42', '2026-02-26 18:01:18'),
(10, 7, 43, 'Label air aki', 'Label air aki', 1, '123', 123, 10, 1230, 1, '2026-02-26 17:38:42', '2026-02-26 17:38:42'),
(11, 8, 20, 'SODIUM NITRITE', 'Sodium Nitrite 30% Konsentrat', 1, 'SN1', 500, 100, 50000, 1, '2026-02-27 09:10:15', '2026-02-27 09:10:15'),
(12, 9, 30, 'Tutup Lancip Biru', 'Tutup Lancip Biru', 9, 'TLB', 100, 100, 10000, 1, '2026-02-27 16:39:52', '2026-02-27 16:39:52'),
(13, 9, 31, 'Tutup Botol Biru', 'Tutup Botol Biru', 9, 'TBB', 50, 100, 5000, 1, '2026-02-27 16:39:52', '2026-02-27 16:39:52'),
(14, 10, 36, 'DOS AIR ZUUR PEGASUS 12X1000 ML', '12 X 1000 ML', 9, 'AZP1L', 3000, 5, 15000, 1, '2026-02-28 04:34:32', '2026-02-28 04:34:32'),
(15, 11, 23, 'Dos RCH 4 x 5 liter', 'Dos RCH 4 x 5 liter ROTAMA', 7, 'DOSRCH', 5000, 10, 50000, 1, '2026-03-10 17:15:17', '2026-03-10 17:15:17'),
(16, 12, 23, 'Dos RCH 4 x 5 liter', 'Dos RCH 4 x 5 liter ROTAMA', 7, 'DOSRCH', 5000, 100, 500000, 1, '2026-03-10 17:25:12', '2026-03-10 17:25:12'),
(17, 13, 48, 'Minyak Rem Preston Merah DOS', 'DOS PRESTON', 7, 'MERAAHUAE', 100000, 10, 1000000, 1, '2026-03-14 00:57:50', '2026-03-14 00:57:50'),
(18, 13, 50, 'Minyak Rem Preston Merah PCS', 'PCS PRESTON', 9, '01933189', 10000, 2, 20000, 1, '2026-03-14 00:57:50', '2026-03-14 00:57:50'),
(19, 14, 48, 'Minyak Rem Preston Merah DOS', 'DOS PRESTON', 7, 'MERAAHUAE', 100000, 10, 1000000, 1, '2026-03-14 01:03:06', '2026-03-14 01:03:06');

-- --------------------------------------------------------

--
-- Table structure for table `purchase_order_detail_invoices`
--

CREATE TABLE `purchase_order_detail_invoices` (
  `poi_id` int(10) UNSIGNED NOT NULL,
  `po_id` int(10) UNSIGNED NOT NULL,
  `poi_date` varchar(100) NOT NULL,
  `poi_due` varchar(100) NOT NULL,
  `poi_code` varchar(100) NOT NULL,
  `poi_total` int(11) NOT NULL,
  `bank_id` int(11) DEFAULT NULL,
  `status` tinyint(4) NOT NULL DEFAULT 1,
  `created_at` timestamp NULL DEFAULT NULL,
  `updated_at` timestamp NULL DEFAULT NULL
) ENGINE=InnoDB DEFAULT CHARSET=utf8mb4 COLLATE=utf8mb4_unicode_ci;

--
-- Dumping data for table `purchase_order_detail_invoices`
--

INSERT INTO `purchase_order_detail_invoices` (`poi_id`, `po_id`, `poi_date`, `poi_due`, `poi_code`, `poi_total`, `bank_id`, `status`, `created_at`, `updated_at`) VALUES
(1, 1, '2026-02-02', '2026-03-04', 'INV0001', 100000, 2, 1, '2026-02-02 01:04:31', '2026-02-02 01:04:31'),
(2, 2, '2026-02-02', '2026-03-04', 'INV0002', 200000, 1, 1, '2026-02-02 16:43:11', '2026-02-02 16:57:00'),
(3, 3, '2026-02-03', '2026-03-05', 'INV0003', 5000, 1, 1, '2026-02-02 17:01:44', '2026-02-02 17:03:00'),
(4, 4, '2026-02-03', '2026-03-05', 'INV0004', 25000, 2, 1, '2026-02-02 17:30:51', '2026-02-02 18:47:33'),
(5, 5, '2026-02-03', '2026-03-05', 'INV0005', 5000, 2, 1, '2026-02-02 17:32:55', '2026-02-02 17:32:55'),
(6, 6, '2026-02-05', '2026-03-07', 'INV0006', 1000000, 2, 1, '2026-02-05 10:43:40', '2026-02-05 10:43:40'),
(7, 7, '2026-02-27', '2026-03-29', 'INV0007', 7657, 1, 1, '2026-02-26 17:43:26', '2026-02-26 18:01:18'),
(8, 8, '2026-02-27', '2026-03-29', 'INV0008', 50000, 1, 1, '2026-02-27 09:12:21', '2026-02-27 09:12:21'),
(9, 10, '2026-02-28', '2026-03-30', 'INV0009', 12000, 3, 1, '2026-02-28 09:08:21', '2026-02-28 09:08:21'),
(10, 13, '2026-03-14', '2026-04-13', 'INV0010', 1020000, 3, 1, '2026-03-14 00:58:00', '2026-03-14 00:58:00'),
(11, 14, '2026-03-14', '2026-04-13', 'INV0011', 1000000, 3, 1, '2026-03-14 01:03:12', '2026-03-14 01:03:12');

-- --------------------------------------------------------

--
-- Table structure for table `purchase_order_tts`
--

CREATE TABLE `purchase_order_tts` (
  `tt_id` int(10) UNSIGNED NOT NULL,
  `tt_date` text NOT NULL,
  `tt_due` date DEFAULT NULL,
  `tt_kode` text NOT NULL,
  `tt_total` int(11) NOT NULL,
  `staff_name` varchar(250) DEFAULT NULL,
  `staffFinance_name` varchar(250) DEFAULT NULL,
  `supplier_id` int(11) DEFAULT NULL,
  `tt_image` text DEFAULT NULL,
  `status` tinyint(4) NOT NULL DEFAULT 1,
  `created_at` timestamp NULL DEFAULT NULL,
  `updated_at` timestamp NULL DEFAULT NULL
) ENGINE=InnoDB DEFAULT CHARSET=utf8mb4 COLLATE=utf8mb4_unicode_ci;

--
-- Dumping data for table `purchase_order_tts`
--

INSERT INTO `purchase_order_tts` (`tt_id`, `tt_date`, `tt_due`, `tt_kode`, `tt_total`, `staff_name`, `staffFinance_name`, `supplier_id`, `tt_image`, `status`, `created_at`, `updated_at`) VALUES
(1, '2026-02-03', '2026-03-05', 'F-0001', 5000, 'Super Admin', 'Super Admin', 15, 'upload/supplier/6980f0ec267d8.png', 2, '2026-02-02 18:45:48', '2026-02-02 18:46:04'),
(2, '2026-02-03', '2026-03-05', 'F-0002', 22500, 'Super Admin', 'Super Admin', 15, 'upload/supplier/6980f137306ca.png', 2, '2026-02-02 18:46:59', '2026-02-02 18:47:19'),
(3, '2026-02-03', '2026-03-05', 'CH-0001', 5000, 'Super Admin', 'Super Admin', 2, 'upload/supplier/6980f410a8ea9.png', 2, '2026-02-02 18:59:14', '2026-02-02 18:59:28'),
(4, '2026-02-05', '2026-03-07', 'F-0003', 1000000, 'Super Admin', 'Super Admin', 15, 'upload/supplier/69847690c1b6a.png', 2, '2026-02-05 10:52:12', '2026-02-05 10:53:04'),
(5, '2026-02-21', '2026-03-04', 'CH-0002', 200000, 'Super Admin', NULL, 2, NULL, 1, '2026-02-21 06:32:20', '2026-02-21 06:32:20'),
(6, '2026-03-14', '2026-03-29', 'CH-0003', 57657, 'Super Admin', NULL, 2, NULL, 1, '2026-03-14 03:29:48', '2026-03-14 03:29:48'),
(7, '2026-03-14', '2026-04-06', 'DJS-0001', 1032000, 'Super Admin', NULL, 19, NULL, 1, '2026-03-14 03:45:08', '2026-03-14 03:45:08');

-- --------------------------------------------------------

--
-- Table structure for table `return_supplies`
--

CREATE TABLE `return_supplies` (
  `rs_id` int(11) NOT NULL,
  `po_id` int(11) NOT NULL,
  `pi_id` int(11) NOT NULL,
  `rs_date` date NOT NULL,
  `rs_notes` varchar(255) DEFAULT NULL,
  `rs_total` int(11) NOT NULL,
  `status` int(11) NOT NULL DEFAULT 1,
  `created_at` timestamp NULL DEFAULT current_timestamp(),
  `updated_at` timestamp NULL DEFAULT current_timestamp() ON UPDATE current_timestamp()
) ENGINE=InnoDB DEFAULT CHARSET=latin1 COLLATE=latin1_swedish_ci;

--
-- Dumping data for table `return_supplies`
--

INSERT INTO `return_supplies` (`rs_id`, `po_id`, `pi_id`, `rs_date`, `rs_notes`, `rs_total`, `status`, `created_at`, `updated_at`) VALUES
(1, 7, 7, '2026-02-27', 'retur', 4900, 0, '2026-02-26 17:44:02', '2026-02-26 17:45:19'),
(2, 7, 8, '2026-02-27', 'retur', 123, 1, '2026-02-26 17:45:03', '2026-02-26 17:45:03'),
(3, 9, 12, '2026-02-27', 'retur', 1500, 0, '2026-02-27 16:47:54', '2026-02-27 17:05:54'),
(4, 9, 1, '2026-02-28', 'retur', 1500, 0, '2026-02-27 17:10:47', '2026-02-27 17:11:40'),
(5, 10, 2, '2026-02-28', 'RETIUR', 3000, 1, '2026-02-28 09:08:12', '2026-02-28 09:08:12'),
(6, 12, 3, '2026-03-15', 'retur', 2000, 0, '2026-03-15 13:51:37', '2026-03-15 13:52:11');

-- --------------------------------------------------------

--
-- Table structure for table `return_supplies_detail`
--

CREATE TABLE `return_supplies_detail` (
  `rsd_id` int(11) NOT NULL,
  `rs_id` int(11) NOT NULL,
  `pid_id` int(11) NOT NULL,
  `supplies_variant_id` int(11) NOT NULL,
  `unit_id` int(11) NOT NULL,
  `rsd_qty` int(11) NOT NULL,
  `rsd_price` int(11) NOT NULL,
  `status` int(11) NOT NULL DEFAULT 1,
  `created_at` timestamp NULL DEFAULT current_timestamp(),
  `updated_at` timestamp NULL DEFAULT current_timestamp() ON UPDATE current_timestamp()
) ENGINE=InnoDB DEFAULT CHARSET=latin1 COLLATE=latin1_swedish_ci;

--
-- Dumping data for table `return_supplies_detail`
--

INSERT INTO `return_supplies_detail` (`rsd_id`, `rs_id`, `pid_id`, `supplies_variant_id`, `unit_id`, `rsd_qty`, `rsd_price`, `status`, `created_at`, `updated_at`) VALUES
(1, 1, 10, 24, 7, 1, 4900, 0, '2026-02-26 17:44:02', '2026-02-26 17:45:19'),
(2, 2, 11, 43, 1, 1, 123, 1, '2026-02-26 17:45:03', '2026-02-26 17:45:03'),
(3, 3, 13, 30, 9, 5, 100, 0, '2026-02-27 16:47:54', '2026-02-27 17:05:54'),
(4, 3, 14, 40, 9, 1, 1000, 0, '2026-02-27 16:47:54', '2026-02-27 17:05:54'),
(5, 4, 1, 30, 9, 10, 100, 0, '2026-02-27 17:10:47', '2026-02-27 17:11:40'),
(6, 4, 2, 31, 9, 10, 50, 0, '2026-02-27 17:10:47', '2026-02-27 17:11:40'),
(7, 5, 3, 36, 9, 1, 3000, 1, '2026-02-28 09:08:12', '2026-02-28 09:08:12'),
(8, 6, 4, 28, 9, 10, 100, 0, '2026-03-15 13:51:37', '2026-03-15 13:52:11'),
(9, 6, 5, 27, 7, 10, 100, 0, '2026-03-15 13:51:37', '2026-03-15 13:52:11');

-- --------------------------------------------------------

--
-- Table structure for table `roles`
--

CREATE TABLE `roles` (
  `role_id` int(11) NOT NULL,
  `role_name` varchar(255) NOT NULL,
  `role_access` text NOT NULL,
  `status` tinyint(1) DEFAULT 1 COMMENT '1 = active, 0 = inactive',
  `created_at` timestamp NULL DEFAULT NULL,
  `updated_at` timestamp NULL DEFAULT NULL
) ENGINE=InnoDB DEFAULT CHARSET=utf8mb4 COLLATE=utf8mb4_0900_ai_ci;

--
-- Dumping data for table `roles`
--

INSERT INTO `roles` (`role_id`, `role_name`, `role_access`, `status`, `created_at`, `updated_at`) VALUES
(-1, 'Super Admin', '[{\"name\":\"Kategori\",\"akses\":[\"create\",\"edit\",\"delete\",\"view\",\"others\"]},{\"name\":\"Satuan\",\"akses\":[\"create\",\"edit\",\"delete\",\"view\",\"others\"]},{\"name\":\"Variasi\",\"akses\":[\"create\",\"edit\",\"delete\",\"view\",\"others\"]},{\"name\":\"Daftar Produk\",\"akses\":[\"create\",\"edit\",\"delete\",\"view\",\"others\"]},{\"name\":\"Stok Produk\",\"akses\":[\"create\",\"edit\",\"delete\",\"view\",\"others\"]},{\"name\":\"Daftar Bahan Mentah\",\"akses\":[\"create\",\"edit\",\"delete\",\"view\",\"others\"]},{\"name\":\"Stok Bahan Mentah\",\"akses\":[\"create\",\"edit\",\"delete\",\"view\",\"others\"]},{\"name\":\"Armada\",\"akses\":[\"create\",\"edit\",\"delete\",\"view\",\"others\"]},{\"name\":\"Pemasok\",\"akses\":[\"create\",\"edit\",\"delete\",\"view\",\"others\"]},{\"name\":\"Produk Bermasalah\",\"akses\":[\"create\",\"edit\",\"delete\",\"view\",\"others\"]},{\"name\":\"Peringatan Stok Produk\",\"akses\":[\"create\",\"edit\",\"delete\",\"view\",\"others\"]},{\"name\":\"Peringatan Stok Bahan Mentah\",\"akses\":[\"create\",\"edit\",\"delete\",\"view\",\"others\"]},{\"name\":\"Stok Opname Produk\",\"akses\":[\"create\",\"edit\",\"delete\",\"view\",\"others\"]},{\"name\":\"Stok Opname Bahan Mentah\",\"akses\":[\"create\",\"edit\",\"delete\",\"view\",\"others\"]},{\"name\":\"Pengiriman\",\"akses\":[\"create\",\"edit\",\"delete\",\"view\",\"others\"]},{\"name\":\"Pembelian\",\"akses\":[\"create\",\"edit\",\"delete\",\"view\",\"others\"]},{\"name\":\"Tanda Terima PO\",\"akses\":[\"create\",\"edit\",\"delete\",\"view\",\"others\"]},{\"name\":\"Resep Bahan Mentah\",\"akses\":[\"create\",\"edit\",\"delete\",\"view\",\"others\"]},{\"name\":\"Produksi\",\"akses\":[\"create\",\"edit\",\"delete\",\"view\",\"others\"]},{\"name\":\"Bank Account\",\"akses\":[\"create\",\"edit\",\"delete\",\"view\",\"others\"]},{\"name\":\"Hutang\",\"akses\":[\"create\",\"edit\",\"delete\",\"view\",\"others\"]},{\"name\":\"Kategori Kas\",\"akses\":[\"create\",\"edit\",\"delete\",\"view\",\"others\"]},{\"name\":\"Kas Operasional\",\"akses\":[\"create\",\"edit\",\"delete\",\"view\",\"others\"]},{\"name\":\"Kas\",\"akses\":[\"create\",\"edit\",\"delete\",\"view\",\"others\"]},{\"name\":\"Pengelolaan Bahan Mentah\",\"akses\":[\"create\",\"edit\",\"delete\",\"view\",\"others\"]},{\"name\":\"Retur Produk\",\"akses\":[\"create\",\"edit\",\"delete\",\"view\",\"others\"]},{\"name\":\"Laporan Produksi\",\"akses\":[\"create\",\"edit\",\"delete\",\"view\",\"others\"]},{\"name\":\"Untung & Rugi\",\"akses\":[\"create\",\"edit\",\"delete\",\"view\",\"others\"]},{\"name\":\"Barang Masuk Keluar\",\"akses\":[\"create\",\"edit\",\"delete\",\"view\",\"others\"]},{\"name\":\"Pengguna\",\"akses\":[\"create\",\"edit\",\"delete\",\"view\",\"others\"]},{\"name\":\"Peran & Perizinan\",\"akses\":[\"create\",\"edit\",\"delete\",\"view\",\"others\"]},{\"name\":\"Profil\",\"akses\":[\"create\",\"edit\",\"delete\",\"view\",\"others\"]},{\"name\":\"Pengaturan\",\"akses\":[\"create\",\"edit\",\"delete\",\"view\",\"others\"]}]', 1, '2025-08-25 08:10:49', '2026-03-01 15:50:03'),
(2, 'Admin', '', 1, '2025-08-25 08:10:49', '2025-08-25 08:10:49'),
(3, 'Sales', '[]', 1, '2025-09-27 07:03:59', '2025-09-27 07:03:59');

-- --------------------------------------------------------

--
-- Table structure for table `sales_delivery_orders`
--

CREATE TABLE `sales_delivery_orders` (
  `sdo_id` int(11) NOT NULL,
  `so_id` int(11) NOT NULL,
  `sdo_number` varchar(10) NOT NULL,
  `sdo_receiver` varchar(150) NOT NULL,
  `sdo_date` date NOT NULL,
  `sdo_phone` varchar(50) NOT NULL,
  `sdo_desc` text DEFAULT NULL,
  `status` tinyint(4) DEFAULT 1,
  `created_at` timestamp NULL DEFAULT current_timestamp(),
  `updated_at` timestamp NULL DEFAULT current_timestamp() ON UPDATE current_timestamp()
) ENGINE=InnoDB DEFAULT CHARSET=latin1 COLLATE=latin1_swedish_ci;

-- --------------------------------------------------------

--
-- Table structure for table `sales_delivery_orders_details`
--

CREATE TABLE `sales_delivery_orders_details` (
  `sdod_id` int(11) NOT NULL,
  `sdo_id` int(11) NOT NULL,
  `product_variant_id` int(11) NOT NULL,
  `sdod_sku` varchar(50) NOT NULL,
  `sdod_qty` int(11) NOT NULL DEFAULT 0,
  `status` tinyint(4) DEFAULT 1,
  `created_at` timestamp NULL DEFAULT current_timestamp(),
  `updated_at` timestamp NULL DEFAULT current_timestamp() ON UPDATE current_timestamp()
) ENGINE=InnoDB DEFAULT CHARSET=latin1 COLLATE=latin1_swedish_ci;

-- --------------------------------------------------------

--
-- Table structure for table `sales_orders`
--

CREATE TABLE `sales_orders` (
  `so_id` int(11) NOT NULL,
  `so_number` varchar(50) NOT NULL,
  `so_date` date NOT NULL,
  `so_customer` varchar(255) NOT NULL,
  `so_invoice_no` varchar(200) NOT NULL,
  `so_total` int(11) NOT NULL DEFAULT 0,
  `so_discount` int(11) DEFAULT 0,
  `so_ppn` int(11) DEFAULT 0,
  `so_cost` int(11) DEFAULT 0,
  `so_img` longtext NOT NULL,
  `status` tinyint(4) NOT NULL DEFAULT 1 COMMENT '1 = Created, 2 = Confirmed, 3 = Completed',
  `so_paid` int(11) DEFAULT 0,
  `so_difference` int(11) DEFAULT 0,
  `so_cashier` int(11) DEFAULT NULL,
  `created_at` timestamp NULL DEFAULT NULL,
  `updated_at` timestamp NULL DEFAULT NULL
) ENGINE=InnoDB DEFAULT CHARSET=utf8mb4 COLLATE=utf8mb4_0900_ai_ci;

--
-- Dumping data for table `sales_orders`
--

INSERT INTO `sales_orders` (`so_id`, `so_number`, `so_date`, `so_customer`, `so_invoice_no`, `so_total`, `so_discount`, `so_ppn`, `so_cost`, `so_img`, `status`, `so_paid`, `so_difference`, `so_cashier`, `created_at`, `updated_at`) VALUES
(1, 'SO0001', '2026-01-29', '5', 'INV0001', 894000, 0, 0, 0, '[\"photo_697b11d05938e.png\"]', 1, 0, 0, NULL, '2026-01-29 07:52:48', '2026-01-29 07:52:48'),
(2, 'SO0002', '2026-01-29', '12', 'INV0002', 570000, 0, 0, 0, '[\"photo_697b121366764.png\"]', 1, 0, 0, NULL, '2026-01-29 07:53:55', '2026-01-29 07:53:55'),
(3, 'SO0003', '2026-02-03', '5', 'INV0003', 648000, 0, 0, 0, '[\"photo_6980e6ab8e723.png\"]', 1, 0, 0, NULL, '2026-02-02 18:02:19', '2026-02-02 18:02:19'),
(4, 'SO0004', '2026-02-03', '12', 'INV0004', 453600, 0, 0, 0, '[\"photo_6980e70f50403.png\"]', 1, 0, 0, NULL, '2026-02-02 18:03:59', '2026-02-02 18:03:59'),
(5, 'SO0005', '2026-02-03', '15', 'INV0005', 1620000, 0, 0, 0, '[\"photo_6980e7510e7e2.png\",\"photo_6980e7510ebd1.png\"]', 0, 0, 0, NULL, '2026-02-02 18:05:05', '2026-02-02 18:06:55'),
(6, 'SO0006', '2026-02-03', '5', 'INV0006', 570000, 0, 0, 0, '[\"photo_698217526a2c7.png\"]', 1, 0, 0, NULL, '2026-02-03 15:42:10', '2026-02-03 15:42:10'),
(7, 'SO0007', '2026-02-05', '15', 'INV0007', 0, 0, 0, 0, '[\"photo_698476ead6f65.png\"]', 1, 0, 0, NULL, '2026-02-05 10:54:34', '2026-02-05 10:54:34'),
(8, 'SO0008', '2026-02-06', '5', 'INV0008', 0, 0, 0, 0, '[\"photo_6985a79ec3d4d.png\"]', 1, 0, 0, NULL, '2026-02-06 08:34:38', '2026-02-06 08:34:38'),
(9, 'SO0009', '2026-02-06', '5', 'INV0009', 0, 0, 0, 0, '[\"photo_6985a8af3fb59.png\"]', 1, 0, 0, NULL, '2026-02-06 08:39:11', '2026-02-06 08:39:11'),
(10, 'SO0010', '2026-02-07', '5', 'INV0010', 1140000, 0, 0, 0, '[\"photo_6986881b9df2d.png\"]', 1, 0, 0, NULL, '2026-02-07 00:32:27', '2026-02-07 00:32:27'),
(11, 'SO0011', '2026-02-07', '5', 'INV0011', 2736000, 0, 0, 0, '[\"photo_6986e725f3e95.png\"]', 1, 0, 0, NULL, '2026-02-07 07:17:58', '2026-02-07 07:17:58'),
(12, 'SO0012', '2026-02-19', '5', 'INV0012', 57000, 0, 0, 0, '[\"photo_6996f368dffab.png\"]', 1, 0, 0, NULL, '2026-02-19 11:26:32', '2026-02-19 11:26:32');

-- --------------------------------------------------------

--
-- Table structure for table `sales_order_details`
--

CREATE TABLE `sales_order_details` (
  `sod_id` int(11) NOT NULL,
  `so_id` int(11) NOT NULL,
  `product_variant_id` int(11) NOT NULL,
  `unit_id` int(11) NOT NULL,
  `sod_nama` varchar(255) NOT NULL,
  `sod_variant` varchar(255) DEFAULT NULL,
  `sod_sku` varchar(100) DEFAULT NULL,
  `sod_harga` int(11) NOT NULL,
  `sod_qty` int(11) NOT NULL,
  `sod_subtotal` int(11) NOT NULL,
  `status` tinyint(4) DEFAULT 1 COMMENT '1 = active, 0 = inactive',
  `created_at` timestamp NULL DEFAULT NULL,
  `updated_at` timestamp NULL DEFAULT NULL
) ENGINE=InnoDB DEFAULT CHARSET=utf8mb4 COLLATE=utf8mb4_0900_ai_ci;

--
-- Dumping data for table `sales_order_details`
--

INSERT INTO `sales_order_details` (`sod_id`, `so_id`, `product_variant_id`, `unit_id`, `sod_nama`, `sod_variant`, `sod_sku`, `sod_harga`, `sod_qty`, `sod_subtotal`, `status`, `created_at`, `updated_at`) VALUES
(1, 1, 31, 9, 'Air Aki Pegasus', '12 x 1000 ml', 'AAP1000', 57000, 10, 570000, 1, '2026-01-29 07:52:48', '2026-01-29 07:52:48'),
(2, 1, 33, 7, 'Air Aki Pegasus', '12 x 1500 ml', 'AAP1500', 64800, 5, 324000, 1, '2026-01-29 07:52:48', '2026-01-29 07:52:48'),
(3, 2, 31, 9, 'Air Aki Pegasus', '12 x 1000 ml', 'AAP1000', 57000, 10, 570000, 1, '2026-01-29 07:53:55', '2026-01-29 07:53:55'),
(4, 3, 33, 9, 'Air Aki Pegasus', '12 x 1500 ml', 'AAP1500', 64800, 10, 648000, 1, '2026-02-02 18:02:19', '2026-02-02 18:02:19'),
(5, 4, 33, 9, 'Air Aki Pegasus', '12 x 1500 ml', 'AAP1500', 64800, 7, 453600, 1, '2026-02-02 18:03:59', '2026-02-02 18:03:59'),
(6, 5, 33, 9, 'Air Aki Pegasus', '12 x 1500 ml', 'AAP1500', 64800, 15, 972000, 0, '2026-02-02 18:05:05', '2026-02-02 18:06:12'),
(7, 5, 33, 9, 'Air Aki Pegasus', '12 x 1500 ml', 'AAP1500', 64800, 25, 1620000, 0, '2026-02-02 18:06:12', '2026-02-02 18:06:55'),
(8, 6, 31, 7, 'Air Aki Pegasus', '12 x 1000 ml', 'AAP1000', 57000, 10, 570000, 1, '2026-02-03 15:42:10', '2026-02-03 15:42:10'),
(9, 7, 74, 9, 'Shampoo Pegasus', '12 x 1000 ml', 'SP1000ML', 0, 20, 0, 1, '2026-02-05 10:54:34', '2026-02-05 10:54:34'),
(10, 8, 74, 9, 'Shampoo Pegasus', '12 x 1000 ml', 'SP1000ML', 0, 1, 0, 1, '2026-02-06 08:34:38', '2026-02-06 08:34:38'),
(11, 9, 74, 7, 'Shampoo Pegasus', '12 x 1000 ml', 'SP1000ML', 0, 2, 0, 1, '2026-02-06 08:39:11', '2026-02-06 08:39:11'),
(12, 10, 31, 9, 'Air Aki Pegasus', '12 x 1000 ml', 'AAP1000', 57000, 20, 1140000, 1, '2026-02-07 00:32:27', '2026-02-07 00:32:27'),
(13, 11, 31, 9, 'Air Aki Pegasus', '12 x 1000 ml', 'AAP1000', 57000, 48, 2736000, 1, '2026-02-07 07:17:58', '2026-02-07 07:17:58'),
(14, 12, 31, 7, 'Air Aki Pegasus', '12 x 1000 ml', 'AAP1000', 57000, 1, 57000, 1, '2026-02-19 11:26:32', '2026-02-19 11:26:32');

-- --------------------------------------------------------

--
-- Table structure for table `sales_order_detail_invoices`
--

CREATE TABLE `sales_order_detail_invoices` (
  `soi_id` int(10) UNSIGNED NOT NULL,
  `so_id` int(10) UNSIGNED NOT NULL,
  `soi_date` varchar(100) NOT NULL,
  `soi_due` varchar(100) NOT NULL,
  `soi_code` varchar(100) NOT NULL,
  `soi_total` int(11) NOT NULL,
  `status` tinyint(4) NOT NULL DEFAULT 1,
  `created_at` timestamp NULL DEFAULT NULL,
  `updated_at` timestamp NULL DEFAULT NULL
) ENGINE=InnoDB DEFAULT CHARSET=utf8mb4 COLLATE=utf8mb4_unicode_ci;

-- --------------------------------------------------------

--
-- Table structure for table `sessions`
--

CREATE TABLE `sessions` (
  `id` varchar(255) NOT NULL,
  `user_id` bigint(20) UNSIGNED DEFAULT NULL,
  `ip_address` varchar(45) DEFAULT NULL,
  `user_agent` text DEFAULT NULL,
  `payload` longtext NOT NULL,
  `last_activity` int(11) NOT NULL
) ENGINE=InnoDB DEFAULT CHARSET=utf8mb4 COLLATE=utf8mb4_unicode_ci;

--
-- Dumping data for table `sessions`
--

INSERT INTO `sessions` (`id`, `user_id`, `ip_address`, `user_agent`, `payload`, `last_activity`) VALUES
('4YS35TOX6TOB7Myw7WKdME4V9mIHKdEgt5wU0Qs1', NULL, '45.148.10.62', 'Mozilla/5.0 (Windows NT 10.0; Win64; x64) AppleWebKit/537.36 (KHTML, like Gecko) Chrome/91.0.4472.124 Safari/537.36', 'YTozOntzOjY6Il90b2tlbiI7czo0MDoic01UWkpweUdiZHlRdGhWZ2RzSEZ2Z1NvMElsOXZRUFFlS1VXdXc5aCI7czo5OiJfcHJldmlvdXMiO2E6MTp7czozOiJ1cmwiO3M6MzY6Imh0dHBzOi8vd3d3LnNwZWdhc3VzLm9rZWpvYi5pZC9sb2dpbiI7fXM6NjoiX2ZsYXNoIjthOjI6e3M6Mzoib2xkIjthOjA6e31zOjM6Im5ldyI7YTowOnt9fX0=', 1774489501),
('CIDPyOOE3mM5H2ayTAxsakn4t8623BvgxDXsOily', NULL, '182.8.98.74', 'Mozilla/5.0 (iPad; CPU OS 18_7 like Mac OS X) AppleWebKit/605.1.15 (KHTML, like Gecko) Version/26.3 Mobile/15E148 Safari/604.1', 'YTozOntzOjY6Il90b2tlbiI7czo0MDoiSTlITGFNd0NYY1I2bWVWQzJxVHVLWEtxbEoweDdsRjBOd3lvbzd3ZiI7czo5OiJfcHJldmlvdXMiO2E6MTp7czozOiJ1cmwiO3M6MzI6Imh0dHBzOi8vc3BlZ2FzdXMub2tlam9iLmlkL2xvZ2luIjt9czo2OiJfZmxhc2giO2E6Mjp7czozOiJvbGQiO2E6MDp7fXM6MzoibmV3IjthOjA6e319fQ==', 1774500756),
('En8qMEuWwbGxtiifFPL8ZXvvnMBdaqA7UFRTZ3fs', NULL, '2602:80d:1007::2b', 'Mozilla/5.0 (compatible; CensysInspect/1.1; +https://about.censys.io/)', 'YTozOntzOjY6Il90b2tlbiI7czo0MDoiRWwyVVR0a0NtQTVxc1RlWmFqNGZEWG9SNFFGbzVPRWtQT2FEbTlUciI7czo5OiJfcHJldmlvdXMiO2E6MTp7czozOiJ1cmwiO3M6MzY6Imh0dHBzOi8vd3d3LnNwZWdhc3VzLm9rZWpvYi5pZC9sb2dpbiI7fXM6NjoiX2ZsYXNoIjthOjI6e3M6Mzoib2xkIjthOjA6e31zOjM6Im5ldyI7YTowOnt9fX0=', 1774490929),
('hddx2zcYcWv4qcaFK6rkq37ikkZrFvwGz5AxrbmI', NULL, '45.148.10.62', 'Mozilla/5.0 (Windows NT 10.0; Win64; x64) AppleWebKit/537.36 (KHTML, like Gecko) Chrome/91.0.4472.124 Safari/537.36', 'YTozOntzOjY6Il90b2tlbiI7czo0MDoiZXZPQ2t0bUVpWGN5enZBQmIxQ3U0SlAwa1RqRDYyN28yTEQ1NUNITiI7czo5OiJfcHJldmlvdXMiO2E6MTp7czozOiJ1cmwiO3M6MjU6Imh0dHA6Ly9zcGVnYXN1cy5va2Vqb2IuaWQiO31zOjY6Il9mbGFzaCI7YToyOntzOjM6Im9sZCI7YTowOnt9czozOiJuZXciO2E6MDp7fX19', 1774489509),
('jEeE7yg1gxD2TD55g08VJRnINH817yIRY8GpjgwH', NULL, '2602:80d:1007::2b', 'Mozilla/5.0 (compatible; CensysInspect/1.1; +https://about.censys.io/)', 'YTozOntzOjY6Il90b2tlbiI7czo0MDoicDZxb3UwMGNqWHhTRmdjeUNyRWVqZ3lUa0IxQlIzM0dUTlVXTnhmQSI7czo5OiJfcHJldmlvdXMiO2E6MTp7czozOiJ1cmwiO3M6MzA6Imh0dHBzOi8vd3d3LnNwZWdhc3VzLm9rZWpvYi5pZCI7fXM6NjoiX2ZsYXNoIjthOjI6e3M6Mzoib2xkIjthOjA6e31zOjM6Im5ldyI7YTowOnt9fX0=', 1774490921),
('lDZLfSjzcGTRrJWAho8QlV6TwMmXur3ztz3GTdaZ', NULL, '45.148.10.62', 'Mozilla/5.0 (Windows NT 10.0; Win64; x64) AppleWebKit/537.36 (KHTML, like Gecko) Chrome/91.0.4472.124 Safari/537.36', 'YTozOntzOjY6Il90b2tlbiI7czo0MDoicHA3TDh3SFlHY1EyaEZpdVNQM0ZTUEpGQlNZeFNTOXdSdnBmZmhIaiI7czo5OiJfcHJldmlvdXMiO2E6MTp7czozOiJ1cmwiO3M6MzA6Imh0dHBzOi8vd3d3LnNwZWdhc3VzLm9rZWpvYi5pZCI7fXM6NjoiX2ZsYXNoIjthOjI6e3M6Mzoib2xkIjthOjA6e31zOjM6Im5ldyI7YTowOnt9fX0=', 1774489495),
('NaNcRlCPW3PVTtkMuviNz8nGJrQn1lrqHYtYCiMw', NULL, '45.148.10.62', 'Mozilla/5.0 (Windows NT 10.0; Win64; x64) AppleWebKit/537.36 (KHTML, like Gecko) Chrome/91.0.4472.124 Safari/537.36', 'YTozOntzOjY6Il90b2tlbiI7czo0MDoiVjZQTWdUZ3htSW5XWjhTc1lxUlExbm56Y0t1NmNpRkNrUGlnSDNtdyI7czo5OiJfcHJldmlvdXMiO2E6MTp7czozOiJ1cmwiO3M6MzY6Imh0dHBzOi8vd3d3LnNwZWdhc3VzLm9rZWpvYi5pZC9sb2dpbiI7fXM6NjoiX2ZsYXNoIjthOjI6e3M6Mzoib2xkIjthOjA6e31zOjM6Im5ldyI7YTowOnt9fX0=', 1774489507),
('NpQxGUhcrauupGfCdVb8P6lIepfpAeOqV7zT96qy', NULL, '45.148.10.62', 'Mozilla/5.0 (Windows NT 10.0; Win64; x64) AppleWebKit/537.36 (KHTML, like Gecko) Chrome/91.0.4472.124 Safari/537.36', 'YTozOntzOjY6Il90b2tlbiI7czo0MDoiYlgxdkRrT25rYjRRTU42MnVlaHY1VlNkWGEzVDlLQ0c2QXcxWFJjQSI7czo5OiJfcHJldmlvdXMiO2E6MTp7czozOiJ1cmwiO3M6MzA6Imh0dHBzOi8vd3d3LnNwZWdhc3VzLm9rZWpvYi5pZCI7fXM6NjoiX2ZsYXNoIjthOjI6e3M6Mzoib2xkIjthOjA6e31zOjM6Im5ldyI7YTowOnt9fX0=', 1774489534),
('o4pRQ08ndNLtvVm5ynmVfvf3Hnm9t4RRKm2LGEyB', NULL, '45.148.10.62', 'Mozilla/5.0 (Windows NT 10.0; Win64; x64) AppleWebKit/537.36 (KHTML, like Gecko) Chrome/91.0.4472.124 Safari/537.36', 'YTozOntzOjY6Il90b2tlbiI7czo0MDoiSUFEMjVDeHJwTVJ1ZlRPZXZhMVlhbzdjZWlkYll1SHJWUzRUVG9saiI7czo5OiJfcHJldmlvdXMiO2E6MTp7czozOiJ1cmwiO3M6MzY6Imh0dHBzOi8vd3d3LnNwZWdhc3VzLm9rZWpvYi5pZC9sb2dpbiI7fXM6NjoiX2ZsYXNoIjthOjI6e3M6Mzoib2xkIjthOjA6e31zOjM6Im5ldyI7YTowOnt9fX0=', 1774489496),
('rGME0wZERhk0NhuGFZBK0Jv8lkU7FiML3YAB9B7X', NULL, '74.7.241.10', 'Mozilla/5.0 AppleWebKit/537.36 (KHTML, like Gecko; compatible; GPTBot/1.3; +https://openai.com/gptbot)', 'YTozOntzOjY6Il90b2tlbiI7czo0MDoiNTdXcFdPd25IeWpDY0lKUXJ6amYxd3F5cjFXajZQTFphdlhyd1dibCI7czo5OiJfcHJldmlvdXMiO2E6MTp7czozOiJ1cmwiO3M6MzI6Imh0dHBzOi8vc3BlZ2FzdXMub2tlam9iLmlkL2xvZ2luIjt9czo2OiJfZmxhc2giO2E6Mjp7czozOiJvbGQiO2E6MDp7fXM6MzoibmV3IjthOjA6e319fQ==', 1774498134),
('UD2vl6IPFLMif9ZyVd76a79IMxD0XIZnGYw6g44W', NULL, '45.148.10.62', 'Mozilla/5.0 (Windows NT 10.0; Win64; x64) AppleWebKit/537.36 (KHTML, like Gecko) Chrome/91.0.4472.124 Safari/537.36', 'YTozOntzOjY6Il90b2tlbiI7czo0MDoieDFIUVlUN1dBa3lkeUs2TGNGUE56YXVxVmUxN1Vpc2RLamxsZ3NCdyI7czo5OiJfcHJldmlvdXMiO2E6MTp7czozOiJ1cmwiO3M6MzE6Imh0dHA6Ly9zcGVnYXN1cy5va2Vqb2IuaWQvbG9naW4iO31zOjY6Il9mbGFzaCI7YToyOntzOjM6Im9sZCI7YTowOnt9czozOiJuZXciO2E6MDp7fX19', 1774489512),
('VcIBXUeWo9OoTubcK5xM7p4UYucp40rPum6OBcn2', NULL, '45.148.10.62', 'Mozilla/5.0 (Windows NT 10.0; Win64; x64) AppleWebKit/537.36 (KHTML, like Gecko) Chrome/91.0.4472.124 Safari/537.36', 'YTozOntzOjY6Il90b2tlbiI7czo0MDoiQUpTOG5LZHFJbUdyN1Y4dXJ1bERrQWltak9JcGxJTTJUSjZ5YXhZdiI7czo5OiJfcHJldmlvdXMiO2E6MTp7czozOiJ1cmwiO3M6MzY6Imh0dHBzOi8vd3d3LnNwZWdhc3VzLm9rZWpvYi5pZC9sb2dpbiI7fXM6NjoiX2ZsYXNoIjthOjI6e3M6Mzoib2xkIjthOjA6e31zOjM6Im5ldyI7YTowOnt9fX0=', 1774489536),
('vcvsq32BEURs5KZ2ylmYedJoeA0MQdX5AQgyyJtn', NULL, '45.148.10.62', '', 'YTozOntzOjY6Il90b2tlbiI7czo0MDoiR2lKNElVSUFGSm5JTWJzRVZIbEV6YXhreDZtUGVJbDdKdHRnMGFQZCI7czo5OiJfcHJldmlvdXMiO2E6MTp7czozOiJ1cmwiO3M6MjU6Imh0dHA6Ly9zcGVnYXN1cy5va2Vqb2IuaWQiO31zOjY6Il9mbGFzaCI7YToyOntzOjM6Im9sZCI7YTowOnt9czozOiJuZXciO2E6MDp7fX19', 1774489547),
('vwUDvrO0QTWZrLIe2SpHellihG731OqH4d1my9O6', NULL, '45.148.10.62', 'Mozilla/5.0 (Windows NT 10.0; Win64; x64) AppleWebKit/537.36 (KHTML, like Gecko) Chrome/91.0.4472.124 Safari/537.36', 'YTozOntzOjY6Il90b2tlbiI7czo0MDoiUE9xZmoxUWRLQVJBUXpMeXdDc2RlZW1OVzd3eG82UTBITFNRSnNrTSI7czo5OiJfcHJldmlvdXMiO2E6MTp7czozOiJ1cmwiO3M6MzA6Imh0dHBzOi8vd3d3LnNwZWdhc3VzLm9rZWpvYi5pZCI7fXM6NjoiX2ZsYXNoIjthOjI6e3M6Mzoib2xkIjthOjA6e31zOjM6Im5ldyI7YTowOnt9fX0=', 1774489499),
('wBs2nvBgoAmhKYepIZsblE7atrCrRGDL8bZk2qYN', NULL, '45.148.10.62', 'Mozilla/5.0 (Windows NT 10.0; Win64; x64) AppleWebKit/537.36 (KHTML, like Gecko) Chrome/91.0.4472.124 Safari/537.36', 'YTozOntzOjY6Il90b2tlbiI7czo0MDoiQkV4eVNXdHoySnZIczltdXJjTWZmczZsVUVyZUFTamhmNDBjaE5XQiI7czo5OiJfcHJldmlvdXMiO2E6MTp7czozOiJ1cmwiO3M6MjU6Imh0dHA6Ly9zcGVnYXN1cy5va2Vqb2IuaWQiO31zOjY6Il9mbGFzaCI7YToyOntzOjM6Im9sZCI7YTowOnt9czozOiJuZXciO2E6MDp7fX19', 1774489549),
('XMOJgglJJSSfs9DiojEIdb9FLkxA6fbB6I0jMldz', NULL, '45.148.10.62', 'Mozilla/5.0 (Windows NT 10.0; Win64; x64) AppleWebKit/537.36 (KHTML, like Gecko) Chrome/91.0.4472.124 Safari/537.36', 'YTozOntzOjY6Il90b2tlbiI7czo0MDoiTDJrTWlVNnNOTnpSRFQzWFRoOUFieVFGNGdFcDVWNHFnOHNDS2NITSI7czo5OiJfcHJldmlvdXMiO2E6MTp7czozOiJ1cmwiO3M6MzE6Imh0dHA6Ly9zcGVnYXN1cy5va2Vqb2IuaWQvbG9naW4iO31zOjY6Il9mbGFzaCI7YToyOntzOjM6Im9sZCI7YTowOnt9czozOiJuZXciO2E6MDp7fX19', 1774489553);

-- --------------------------------------------------------

--
-- Table structure for table `settings`
--

CREATE TABLE `settings` (
  `setting_id` int(11) NOT NULL,
  `setting_key` varchar(255) NOT NULL,
  `setting_value` text DEFAULT NULL,
  `created_at` timestamp NULL DEFAULT NULL,
  `updated_at` timestamp NULL DEFAULT NULL
) ENGINE=InnoDB DEFAULT CHARSET=utf8mb4 COLLATE=utf8mb4_0900_ai_ci;

--
-- Dumping data for table `settings`
--

INSERT INTO `settings` (`setting_id`, `setting_key`, `setting_value`, `created_at`, `updated_at`) VALUES
(1, 'company_name', 'Pegasus', '2025-08-25 21:36:20', '2025-08-25 21:36:20'),
(2, 'company_email', 'pegasus@mail.com', '2025-08-25 21:36:20', '2025-08-25 21:36:20'),
(3, 'company_phone', '02112345678', '2025-08-25 21:36:20', '2025-08-25 21:36:20'),
(4, 'company_address', 'Jl. Contoh No. 1 Jakarta', '2025-08-25 21:36:20', '2025-08-25 21:36:20'),
(5, 'company_logo', 'upload/logo/logo.png', '2025-08-25 21:36:20', '2025-08-25 21:36:20'),
(6, 'invoice_prefix', 'INV', '2025-08-25 21:36:20', '2025-08-25 21:36:20'),
(7, 'tax_rate', '10', '2025-08-25 21:36:20', '2025-08-25 21:36:20'),
(8, 'currency', 'Rp', '2025-08-25 21:36:20', '2025-08-25 21:36:20'),
(9, 'language', 'id', '2025-08-25 21:36:20', '2025-08-25 21:36:20'),
(10, 'theme_color', '#3490dc', '2025-08-25 21:36:20', '2025-08-25 21:36:20'),
(11, 'maintenance_mode', '0', '2025-08-25 21:36:20', '2025-08-25 21:36:20');

-- --------------------------------------------------------

--
-- Table structure for table `staffs`
--

CREATE TABLE `staffs` (
  `staff_id` int(11) NOT NULL,
  `staff_name` varchar(255) NOT NULL,
  `staff_code` varchar(255) DEFAULT NULL,
  `staff_email` varchar(255) DEFAULT NULL,
  `staff_phone` varchar(50) DEFAULT NULL,
  `staff_address` text DEFAULT NULL,
  `staff_notes` text DEFAULT NULL,
  `staff_username` varchar(250) DEFAULT NULL,
  `staff_password` varchar(250) DEFAULT NULL,
  `staff_saldo` int(11) NOT NULL DEFAULT 0,
  `role_id` int(11) DEFAULT NULL,
  `status` tinyint(1) DEFAULT 1 COMMENT '1 = active, 0 = inactive',
  `created_at` timestamp NULL DEFAULT NULL,
  `updated_at` timestamp NULL DEFAULT NULL
) ENGINE=InnoDB DEFAULT CHARSET=utf8mb4 COLLATE=utf8mb4_0900_ai_ci;

--
-- Dumping data for table `staffs`
--

INSERT INTO `staffs` (`staff_id`, `staff_name`, `staff_code`, `staff_email`, `staff_phone`, `staff_address`, `staff_notes`, `staff_username`, `staff_password`, `staff_saldo`, `role_id`, `status`, `created_at`, `updated_at`) VALUES
(1, 'John Doe', 'S001', 'john.doe@pegasus.com', '081234567890', 'Jl. Contoh No. 123', 'Staff Admin', NULL, NULL, 0, 3, 0, '2025-08-28 00:44:42', '2026-03-13 11:03:41'),
(2, 'Jane Smith', 'S002', 'jane.smith@pegasus.com', '081234567891', 'Jl. Contoh No. 124', 'Staff Keuangan', NULL, NULL, 0, 2, 1, '2025-08-28 00:44:42', '2025-08-28 00:44:42'),
(3, 'Petugas Gudang', 'S003', 'gudang@mail.com', '08111222333', 'Jl. Jalan 12', NULL, NULL, NULL, 0, 2, 1, '2025-08-28 03:13:51', '2025-08-28 03:14:14'),
(4, 'Supir', 'S004', 'supir@mail.com', '08111222333', 'Jl. Jalan 12', NULL, NULL, NULL, 0, 2, 1, '2025-08-28 03:17:15', '2025-08-28 03:17:15'),
(5, 'Dummy Admin', 'D-ADM', 'dummy@mail.com', '0811111111', 'Jl. Dummy', NULL, NULL, NULL, 0, 1, 0, '2025-09-04 03:48:47', '2025-09-04 03:48:47'),
(6, 'Super Admin', NULL, NULL, NULL, NULL, NULL, 'admin', '$2y$10$2jVhAsEP4bVqgqmEIGknYuIQK5ZeQ2W..dJI14vfRyG2QUmPInwsq', 0, -1, 1, NULL, NULL),
(7, 'Tommy Irwanto', NULL, 'tommy@gmail.com', '628123456789', 'Jl Maju no 14', NULL, 'tommy', '$2y$12$OTQp4x/GcAWWYhhppc4VvePmL7hWxXzuCizUBmF/whrYei7JTm9qe', 0, 3, 0, '2026-01-09 16:03:32', '2026-03-13 11:03:34'),
(8, 'Sukiyono Pasuruan', NULL, 'fnaeifnaifbai', '871312931903', '378943410', NULL, '4jognawgnfaw', '$2y$12$0S4Nvqh0zwXLfj1T6dBwJ.Kok8MppXEFmtV/uXHeXHaOce0uVp7ce', 0, 3, 1, '2026-03-13 11:03:26', '2026-03-17 04:08:57'),
(9, 'Nanang Pasuruan', NULL, 'ifnijs', '81619361983127839126', 'f138e40-1378014', NULL, '413io413p94u', '$2y$12$fpJjDE6UfMgtN4M02vSOg.yWui5QhHhFVJv3gIemWLChoZXonyjje', 0, 3, 1, '2026-03-13 11:04:16', '2026-03-17 12:18:11'),
(10, 'Nanang Jombang', NULL, '9108902380392', '18371238080321', '1823093123', NULL, '1837012372', '$2y$12$1.Eloy456tH6pFzrZ8c9ruIHwoEHH/J/wFsKj/h90YIO9/Co4zto2', 0, 3, 1, '2026-03-13 11:06:10', '2026-03-13 11:06:10'),
(11, 'Pak Hadi', NULL, 'I032731237', '13789137138219', '3712980312903y21', NULL, '1341279312903', '$2y$12$y651d2mSLocgeOFJM3f7MeAy/4fkIEvpjF5T0xWIHUFX4spvELseG', 0, 2, 1, '2026-03-13 11:38:05', '2026-03-13 11:38:24'),
(12, 'Noer EW4', NULL, '-', '8191284714781481', '237821723', NULL, '3298318', '$2y$12$1zLeIz/HsV6piFCN92rllu830gypl7IXpUSiZq8k2RvMP9rg7HtzS', 0, 3, 1, '2026-03-16 10:28:35', '2026-03-16 12:02:02'),
(13, 'Adi WW2', NULL, '0', '0', '0', NULL, '-', '$2y$12$cYtxe0.t0mib8mt5QYE99e/zVE/rQgUEn9TOnvcc9Da93fAHOln3.', 0, 3, 1, '2026-03-17 04:31:50', '2026-03-17 04:47:52');

-- --------------------------------------------------------

--
-- Table structure for table `stock_opnames`
--

CREATE TABLE `stock_opnames` (
  `sto_id` int(10) UNSIGNED NOT NULL,
  `sto_date` date NOT NULL,
  `sto_code` varchar(6) NOT NULL,
  `staff_id` int(11) NOT NULL,
  `category_id` int(11) NOT NULL,
  `sto_notes` longtext DEFAULT NULL,
  `status` tinyint(1) NOT NULL DEFAULT 1 COMMENT '1=active, 0=inactive',
  `created_at` timestamp NULL DEFAULT NULL,
  `updated_at` timestamp NULL DEFAULT NULL
) ENGINE=InnoDB DEFAULT CHARSET=utf8mb4 COLLATE=utf8mb4_unicode_ci;

--
-- Dumping data for table `stock_opnames`
--

INSERT INTO `stock_opnames` (`sto_id`, `sto_date`, `sto_code`, `staff_id`, `category_id`, `sto_notes`, `status`, `created_at`, `updated_at`) VALUES
(1, '2026-02-24', 'SP0001', 1, -1, NULL, 2, '2026-02-24 09:18:55', '2026-02-24 09:19:13');

-- --------------------------------------------------------

--
-- Table structure for table `stock_opname_bahans`
--

CREATE TABLE `stock_opname_bahans` (
  `stob_id` int(10) UNSIGNED NOT NULL,
  `stob_date` date NOT NULL,
  `stob_code` varchar(6) NOT NULL,
  `staff_id` int(11) NOT NULL,
  `stob_notes` longtext DEFAULT NULL,
  `status` tinyint(1) NOT NULL DEFAULT 1 COMMENT '1=active, 0=inactive',
  `created_at` timestamp NULL DEFAULT NULL,
  `updated_at` timestamp NULL DEFAULT NULL
) ENGINE=InnoDB DEFAULT CHARSET=utf8mb4 COLLATE=utf8mb4_general_ci;

--
-- Dumping data for table `stock_opname_bahans`
--

INSERT INTO `stock_opname_bahans` (`stob_id`, `stob_date`, `stob_code`, `staff_id`, `stob_notes`, `status`, `created_at`, `updated_at`) VALUES
(1, '2026-02-24', 'SB0001', 3, NULL, 2, '2026-02-24 09:19:50', '2026-02-24 09:20:03'),
(2, '2026-03-14', 'SB0002', 11, NULL, 1, '2026-03-14 01:14:13', '2026-03-14 01:14:13');

-- --------------------------------------------------------

--
-- Table structure for table `stock_opname_details`
--

CREATE TABLE `stock_opname_details` (
  `stod_id` int(10) UNSIGNED NOT NULL,
  `sto_id` int(11) NOT NULL,
  `product_id` int(11) NOT NULL,
  `product_variant_id` int(11) NOT NULL,
  `stod_system` longtext DEFAULT NULL,
  `stod_real` longtext DEFAULT NULL,
  `stod_selisih` longtext DEFAULT NULL,
  `stod_notes` longtext DEFAULT NULL,
  `status` tinyint(1) NOT NULL DEFAULT 1 COMMENT '1=active, 0=inactive',
  `created_at` timestamp NULL DEFAULT NULL,
  `updated_at` timestamp NULL DEFAULT NULL
) ENGINE=InnoDB DEFAULT CHARSET=utf8mb4 COLLATE=utf8mb4_unicode_ci;

--
-- Dumping data for table `stock_opname_details`
--

INSERT INTO `stock_opname_details` (`stod_id`, `sto_id`, `product_id`, `product_variant_id`, `stod_system`, `stod_real`, `stod_selisih`, `stod_notes`, `status`, `created_at`, `updated_at`) VALUES
(1, 1, 1, 31, '205 DOS, 11 pcs', '100 DOS, 10 pcs', '-105 DOS, -1 pcs', '', 1, '2026-02-24 09:18:55', '2026-02-24 09:18:55'),
(2, 1, 1, 32, '99 DOS, 20 pcs', '99 DOS, 20 pcs', '0 DOS, 0 pcs', '', 1, '2026-02-24 09:18:55', '2026-02-24 09:18:55'),
(3, 1, 1, 33, '589 DOS, 50 pcs', '589 DOS, 50 pcs', '0 DOS, 0 pcs', '', 1, '2026-02-24 09:18:55', '2026-02-24 09:18:55'),
(4, 1, 1, 34, '0 DOS, 0 pcs', '0 DOS, 0 pcs', '0 DOS, 0 pcs', '', 1, '2026-02-24 09:18:55', '2026-02-24 09:18:55'),
(5, 1, 12, 57, '1 DOS, 0 pcs, 0 jerigen', '1 DOS, 0 pcs, 0 jerigen', '0 DOS, 0 pcs, 0 jerigen', '', 1, '2026-02-24 09:18:55', '2026-02-24 09:18:55'),
(6, 1, 12, 58, '0 DOS, 0 pcs, 0 jerigen', '0 DOS, 0 pcs, 0 jerigen', '0 DOS, 0 pcs, 0 jerigen', '', 1, '2026-02-24 09:18:55', '2026-02-24 09:18:55'),
(7, 1, 12, 59, '0 DOS, 0 pcs, 0 jerigen', '0 DOS, 0 pcs, 0 jerigen', '0 DOS, 0 pcs, 0 jerigen', '', 1, '2026-02-24 09:18:55', '2026-02-24 09:18:55'),
(8, 1, 12, 60, '0 DOS, 0 pcs, 0 jerigen', '0 DOS, 0 pcs, 0 jerigen', '0 DOS, 0 pcs, 0 jerigen', '', 1, '2026-02-24 09:18:55', '2026-02-24 09:18:55'),
(9, 1, 12, 61, '0 DOS, 0 pcs, 0 jerigen', '0 DOS, 0 pcs, 0 jerigen', '0 DOS, 0 pcs, 0 jerigen', '', 1, '2026-02-24 09:18:55', '2026-02-24 09:18:55'),
(10, 1, 12, 69, '0 jerigen, 0 DOS, 0 pcs', '0 jerigen, 0 DOS, 0 pcs', '0 jerigen, 0 DOS, 0 pcs', '', 1, '2026-02-24 09:18:55', '2026-02-24 09:18:55'),
(11, 1, 19, 70, '10 pack, 10 pcs', '10 pack, 10 pcs', '0 pack, 0 pcs', '', 1, '2026-02-24 09:18:55', '2026-02-24 09:18:55'),
(12, 1, 19, 71, '10 pack, 10 pcs', '10 pack, 10 pcs', '0 pack, 0 pcs', '', 1, '2026-02-24 09:18:55', '2026-02-24 09:18:55'),
(13, 1, 21, 74, '1 DOS, 0 pcs', '1 DOS, 0 pcs', '0 DOS, 0 pcs', '', 1, '2026-02-24 09:18:55', '2026-02-24 09:18:55'),
(14, 1, 21, 75, '0 DOS, 0 pcs', '0 DOS, 0 pcs', '0 DOS, 0 pcs', '', 1, '2026-02-24 09:18:55', '2026-02-24 09:18:55'),
(15, 1, 21, 76, '0 DOS, 0 pcs', '0 DOS, 0 pcs', '0 DOS, 0 pcs', '', 1, '2026-02-24 09:18:55', '2026-02-24 09:18:55'),
(16, 1, 21, 77, '0 DOS, 0 pcs', '0 DOS, 0 pcs', '0 DOS, 0 pcs', '', 1, '2026-02-24 09:18:55', '2026-02-24 09:18:55'),
(17, 1, 21, 78, '0 DOS, 0 pcs', '0 DOS, 0 pcs', '0 DOS, 0 pcs', '', 1, '2026-02-24 09:18:55', '2026-02-24 09:18:55'),
(18, 1, 22, 79, '0 DOS, 0 pcs, 0 jerigen', '0 DOS, 0 pcs, 0 jerigen', '0 DOS, 0 pcs, 0 jerigen', '', 1, '2026-02-24 09:18:55', '2026-02-24 09:18:55'),
(19, 1, 22, 80, '0 DOS, 0 pcs, 0 jerigen', '0 DOS, 0 pcs, 0 jerigen', '0 DOS, 0 pcs, 0 jerigen', '', 1, '2026-02-24 09:18:55', '2026-02-24 09:18:55'),
(20, 1, 22, 81, '0 DOS, 0 pcs, 0 jerigen', '0 DOS, 0 pcs, 0 jerigen', '0 DOS, 0 pcs, 0 jerigen', '', 1, '2026-02-24 09:18:55', '2026-02-24 09:18:55'),
(21, 1, 24, 84, '0 pack, 0 pcs', '0 pack, 0 pcs', '0 pack, 0 pcs', '', 1, '2026-02-24 09:18:55', '2026-02-24 09:18:55'),
(22, 1, 24, 85, '0 pack, 0 pcs', '0 pack, 0 pcs', '0 pack, 0 pcs', '', 1, '2026-02-24 09:18:55', '2026-02-24 09:18:55'),
(23, 1, 24, 86, '0 pack, 0 pcs', '0 pack, 0 pcs', '0 pack, 0 pcs', '', 1, '2026-02-24 09:18:55', '2026-02-24 09:18:55'),
(24, 1, 24, 87, '0 pack, 0 pcs', '0 pack, 0 pcs', '0 pack, 0 pcs', '', 1, '2026-02-24 09:18:55', '2026-02-24 09:18:55'),
(25, 1, 24, 88, '0 pack, 0 pcs', '0 pack, 0 pcs', '0 pack, 0 pcs', '', 1, '2026-02-24 09:18:55', '2026-02-24 09:18:55'),
(26, 1, 25, 89, '0 DOS, 0 pcs', '0 DOS, 0 pcs', '0 DOS, 0 pcs', '', 1, '2026-02-24 09:18:55', '2026-02-24 09:18:55'),
(27, 1, 25, 90, '0 DOS, 0 pcs', '0 DOS, 0 pcs', '0 DOS, 0 pcs', '', 1, '2026-02-24 09:18:55', '2026-02-24 09:18:55'),
(28, 1, 25, 91, '0 DOS, 0 pcs', '0 DOS, 0 pcs', '0 DOS, 0 pcs', '', 1, '2026-02-24 09:18:55', '2026-02-24 09:18:55'),
(29, 1, 25, 92, '0 DOS, 0 pcs', '0 DOS, 0 pcs', '0 DOS, 0 pcs', '', 1, '2026-02-24 09:18:55', '2026-02-24 09:18:55'),
(30, 1, 25, 93, '0 DOS, 0 pcs', '0 DOS, 0 pcs', '0 DOS, 0 pcs', '', 1, '2026-02-24 09:18:55', '2026-02-24 09:18:55');

-- --------------------------------------------------------

--
-- Table structure for table `stock_opname_detail_bahans`
--

CREATE TABLE `stock_opname_detail_bahans` (
  `stobd_id` int(10) UNSIGNED NOT NULL,
  `stob_id` int(11) NOT NULL,
  `supplies_id` int(11) NOT NULL,
  `stobd_system` longtext DEFAULT NULL,
  `stobd_real` longtext DEFAULT NULL,
  `stobd_selisih` longtext DEFAULT NULL,
  `stobd_notes` longtext DEFAULT NULL,
  `status` tinyint(1) NOT NULL DEFAULT 1 COMMENT '1=active, 0=inactive',
  `created_at` timestamp NULL DEFAULT NULL,
  `updated_at` timestamp NULL DEFAULT NULL
) ENGINE=InnoDB DEFAULT CHARSET=utf8mb4 COLLATE=utf8mb4_general_ci;

--
-- Dumping data for table `stock_opname_detail_bahans`
--

INSERT INTO `stock_opname_detail_bahans` (`stobd_id`, `stob_id`, `supplies_id`, `stobd_system`, `stobd_real`, `stobd_selisih`, `stobd_notes`, `status`, `created_at`, `updated_at`) VALUES
(1, 1, 7, '500 kg', '500 kg', '0 kg', '', 1, '2026-02-24 09:19:50', '2026-02-24 09:19:50'),
(2, 1, 16, '1000 kg, 0 Gr', '500 kg, 200 Gr', '-500 kg, 200 Gr', '', 1, '2026-02-24 09:19:50', '2026-02-24 09:19:50'),
(3, 1, 18, '1000 DOS', '1000 DOS', '0 DOS', '', 1, '2026-02-24 09:19:50', '2026-02-24 09:19:50'),
(4, 1, 20, '1000 DOS', '1000 DOS', '0 DOS', '', 1, '2026-02-24 09:19:50', '2026-02-24 09:19:50'),
(5, 1, 21, '1000 pcs', '1000 pcs', '0 pcs', '', 1, '2026-02-24 09:19:50', '2026-02-24 09:19:50'),
(6, 1, 22, '1000 pcs', '1000 pcs', '0 pcs', '', 1, '2026-02-24 09:19:50', '2026-02-24 09:19:50'),
(7, 1, 23, '1000 pcs', '1000 pcs', '0 pcs', '', 1, '2026-02-24 09:19:50', '2026-02-24 09:19:50'),
(8, 1, 24, '1000 pcs', '1000 pcs', '0 pcs', '', 1, '2026-02-24 09:19:50', '2026-02-24 09:19:50'),
(9, 1, 25, '1000 pcs', '1000 pcs', '0 pcs', '', 1, '2026-02-24 09:19:50', '2026-02-24 09:19:50'),
(10, 1, 26, '0 pack', '0 pack', '0 pack', '', 1, '2026-02-24 09:19:50', '2026-02-24 09:19:50'),
(11, 1, 27, '1000 pcs', '1000 pcs', '0 pcs', '', 1, '2026-02-24 09:19:50', '2026-02-24 09:19:50'),
(12, 1, 29, '1000 pcs', '1000 pcs', '0 pcs', '', 1, '2026-02-24 09:19:50', '2026-02-24 09:19:50'),
(13, 1, 30, '1000 pcs', '1000 pcs', '0 pcs', '', 1, '2026-02-24 09:19:50', '2026-02-24 09:19:50'),
(14, 1, 31, '1000 pcs', '1000 pcs', '0 pcs', '', 1, '2026-02-24 09:19:50', '2026-02-24 09:19:50'),
(15, 1, 32, '1000 kg', '1000 kg', '0 kg', '', 1, '2026-02-24 09:19:50', '2026-02-24 09:19:50'),
(16, 1, 35, '1000 pcs', '1000 pcs', '0 pcs', '', 1, '2026-02-24 09:19:50', '2026-02-24 09:19:50'),
(17, 1, 36, '10 pack, 5 pcs', '10 pack, 5 pcs', '0 pack, 0 pcs', '', 1, '2026-02-24 09:19:50', '2026-02-24 09:19:50'),
(18, 2, 7, '510 kg', '510 kg', '0 kg', '', 1, '2026-03-14 01:14:13', '2026-03-14 01:14:13'),
(19, 2, 16, '600 kg, 200 Gr', '600 kg, 200 Gr', '0 kg, 0 Gr', '', 1, '2026-03-14 01:14:13', '2026-03-14 01:14:13'),
(20, 2, 18, '1000 DOS', '1000 DOS', '0 DOS', '', 1, '2026-03-14 01:14:13', '2026-03-14 01:14:13'),
(21, 2, 20, '990 DOS', '990 DOS', '0 DOS', '', 1, '2026-03-14 01:14:13', '2026-03-14 01:14:13'),
(22, 2, 21, '880 pcs', '880 pcs', '0 pcs', '', 1, '2026-03-14 01:14:13', '2026-03-14 01:14:13'),
(23, 2, 22, '1000 pcs', '1000 pcs', '0 pcs', '', 1, '2026-03-14 01:14:13', '2026-03-14 01:14:13'),
(24, 2, 23, '1000 pcs', '1000 pcs', '0 pcs', '', 1, '2026-03-14 01:14:13', '2026-03-14 01:14:13'),
(25, 2, 24, '1000 pcs', '1000 pcs', '0 pcs', '', 1, '2026-03-14 01:14:13', '2026-03-14 01:14:13'),
(26, 2, 25, '1004 pcs', '1004 pcs', '0 pcs', '', 1, '2026-03-14 01:14:13', '2026-03-14 01:14:13'),
(27, 2, 26, '0 pack', '0 pack', '0 pack', '', 1, '2026-03-14 01:14:13', '2026-03-14 01:14:13'),
(28, 2, 27, '1000 pcs', '1000 pcs', '0 pcs', '', 1, '2026-03-14 01:14:13', '2026-03-14 01:14:13'),
(29, 2, 29, '1000 pcs', '1000 pcs', '0 pcs', '', 1, '2026-03-14 01:14:13', '2026-03-14 01:14:13'),
(30, 2, 30, '1000 pcs', '1000 pcs', '0 pcs', '', 1, '2026-03-14 01:14:13', '2026-03-14 01:14:13'),
(31, 2, 31, '1000 pcs', '1000 pcs', '0 pcs', '', 1, '2026-03-14 01:14:13', '2026-03-14 01:14:13'),
(32, 2, 32, '1009 kg', '1009 kg', '0 kg', '', 1, '2026-03-14 01:14:13', '2026-03-14 01:14:13'),
(33, 2, 35, '1000 pcs', '1000 pcs', '0 pcs', '', 1, '2026-03-14 01:14:13', '2026-03-14 01:14:13'),
(34, 2, 36, '10 pack, 5 pcs', '10 pack, 5 pcs', '0 pack, 0 pcs', '', 1, '2026-03-14 01:14:13', '2026-03-14 01:14:13'),
(35, 2, 37, '20 DOS', '20 DOS', '0 DOS', '', 1, '2026-03-14 01:14:13', '2026-03-14 01:14:13'),
(36, 2, 38, '2 pcs', '2 pcs', '0 pcs', '', 1, '2026-03-14 01:14:13', '2026-03-14 01:14:13');

-- --------------------------------------------------------

--
-- Table structure for table `suppliers`
--

CREATE TABLE `suppliers` (
  `supplier_id` int(11) NOT NULL,
  `supplier_name` varchar(255) NOT NULL,
  `supplier_code` varchar(10) DEFAULT NULL,
  `supplier_email` varchar(255) DEFAULT NULL,
  `supplier_phone` varchar(50) DEFAULT NULL,
  `supplier_pic` varchar(255) NOT NULL,
  `supplier_address` varchar(255) DEFAULT NULL,
  `supplier_notes` text DEFAULT NULL,
  `state_id` int(11) DEFAULT 0,
  `city_id` int(11) DEFAULT 0,
  `supplier_bank` varchar(255) DEFAULT NULL,
  `supplier_branch` varchar(255) DEFAULT NULL,
  `supplier_account_name` varchar(255) DEFAULT NULL,
  `supplier_account_number` varchar(100) DEFAULT NULL,
  `supplier_top` int(11) NOT NULL,
  `bank_id` int(11) NOT NULL,
  `supplier_payment` int(11) DEFAULT 0,
  `supplier_image` text DEFAULT NULL,
  `status` tinyint(1) DEFAULT 1 COMMENT '1 = active, 0 = inactive',
  `created_at` timestamp NULL DEFAULT NULL,
  `updated_at` timestamp NULL DEFAULT NULL
) ENGINE=InnoDB DEFAULT CHARSET=utf8mb4 COLLATE=utf8mb4_0900_ai_ci;

--
-- Dumping data for table `suppliers`
--

INSERT INTO `suppliers` (`supplier_id`, `supplier_name`, `supplier_code`, `supplier_email`, `supplier_phone`, `supplier_pic`, `supplier_address`, `supplier_notes`, `state_id`, `city_id`, `supplier_bank`, `supplier_branch`, `supplier_account_name`, `supplier_account_number`, `supplier_top`, `bank_id`, `supplier_payment`, `supplier_image`, `status`, `created_at`, `updated_at`) VALUES
(1, 'PT. Kimia Jaya Abadi', 'SUP001', 'kimia.jaya@example.com', '081234567890', '', 'Jl. Industri No. 5', 'Supplier bahan kimia utama', 11, 2, 'BCA', 'Cabang Jakarta', 'PT. Kimia Jaya Abadi', '0129384756', 30, 1, 1, '', 1, '2025-08-25 23:18:50', '2025-08-25 23:18:50'),
(2, 'PT. Global Kimia Sejahtera', 'SUP002', NULL, '081122334455', 'PEGASUS HIKARI INDONESIA', 'Jl. Sejahtera No. 10', 'Supplier bahan kimia tambahan', 12, 6, 'Mandiri', 'Cabang Bandung', 'PT. Global Kimia Sejahtera', '1029384756', 30, 1, 0, '', 1, '2025-08-25 23:18:50', '2026-01-10 02:31:54'),
(3, 'Dummy2', 'SUP003', 'dummy@mail.com', '12345', 'Molai.id', 'Jl dummy', 'dummy', 1, 1, 'Mandiri', 'Mandiri', 'dummy', '12333', 4, 0, 0, 'upload/supplier/68fa305791e93.jpg', 0, '2025-08-26 23:10:48', '2025-10-23 06:40:51'),
(4, 'test', 'SUP0004', 'test@gmail.com', 'sfgdsf', '', 'wonorejo 2 no 49', 'tesdf', 1, 4, 'bca', 'sdaf', 'fasdf', 'fdasfas', 0, 0, 0, 'upload/supplier/68beff4516c5d.jpg', 0, '2025-09-08 09:07:33', '2025-10-01 09:16:21'),
(5, 'testing2', 'SUP0005', 'test@gmail.com', '123', '', 'testing', NULL, 3, 61, '213', '12', 'djd', '123', 0, 0, 0, 'upload/supplier/68c6674cdf14c.png', 0, '2025-09-13 23:55:43', '2025-09-13 23:58:36'),
(6, 'testing23', 'SUP0006', 'test@gmail.com', '123', 'test', 'testing', NULL, 6, 103, '213', '12', 'djd', '1234', 2, 0, 0, 'upload/supplier/68d2df76e4041.png', 0, '2025-09-23 10:56:29', '2025-09-23 11:09:25'),
(7, 'testing12321312', 'SUP0007', 'test@gmail.com', '123', '1293', 'testing', NULL, 20, 295, '213', '12', 'djd', '123', 3, 0, 0, 'upload/supplier/68d2dfb0ec693.png', 0, '2025-09-23 10:58:08', '2025-09-23 10:58:49'),
(8, 'testing', 'SUP0008', 'test@gmail.com', '1293', '1293', 'testing', NULL, 2, 25, '213', '12', 'djd', '1234', 1, 0, 0, 'upload/supplier/68dd540c34bbc.png', 0, '2025-10-01 09:17:16', '2025-10-06 09:42:30'),
(9, 'a', 'SUP0009', 'a', '231', 'a', 'a', 'a', 4, 78, 'a', 'a', 'a', '213123', 1, 0, 0, 'upload/supplier/68e91ea85995f.png', 0, '2025-10-10 07:56:40', '2025-10-23 06:39:21'),
(10, '1', 'SUP0010', '2', '323123', '4231', 'twerte', 'twert', 4, 80, 'bca', 'sdaf', 'sdfgdsfgdsfg', '23123', 1, 0, 0, 'upload/supplier/68ef5946a463d.jpg', 0, '2025-10-15 01:20:22', '2025-10-23 06:39:23'),
(11, 'afsdf', NULL, NULL, '321341234', 'dsafasdf', 'fasdfasdf', NULL, 3, 60, 'asdfasdf', 'dasfasd', 'fsadfsadf', '23123', 1, 0, 0, NULL, 0, '2025-10-15 01:49:37', '2025-10-23 06:39:18'),
(12, 'test', 'SUP0012', 'defsdf@gmail.com', '8623123', 'test', 'wonorejo 2 no 49', NULL, 5, 92, 'bca', NULL, 'tesdf', '23123123', 1, 0, 0, 'upload/supplier/68fa3001f0f12.jpg', 0, '2025-10-23 06:39:13', '2025-10-23 06:39:26'),
(13, 'test2', 'SUP0013', NULL, '231', 'fdsfsdf', 'wonorejo 2 no 49', 'fdsfds', 4, 79, 'asdf', NULL, 'fsadf', '213123', 1, 0, 0, 'upload/supplier/68fa40a6ddf6b.jpg', 0, '2025-10-23 07:50:14', '2025-10-23 07:52:01'),
(14, 'sdfas', 'SUP0014', NULL, '3212', 'dsfasdfs', 'adsfasdf', 'dsfasdf', 6, 102, 'adsfas', NULL, 'dfasdf', '23123', 1, 0, 0, NULL, 0, '2025-10-23 07:51:55', '2025-10-23 07:51:59'),
(15, 'PT Rotama', 'SUP0015', NULL, '81336183669', 'Saj', 'HSAUA', NULL, 15, 264, 'BCA', NULL, 'GOE', '18393838381', 30, 2, 0, NULL, 1, '2025-10-25 00:32:54', '2026-01-10 02:20:41'),
(16, 'testing12321312', 'SUP0016', NULL, '123', '123', 'testing', NULL, 6, 104, '213', NULL, 'djd', '1234', 2, 0, 0, NULL, 0, '2025-12-09 08:55:18', '2025-12-09 08:55:39'),
(17, 'dgdgdg', 'SUP0017', NULL, '123', 'fellya', 'testing', NULL, 6, 104, '213', NULL, 'djd', '1234', 3, 0, 0, NULL, 0, '2025-12-23 10:22:21', '2025-12-23 10:22:44'),
(18, 'testing23', 'SUP0018', NULL, '1293', '123', 'testing', NULL, 6, 104, '213', NULL, 'djd', '1234', 1, 1, 0, 'upload/supplier/695226cbf1b12.png', 0, '2025-12-29 06:59:02', '2025-12-29 06:59:36'),
(19, 'SUPPLIER 1', 'SUP0019', NULL, '81122334455', 'CHOP', 'Jl. Sejahtera No. 10', NULL, 15, 242, 'BCA', NULL, 'SUPPLIER 1', '18393838381', 30, 3, 0, NULL, 1, '2026-02-02 00:38:14', '2026-02-02 00:38:14');

-- --------------------------------------------------------

--
-- Table structure for table `supplies`
--

CREATE TABLE `supplies` (
  `supplies_id` int(11) NOT NULL,
  `supplies_name` varchar(255) NOT NULL,
  `supplies_image` varchar(255) DEFAULT NULL,
  `supplies_desc` text DEFAULT NULL,
  `supplies_min_stock` int(11) DEFAULT NULL,
  `supplies_unit` text NOT NULL,
  `supplies_alert` int(11) NOT NULL DEFAULT 0,
  `supplies_default_unit` int(11) NOT NULL,
  `status` tinyint(1) DEFAULT 1 COMMENT '1 = active, 0 = inactive',
  `created_at` timestamp NULL DEFAULT NULL,
  `updated_at` timestamp NULL DEFAULT NULL
) ENGINE=InnoDB DEFAULT CHARSET=utf8mb4 COLLATE=utf8mb4_0900_ai_ci;

--
-- Dumping data for table `supplies`
--

INSERT INTO `supplies` (`supplies_id`, `supplies_name`, `supplies_image`, `supplies_desc`, `supplies_min_stock`, `supplies_unit`, `supplies_alert`, `supplies_default_unit`, `status`, `created_at`, `updated_at`) VALUES
(1, 'HCL', NULL, 'test', 10, '[\"1\",\"3\"]', 0, 0, 0, '2025-08-27 22:27:08', '2025-11-18 20:13:12'),
(2, 'NH32', NULL, 'test', 5, '[\"1\", \"3\"]', 0, 0, 0, '2025-08-27 22:27:08', '2025-11-18 20:13:10'),
(4, 'testing', NULL, 'testing testing testing testing testing testing testing testing testing testing testing testing testing testing testing testing testing testing testing testing testing testing testing testing testing testing testing testing testing testing testing testing testing testing testing testing testing testing testing testing testing testing testing testing testing testing testing testing testing testing testing testing testing testing testing testing testing testing testing testing testing testing testing testing testing testing testing testing testing testing testing testing testing testing testing testing testing testing testing testing testing testing testing testing testing testing testing testing testing testing testing testing testing testing testing testing testing testing testing testing testing testing testing testing testing testing testing testing testing testing testing testing testing testing testing testing testing testing testing testing testing testing testing testing testing testing testing testing testing testing testing testing testing testing testing', NULL, '[\"1\", \"3\"]', 0, 0, 0, '2025-09-13 23:27:58', '2025-09-16 18:07:03'),
(5, 'testing', NULL, 'testing testing testing testing testing testing testing testing testing testing testing testing testing testing testing testing testing testing testing testing testing testing testing testing testing testing testing testing testing testing testing testing testing testing testing testing testing testing testing testing testing testing testing testing testing testing testing testing testing testing testing testing testing testing testing testing testing testing testing testing testing testing testing testing testing testing testing testing testing testing testing testing testing testing testing testing testing testing testing testing testing testing testing testing testing testing testing testing testing testing testing testing testing testing testing testing testing testing testing testing testing testing testing testing testing testing testing testing testing testing testing testing testing testing testing testing testing testing testing testing testing testing testing testing testing testing testing testing testing testing testing testing testing testing testing', NULL, '[\"1\", \"3\"]', 0, 0, 0, '2025-09-13 23:28:21', '2025-09-16 18:07:13'),
(6, 'testing3', NULL, 'testing testing testing testing testing testing testing testing testing testing testing testing testing testing testing testing testing testing testing testing testing testing testing testing testing testing testing testing testing testing testing testing testing testing testing testing testing testing testing testing testing testing testing testing testing testing testing testing testing testing testing testing testing testing testing testing testing testing testing testing testing testing testing testing testing testing testing testing testing testing testing testing testing testing testing testing testing testing testing testing testing testing testing testing testing testing testing testing testing testing testing testing testing testing testing testing testing testing testing testing testing testing testing testing testing testing testing testing testing testing testing testing testing testing testing testing testing testing testing testing testing testing testing testing', NULL, '[\"1\", \"3\"]', 0, 0, 0, '2025-09-14 07:43:12', '2025-09-14 07:55:20'),
(7, 'ASAM SULFAT', NULL, 'hhfhdg', NULL, '[\"1\"]', 0, 1, 1, '2025-09-16 18:57:36', '2025-12-20 01:37:22'),
(8, 'Alkohol', NULL, 'Jenis alkohol', NULL, '[\"1\",\"9\"]', 0, 0, 0, '2025-09-30 11:22:53', '2025-11-18 20:13:15'),
(9, 'testing3', NULL, 'test', NULL, '[\"2\"]', 0, 0, 0, '2025-10-01 08:54:56', '2025-10-01 08:57:29'),
(10, 'testing34', NULL, '123', NULL, '[\"3\",\"5\",\"6\"]', 0, 0, 0, '2025-10-01 08:55:34', '2025-11-18 20:13:04'),
(11, 'testing56', NULL, 's', NULL, '[\"3\"]', 0, 0, 0, '2025-10-06 09:30:14', '2025-11-18 20:13:07'),
(12, 'testing567', NULL, 's', NULL, '[\"2\"]', 0, 0, 0, '2025-10-06 09:31:13', '2025-10-06 09:43:07'),
(13, 'ASAM SULFAT', NULL, 'ASAM SULFAT', NULL, '[\"1\",\"7\"]', 0, 0, 0, '2025-10-09 21:15:07', '2025-11-18 20:12:55'),
(14, 's', NULL, 'rwar', NULL, '[\"1\"]', 0, 0, 0, '2025-11-16 12:04:49', '2025-11-16 12:05:04'),
(15, 'test', NULL, 'test', NULL, '[\"1\"]', 0, 0, 0, '2025-11-18 21:55:08', '2025-11-18 21:55:15'),
(16, 'SODIUM NITRITE', NULL, 'Sodium Nitrite adalah senyawa kimia', NULL, '[\"1\",\"22\"]', 0, 1, 1, '2025-11-19 23:04:38', '2025-11-24 05:36:44'),
(17, 'testing56', NULL, 'test test test test test test test test test test test test test test test test test test test test test test test test test test test test test test test test test test test test test test test test test test test test test test test test test test test test test test test test test test test test test test test test test test test test test test test test test test test test test test test test test test test test test test test test test test test test test test test test test test test test test test test test test test test test test test test test test test test test test test test test test test test test test test test test test test test test test test test test test test test test test test test test test test test test test test test test test test test test test test test test test test test test test test test test test test test test test test test test test test test test test test test test test test test test test test test test test test test test test test test test test test test test test test test test test test test test test test test test test test test test test test test test test test test test test test test test test test test test test test test test test test test test test test test test test test test test test test test test test test test test test test test test test test test test test test test test test test test test test test test test', NULL, '[\"2\",\"5\",\"7\"]', 0, 2, 0, '2025-12-09 08:50:34', '2025-12-09 08:51:53'),
(18, 'Dos RCH 4 x 5 liter', NULL, NULL, NULL, '[\"7\"]', 10, 7, 1, '2025-12-23 20:31:08', '2026-01-15 08:08:55'),
(19, 'testing3', NULL, NULL, NULL, '[\"1\",\"3\"]', 3, 1, 0, '2025-12-29 05:03:26', '2026-01-15 08:51:55'),
(20, 'Dos Air Aki Pegasus 1000ml', NULL, NULL, NULL, '[\"7\"]', 10, 7, 1, '2026-01-15 08:54:29', '2026-01-15 08:54:29'),
(21, 'Botol 1000 ml', NULL, NULL, NULL, '[\"9\",\"9\"]', 100, 9, 1, '2026-01-15 08:55:53', '2026-01-15 08:58:33'),
(22, 'Label Air Aki Pegasus 1000 ML', NULL, NULL, NULL, '[\"9\",\"9\"]', 10, 9, 1, '2026-01-15 08:56:56', '2026-01-15 08:59:10'),
(23, 'Tutup Lancip Biru', NULL, NULL, NULL, '[\"9\"]', 100, 9, 1, '2026-01-15 08:57:37', '2026-01-15 08:57:37'),
(24, 'Tutup Botol Biru', NULL, NULL, NULL, '[\"9\"]', 100, 9, 1, '2026-01-15 08:58:21', '2026-01-15 08:58:21'),
(25, 'DOS AIR ZUUR PEGASUS 12X1000 ML', NULL, NULL, NULL, '[\"9\"]', 2000, 9, 1, '2026-02-02 00:44:50', '2026-02-02 00:52:00'),
(26, 'Pack Minyak Rem Pegasus 500ML', NULL, NULL, NULL, '[\"8\"]', 1, 8, 1, '2026-02-03 15:23:22', '2026-02-03 15:23:22'),
(27, 'Label Air Zuur Pegasus 1000 ml', NULL, NULL, NULL, '[\"9\"]', 1000, 9, 1, '2026-02-05 01:21:58', '2026-02-05 01:21:58'),
(28, 'Label Air Zuur Pegasus 1000ml', NULL, NULL, NULL, '[\"9\"]', 1000, 9, 0, '2026-02-05 01:22:07', '2026-02-07 09:41:39'),
(29, 'Label Air Zuur Pegasus 12 x 1000 ML', NULL, NULL, NULL, '[\"9\"]', 1000, 9, 1, '2026-02-05 01:23:44', '2026-02-05 01:23:44'),
(30, 'LabelAir Zuur Pegasus 12 x 1000 ML', NULL, NULL, NULL, '[\"9\"]', 1000, 9, 1, '2026-02-05 01:23:54', '2026-02-05 01:23:54'),
(31, 'Label AZP 12 x 1000 ML', NULL, NULL, NULL, '[\"9\"]', 1000, 9, 1, '2026-02-05 01:24:45', '2026-02-05 01:24:45'),
(32, 'Label air aki', NULL, NULL, NULL, '[\"1\"]', 0, 1, 1, '2026-02-05 01:29:17', '2026-02-05 01:29:17'),
(33, 'asam sulfat123', NULL, NULL, NULL, '[\"1\"]', 0, 1, 0, '2026-02-05 01:36:21', '2026-02-05 01:36:56'),
(34, 'ASAM SULFAT12344', NULL, NULL, NULL, '[\"1\"]', 0, 1, 0, '2026-02-05 01:36:51', '2026-02-05 01:36:54'),
(35, 'Label Shampoo Pegasus 1000 ML', NULL, NULL, NULL, '[\"9\"]', 1000, 9, 1, '2026-02-05 10:21:30', '2026-02-05 10:21:30'),
(36, 'Air', NULL, NULL, NULL, '[\"8\",\"9\"]', 1, 8, 1, '2026-02-07 06:50:18', '2026-02-07 06:50:18'),
(37, 'Minyak Rem Preston Merah DOS', NULL, NULL, NULL, '[\"7\",\"9\"]', 1, 7, 1, '2026-03-14 00:50:12', '2026-03-14 01:02:25'),
(38, 'Minyak Rem Preston Merah PCS', NULL, NULL, NULL, '[\"9\"]', 0, 9, 1, '2026-03-14 00:55:43', '2026-03-14 00:55:43');

-- --------------------------------------------------------

--
-- Table structure for table `supplies_relations`
--

CREATE TABLE `supplies_relations` (
  `sr_id` int(10) UNSIGNED NOT NULL,
  `supplies_id` int(11) NOT NULL,
  `su_id_1` int(11) NOT NULL,
  `su_id_2` int(11) NOT NULL,
  `sr_value_1` int(11) NOT NULL,
  `sr_value_2` int(11) NOT NULL,
  `status` tinyint(4) NOT NULL DEFAULT 1 COMMENT '1=active, 0=inactive',
  `created_at` timestamp NULL DEFAULT NULL,
  `updated_at` timestamp NULL DEFAULT NULL
) ENGINE=InnoDB DEFAULT CHARSET=utf8mb4 COLLATE=utf8mb4_general_ci;

--
-- Dumping data for table `supplies_relations`
--

INSERT INTO `supplies_relations` (`sr_id`, `supplies_id`, `su_id_1`, `su_id_2`, `sr_value_1`, `sr_value_2`, `status`, `created_at`, `updated_at`) VALUES
(1, 7, 3, 1, 1, 3, 0, '2025-11-24 08:25:41', '2025-12-20 01:37:22'),
(2, 17, 2, 5, 1, 1, 1, '2025-12-09 08:50:34', '2025-12-09 08:50:34'),
(3, 17, 2, 7, 1, 3, 1, '2025-12-09 08:50:56', '2025-12-09 08:50:56'),
(4, 16, 1, 22, 1, 1000, 1, '2025-12-20 01:37:47', '2025-12-20 01:37:47'),
(5, 19, 1, 3, 1, 1, 1, '2025-12-29 05:03:26', '2025-12-29 05:03:26'),
(6, 36, 8, 9, 1, 5, 1, '2026-02-07 06:50:18', '2026-02-07 06:50:18'),
(7, 37, 7, 9, 1, 12, 0, '2026-03-14 00:50:12', '2026-03-14 01:02:25'),
(8, 37, 7, 9, 1, 12, 1, '2026-03-14 01:02:25', '2026-03-14 01:02:25');

-- --------------------------------------------------------

--
-- Table structure for table `supplies_stocks`
--

CREATE TABLE `supplies_stocks` (
  `ss_id` int(10) UNSIGNED NOT NULL,
  `supplies_id` int(11) NOT NULL,
  `unit_id` int(11) NOT NULL,
  `ss_stock` int(11) NOT NULL,
  `status` int(11) NOT NULL DEFAULT 1 COMMENT '1 = active, 0 = inactive',
  `created_at` timestamp NULL DEFAULT NULL,
  `updated_at` timestamp NULL DEFAULT NULL
) ENGINE=InnoDB DEFAULT CHARSET=utf8mb4 COLLATE=utf8mb4_general_ci;

--
-- Dumping data for table `supplies_stocks`
--

INSERT INTO `supplies_stocks` (`ss_id`, `supplies_id`, `unit_id`, `ss_stock`, `status`, `created_at`, `updated_at`) VALUES
(1, 7, 1, 510, 1, '2025-11-24 00:18:00', '2026-02-26 18:01:18'),
(2, 7, 3, 0, 0, '2025-11-24 00:18:00', '2025-12-20 01:37:22'),
(3, 16, 1, 600, 1, '2025-11-24 00:18:05', '2026-02-27 09:12:21'),
(4, 17, 2, 0, 0, '2025-12-09 08:50:34', '2025-12-09 08:51:53'),
(5, 17, 5, 0, 0, '2025-12-09 08:50:34', '2025-12-09 08:51:53'),
(6, 17, 7, 0, 0, '2025-12-09 08:50:56', '2025-12-09 08:51:53'),
(7, 16, 22, 200, 1, '2025-12-20 01:37:47', '2026-02-24 09:20:03'),
(8, 18, 7, 1000, 1, '2025-12-23 20:31:08', '2026-02-26 17:45:19'),
(9, 19, 1, 0, 0, '2025-12-29 05:03:26', '2026-01-15 08:51:55'),
(10, 19, 3, 0, 0, '2025-12-29 05:03:26', '2026-01-15 08:51:55'),
(11, 20, 7, 990, 1, '2026-01-15 08:54:29', '2026-03-15 13:52:11'),
(12, 21, 9, 880, 1, '2026-01-15 08:55:53', '2026-03-15 13:52:11'),
(13, 22, 9, 1000, 1, '2026-01-15 08:56:56', '2026-02-07 14:17:16'),
(14, 23, 9, 1000, 1, '2026-01-15 08:57:37', '2026-02-27 17:11:40'),
(15, 24, 9, 1000, 1, '2026-01-15 08:58:21', '2026-02-27 17:11:40'),
(16, 25, 9, 1004, 1, '2026-02-02 00:44:50', '2026-02-28 09:08:21'),
(17, 26, 8, 0, 1, '2026-02-03 15:23:22', '2026-02-07 00:29:28'),
(18, 27, 9, 1000, 1, '2026-02-05 01:21:58', '2026-02-07 00:29:28'),
(19, 28, 9, 1000, 0, '2026-02-05 01:22:07', '2026-02-07 09:41:39'),
(20, 29, 9, 1000, 1, '2026-02-05 01:23:44', '2026-02-27 17:05:54'),
(21, 30, 9, 1000, 1, '2026-02-05 01:23:54', '2026-02-07 00:29:28'),
(22, 31, 9, 1000, 1, '2026-02-05 01:24:45', '2026-02-07 00:29:28'),
(23, 32, 1, 1009, 1, '2026-02-05 01:29:17', '2026-02-26 17:45:03'),
(24, 33, 1, 0, 0, '2026-02-05 01:36:21', '2026-02-05 01:36:56'),
(25, 34, 1, 0, 0, '2026-02-05 01:36:51', '2026-02-05 01:36:54'),
(26, 35, 9, 1000, 1, '2026-02-05 10:21:30', '2026-02-07 00:29:28'),
(27, 36, 8, 10, 1, '2026-02-07 06:50:18', '2026-02-23 16:24:17'),
(28, 36, 9, 5, 1, '2026-02-07 06:50:18', '2026-02-23 16:24:17'),
(29, 37, 7, 20, 1, '2026-03-14 00:50:12', '2026-03-14 01:03:12'),
(30, 37, 9, 0, 0, '2026-03-14 00:50:12', '2026-03-14 00:56:38'),
(31, 38, 9, 2, 1, '2026-03-14 00:55:43', '2026-03-14 00:58:00');

-- --------------------------------------------------------

--
-- Table structure for table `supplies_units`
--

CREATE TABLE `supplies_units` (
  `su_id` int(11) NOT NULL,
  `supplies_id` int(11) NOT NULL,
  `unit_id` int(11) NOT NULL,
  `status` tinyint(1) DEFAULT 1 COMMENT '1 = active, 0 = inactive',
  `created_at` timestamp NULL DEFAULT NULL,
  `updated_at` timestamp NULL DEFAULT NULL
) ENGINE=InnoDB DEFAULT CHARSET=utf8mb4 COLLATE=utf8mb4_0900_ai_ci;

--
-- Dumping data for table `supplies_units`
--

INSERT INTO `supplies_units` (`su_id`, `supplies_id`, `unit_id`, `status`, `created_at`, `updated_at`) VALUES
(1, 1, 1, 1, '2025-08-27 23:40:48', '2025-08-27 23:40:48'),
(2, 2, 2, 1, '2025-08-27 23:40:48', '2025-08-27 23:40:48'),
(3, 1, 3, 1, '2025-08-27 23:40:48', '2025-08-27 23:40:48'),
(4, 2, 4, 1, '2025-08-27 23:40:48', '2025-08-27 23:40:48'),
(5, 1, 5, 1, '2025-08-27 23:40:48', '2025-08-27 23:40:48'),
(6, 2, 6, 1, '2025-08-27 23:40:48', '2025-08-27 23:40:48');

-- --------------------------------------------------------

--
-- Table structure for table `supplies_variants`
--

CREATE TABLE `supplies_variants` (
  `supplies_variant_id` int(11) NOT NULL,
  `supplier_id` int(11) DEFAULT NULL,
  `supplies_id` int(11) NOT NULL,
  `supplies_variant_name` varchar(100) NOT NULL,
  `supplies_variant_sku` varchar(100) NOT NULL,
  `supplies_variant_price` int(11) NOT NULL,
  `supplies_variant_barcode` varchar(100) NOT NULL,
  `supplies_variant_stock` int(11) NOT NULL,
  `status` int(11) NOT NULL DEFAULT 1 COMMENT '1 = active, 0 = inactive',
  `created_at` timestamp NULL DEFAULT NULL,
  `updated_at` timestamp NULL DEFAULT NULL
) ENGINE=InnoDB DEFAULT CHARSET=utf8mb4 COLLATE=utf8mb4_0900_ai_ci;

--
-- Dumping data for table `supplies_variants`
--

INSERT INTO `supplies_variants` (`supplies_variant_id`, `supplier_id`, `supplies_id`, `supplies_variant_name`, `supplies_variant_sku`, `supplies_variant_price`, `supplies_variant_barcode`, `supplies_variant_stock`, `status`, `created_at`, `updated_at`) VALUES
(1, 0, 1, 'Small', 'HSO001', 50000, '989562123691', 0, 0, '2025-09-11 08:42:09', '2025-11-17 02:25:37'),
(2, 0, 1, 'Medium', 'HSO002', 100000, '756801245312', 0, 0, '2025-09-11 08:42:09', '2025-11-17 02:25:37'),
(3, 0, 2, 'Merah', 'ALK002', 10000, '194133480258', 100, 0, '2025-09-11 09:13:48', '2025-10-01 09:19:15'),
(4, 0, 2, 'Hijau', 'ALK002', 15000, '880152820601', 0, 0, '2025-09-11 09:13:48', '2025-09-13 09:21:26'),
(5, NULL, 1, 'Small', 'HSO001', 50000, '906783260537', 97, 0, '2025-09-13 10:05:24', '2025-11-17 02:25:32'),
(6, 1, 1, 'Medium', 'HSO002', 100000, '415545082650', 97, 0, '2025-09-13 10:05:24', '2025-11-17 02:25:37'),
(7, 0, 6, 'Small', '123', 231, '219390163188', 100, 0, '2025-09-14 07:43:12', '2025-09-14 07:43:12'),
(8, 1, 7, 'Kimia Jaya', 'AS1', 555, '447340505629', 167, 1, '2025-09-16 18:57:36', '2025-11-19 11:16:50'),
(9, 1, 8, 'kg', 'ALKH0001', 150000, '794370271469', 0, 0, '2025-09-30 11:22:53', '2025-11-17 02:24:35'),
(10, 2, 8, 'pcs', 'ALKH0002', 30000, '293531328763', 0, 0, '2025-09-30 11:22:53', '2025-11-17 02:24:41'),
(11, 0, 9, 'Small', '123', 24, '952069002090', 0, 0, '2025-10-01 08:54:56', '2025-10-01 08:54:56'),
(12, 0, 10, '30 X 400 ML', '12', 32, '792931236723', 0, 0, '2025-10-01 08:55:34', '2025-10-01 08:55:34'),
(13, 0, 11, 'kg', '1', 2, '136703125053', 0, 0, '2025-10-06 09:30:14', '2025-10-06 09:30:14'),
(14, 0, 11, 'pcs', '1', 3, '728134620080', 0, 0, '2025-10-06 09:30:14', '2025-11-16 23:14:31'),
(15, 0, 12, 'testing', '2', 3, '591701616692', 0, 0, '2025-10-06 09:31:13', '2025-10-06 09:31:13'),
(16, 0, 13, 'kg', 'H2SO4', 5000, '281571977650', 0, 0, '2025-10-09 21:15:07', '2025-10-09 21:15:07'),
(17, 0, 14, 'fdasdf', 'fdsaf', 23123, '684086404554', 0, 0, '2025-11-16 12:04:49', '2025-11-16 12:04:49'),
(18, 2, 7, 'Global Kmia', 'AS2', 655, '691679558034', 0, 1, '2025-11-17 06:40:17', '2025-11-18 20:12:50'),
(19, 1, 15, 'erwe', 'rewrewr', 3242432, 'dsfsdf', 0, 0, '2025-11-18 21:55:08', '2025-11-18 21:55:15'),
(20, 1, 16, 'Sodium Nitrite 30% Konsentrat', 'SN1', 500, '', 0, 1, '2025-11-19 23:04:38', '2025-11-19 23:07:32'),
(21, 2, 16, 'Sodium Nitrite 50% Konsentrat', 'SN2', 1000, '151611699375', 0, 1, '2025-11-19 23:07:32', '2025-11-19 23:08:00'),
(22, 1, 17, '1', '3', 3, '', 0, 0, '2025-12-09 08:50:34', '2025-12-09 08:51:53'),
(23, 15, 18, 'Dos RCH 4 x 5 liter ROTAMA', 'DOSRCH', 5000, '', 0, 1, '2025-12-23 20:31:08', '2025-12-23 20:31:08'),
(24, 2, 18, 'Dos RCH 4 x 5 liter GLOBAL', 'DOSRCH', 4900, '', 0, 1, '2025-12-23 20:31:08', '2025-12-23 20:31:08'),
(25, 2, 19, 'Merah', '1', 1, '', 0, 0, '2025-12-29 05:03:26', '2026-01-15 08:51:55'),
(26, 15, 19, 'Hijau', '1', 1, '', 0, 0, '2025-12-29 05:03:26', '2026-01-15 08:51:55'),
(27, 15, 20, 'Dos Air Aki Pegasus 1000ml Rotama', 'DAAP1000', 100, '', 0, 1, '2026-01-15 08:54:29', '2026-01-15 08:58:57'),
(28, 15, 21, 'Botol 1000ml Rotama', 'B1000', 100, '', 0, 1, '2026-01-15 08:55:53', '2026-01-15 08:55:53'),
(29, 15, 22, 'Label AAP1000 Rotama', 'LAAP1000', 50, '', 0, 1, '2026-01-15 08:56:56', '2026-01-15 08:59:10'),
(30, 15, 23, 'Tutup Lancip Biru', 'TLB', 100, '', 0, 1, '2026-01-15 08:57:37', '2026-01-15 08:57:37'),
(31, 15, 24, 'Tutup Botol Biru', 'TBB', 50, '', 0, 1, '2026-01-15 08:58:21', '2026-01-15 08:59:30'),
(32, 19, 25, '12 x 1000 ml', 'AZP1L', 3000, '', 0, 1, '2026-02-02 00:44:50', '2026-02-02 00:46:32'),
(33, 19, 25, '30 x 600 ml', 'AZP600', 3000, '', 0, 0, '2026-02-02 00:44:50', '2026-02-02 00:52:00'),
(34, 19, 25, '12 x 1500 ml', 'AZP1500', 3000, '', 0, 0, '2026-02-02 00:44:50', '2026-02-02 00:52:00'),
(35, 19, 25, '4 X 5 LITER', 'AZP5L', 3000, '', 0, 0, '2026-02-02 00:44:50', '2026-02-02 00:52:00'),
(36, 19, 25, '12 X 1000 ML', 'AZP1L', 3000, '165413455236', 0, 1, '2026-02-02 00:46:32', '2026-02-02 00:52:00'),
(37, 19, 26, 'Pack Minyak Rem Pegasus 500ML', 'PMRP500', 100, '', 0, 1, '2026-02-03 15:23:22', '2026-02-03 15:23:22'),
(38, 15, 27, 'Label Zuur Pegasus 1000ml', 'LZP1000ML ROTAMA', 1000, '', 0, 1, '2026-02-05 01:21:58', '2026-02-05 01:21:58'),
(39, 15, 28, 'Label Zuur Pegasus 1000ml', 'LZP1000ML ROTAMA', 1000, '', 0, 0, '2026-02-05 01:22:07', '2026-02-07 09:41:39'),
(40, 15, 29, 'Label Zuur Pegasus Rotama', 'LAZP1000MLROTAMA', 1000, '', 0, 1, '2026-02-05 01:23:44', '2026-02-05 01:23:44'),
(41, 15, 30, 'Label Zuur Pegasus Rotama', 'LAZP1000MLROTAMA', 1000, '', 0, 1, '2026-02-05 01:23:54', '2026-02-05 01:23:54'),
(42, 15, 31, 'Label Zuur Pegasus Rotama', 'LAZP1000MLROTAMA', 1000, '', 0, 1, '2026-02-05 01:24:45', '2026-02-05 01:24:45'),
(43, 2, 32, 'Label air aki', '123', 123, '', 0, 1, '2026-02-05 01:29:17', '2026-02-05 01:29:17'),
(44, 2, 33, '123', '123', 123, '', 0, 0, '2026-02-05 01:36:21', '2026-02-05 01:36:56'),
(45, 2, 34, '123', '123', 123, '', 0, 0, '2026-02-05 01:36:51', '2026-02-05 01:36:54'),
(46, 15, 35, 'Label Shampoo 1000 ML Rotama', 'LSP1000ML', 1000, '', 0, 1, '2026-02-05 10:21:30', '2026-02-05 10:21:30'),
(47, 15, 36, 'Air Rotama', 'A123', 10000, '', 0, 1, '2026-02-07 06:50:18', '2026-02-07 06:50:18'),
(48, 19, 37, 'DOS PRESTON', 'MERAAHUAE', 100000, '', 0, 1, '2026-03-14 00:50:12', '2026-03-14 00:56:38'),
(49, NULL, 37, 'MERAH1000ML PCS', 'PCS', 10000, '835537776010', 0, 0, '2026-03-14 00:52:49', '2026-03-14 01:02:25'),
(50, 19, 38, 'PCS PRESTON', '01933189', 10000, '', 0, 1, '2026-03-14 00:55:43', '2026-03-14 00:56:47'),
(51, NULL, 37, 'PCS PRESTONM', 'JFNSWIF', 10000, '848464984421', 0, 1, '2026-03-14 01:02:25', '2026-03-14 01:02:25');

-- --------------------------------------------------------

--
-- Table structure for table `units`
--

CREATE TABLE `units` (
  `unit_id` int(10) UNSIGNED NOT NULL,
  `unit_name` varchar(250) NOT NULL,
  `unit_short_name` varchar(250) NOT NULL,
  `status` int(11) NOT NULL DEFAULT 1 COMMENT '1 = active, 0 = dead',
  `created_at` timestamp NULL DEFAULT NULL,
  `updated_at` timestamp NULL DEFAULT NULL
) ENGINE=InnoDB DEFAULT CHARSET=utf8mb4 COLLATE=utf8mb4_unicode_ci;

--
-- Dumping data for table `units`
--

INSERT INTO `units` (`unit_id`, `unit_name`, `unit_short_name`, `status`, `created_at`, `updated_at`) VALUES
(1, 'Kilogram', 'kg', 1, '2025-08-27 20:00:00', '2025-08-27 20:00:00'),
(2, 'Jerigen', 'jerigen', 1, '2025-08-27 20:05:00', '2025-10-15 01:18:24'),
(3, 'Liter', 'l', 1, '2025-08-27 20:10:00', '2025-08-27 20:10:00'),
(5, 'Drum', 'drum', 1, '2025-08-27 20:20:00', '2025-08-27 20:20:00'),
(7, 'DOS', 'DOS', 1, '2025-08-27 20:30:00', '2025-09-16 23:33:39'),
(8, 'Pack', 'pack', 1, '2025-08-27 20:35:00', '2025-08-27 20:35:00'),
(9, 'Piece', 'pcs', 1, '2025-08-27 20:40:00', '2025-08-27 20:40:00'),
(21, 'pail', 'pail', 1, NULL, NULL),
(22, 'Gram', 'Gr', 1, '2025-11-24 05:36:20', '2025-11-24 05:36:20'),
(23, 'testing323', 'TST221', 0, '2025-12-09 06:02:02', '2025-12-09 06:02:21'),
(24, 'testing2213', 'TST245', 0, '2025-12-23 09:55:32', '2025-12-23 09:55:45');

-- --------------------------------------------------------

--
-- Table structure for table `users`
--

CREATE TABLE `users` (
  `id` bigint(20) UNSIGNED NOT NULL,
  `name` varchar(255) NOT NULL,
  `email` varchar(255) NOT NULL,
  `email_verified_at` timestamp NULL DEFAULT NULL,
  `password` varchar(255) NOT NULL,
  `remember_token` varchar(100) DEFAULT NULL,
  `created_at` timestamp NULL DEFAULT NULL,
  `updated_at` timestamp NULL DEFAULT NULL
) ENGINE=InnoDB DEFAULT CHARSET=utf8mb4 COLLATE=utf8mb4_unicode_ci;

-- --------------------------------------------------------

--
-- Table structure for table `variants`
--

CREATE TABLE `variants` (
  `variant_id` int(10) UNSIGNED NOT NULL,
  `variant_name` varchar(250) NOT NULL,
  `variant_attribute` varchar(250) NOT NULL,
  `status` int(11) NOT NULL DEFAULT 1 COMMENT '1 = active, 0 = dead',
  `created_at` timestamp NULL DEFAULT NULL,
  `updated_at` timestamp NULL DEFAULT NULL
) ENGINE=InnoDB DEFAULT CHARSET=utf8mb4 COLLATE=utf8mb4_unicode_ci;

--
-- Dumping data for table `variants`
--

INSERT INTO `variants` (`variant_id`, `variant_name`, `variant_attribute`, `status`, `created_at`, `updated_at`) VALUES
(1, 'test', '[\"as\",\"c\",\"ds\"]', 0, '2025-08-12 03:48:26', '2025-08-12 03:48:44'),
(2, 'Ukuran', '[\"Small\",\"Medium\"]', 0, '2025-08-19 21:52:08', '2025-10-30 17:57:04'),
(5, 'test', '[\"tes\",\"test2\"]', 0, '2025-09-07 22:32:45', '2025-09-07 22:32:49'),
(6, 'Warna', '[\"Merah\",\"Hijau\"]', 1, '2025-09-09 05:18:40', '2025-09-09 05:18:40'),
(7, 'ISI PER DOS', '[\"12 x 1000 ml\",\"30 x 600 ml\",\"12 x 1500 ml\",\"4 X 5 LITER\",\"30 X 400 ML\"]', 1, '2025-09-13 15:49:16', '2025-12-09 08:45:50'),
(8, 'testing2', '[\"test2\",\"test3\",\"test4\",\"test5\"]', 0, '2025-09-13 23:12:35', '2025-10-30 17:56:58'),
(9, 'satuan bahan mentah', '[\"kg\",\"pcs\"]', 0, '2025-09-16 18:55:17', '2025-10-30 17:57:07'),
(10, 'Warna', '[\"Merah\",\"Kuning\",\"Hijau\",\"Biru\"]', 0, '2025-09-22 10:43:50', '2025-09-22 10:44:13'),
(11, 'testing223', '[\"testing\",\"2342\"]', 0, '2025-09-22 23:54:37', '2025-09-22 23:55:15'),
(12, 'testing223', '[\"testing\"]', 0, '2025-10-01 09:21:42', '2025-10-30 17:57:01'),
(13, 'testing22323', '[\"test2\",\"wree\"]', 0, '2025-10-01 09:22:13', '2025-10-01 09:22:29'),
(14, 'se', '[\"f\",\"fr\"]', 0, '2025-10-06 09:48:30', '2025-10-06 09:48:47'),
(15, 'Dummy', '[\"a\"]', 0, '2025-12-10 02:20:49', '2025-12-10 02:20:52'),
(16, 'testing', '[\"s\"]', 0, '2025-12-10 04:31:52', '2025-12-10 04:32:09'),
(17, 'testing', '[\"t\",\"a\"]', 0, '2025-12-10 04:32:26', '2025-12-10 04:32:30'),
(18, 'Dummy', '[\"aaa\"]', 0, '2025-12-13 08:19:04', '2025-12-13 08:19:08'),
(19, 'testing2', '[\"42\",\"6\"]', 0, '2025-12-23 09:56:04', '2025-12-23 09:56:21');

--
-- Indexes for dumped tables
--

--
-- Indexes for table `areas`
--
ALTER TABLE `areas`
  ADD PRIMARY KEY (`area_id`);

--
-- Indexes for table `banks`
--
ALTER TABLE `banks`
  ADD PRIMARY KEY (`bank_id`);

--
-- Indexes for table `boms`
--
ALTER TABLE `boms`
  ADD PRIMARY KEY (`bom_id`);

--
-- Indexes for table `bom_details`
--
ALTER TABLE `bom_details`
  ADD PRIMARY KEY (`bom_detail_id`);

--
-- Indexes for table `cache`
--
ALTER TABLE `cache`
  ADD PRIMARY KEY (`key`);

--
-- Indexes for table `cache_locks`
--
ALTER TABLE `cache_locks`
  ADD PRIMARY KEY (`key`);

--
-- Indexes for table `cashes`
--
ALTER TABLE `cashes`
  ADD PRIMARY KEY (`cash_id`);

--
-- Indexes for table `cash_admins`
--
ALTER TABLE `cash_admins`
  ADD PRIMARY KEY (`ca_id`);

--
-- Indexes for table `cash_admin_details`
--
ALTER TABLE `cash_admin_details`
  ADD PRIMARY KEY (`cad_id`);

--
-- Indexes for table `cash_armadas`
--
ALTER TABLE `cash_armadas`
  ADD PRIMARY KEY (`cr_id`);

--
-- Indexes for table `cash_armada_details`
--
ALTER TABLE `cash_armada_details`
  ADD PRIMARY KEY (`crd_id`);

--
-- Indexes for table `cash_categories`
--
ALTER TABLE `cash_categories`
  ADD PRIMARY KEY (`cc_id`);

--
-- Indexes for table `cash_gudangs`
--
ALTER TABLE `cash_gudangs`
  ADD PRIMARY KEY (`cg_id`);

--
-- Indexes for table `cash_gudang_details`
--
ALTER TABLE `cash_gudang_details`
  ADD PRIMARY KEY (`cgd_id`);

--
-- Indexes for table `cash_sales`
--
ALTER TABLE `cash_sales`
  ADD PRIMARY KEY (`cs_id`);

--
-- Indexes for table `cash_sales_details`
--
ALTER TABLE `cash_sales_details`
  ADD PRIMARY KEY (`csd_id`);

--
-- Indexes for table `categories`
--
ALTER TABLE `categories`
  ADD PRIMARY KEY (`category_id`);

--
-- Indexes for table `customers`
--
ALTER TABLE `customers`
  ADD PRIMARY KEY (`customer_id`);

--
-- Indexes for table `districts`
--
ALTER TABLE `districts`
  ADD PRIMARY KEY (`id`);

--
-- Indexes for table `failed_jobs`
--
ALTER TABLE `failed_jobs`
  ADD PRIMARY KEY (`id`),
  ADD UNIQUE KEY `failed_jobs_uuid_unique` (`uuid`);

--
-- Indexes for table `jobs`
--
ALTER TABLE `jobs`
  ADD PRIMARY KEY (`id`),
  ADD KEY `jobs_queue_index` (`queue`);

--
-- Indexes for table `job_batches`
--
ALTER TABLE `job_batches`
  ADD PRIMARY KEY (`id`);

--
-- Indexes for table `log_stocks`
--
ALTER TABLE `log_stocks`
  ADD PRIMARY KEY (`log_id`);

--
-- Indexes for table `manage_stocks`
--
ALTER TABLE `manage_stocks`
  ADD PRIMARY KEY (`ms_id`);

--
-- Indexes for table `migrations`
--
ALTER TABLE `migrations`
  ADD PRIMARY KEY (`id`);

--
-- Indexes for table `password_reset_tokens`
--
ALTER TABLE `password_reset_tokens`
  ADD PRIMARY KEY (`email`);

--
-- Indexes for table `petty_cashes`
--
ALTER TABLE `petty_cashes`
  ADD PRIMARY KEY (`pc_id`);

--
-- Indexes for table `petty_cash_details`
--
ALTER TABLE `petty_cash_details`
  ADD PRIMARY KEY (`pcd_id`);

--
-- Indexes for table `productions`
--
ALTER TABLE `productions`
  ADD PRIMARY KEY (`production_id`);

--
-- Indexes for table `production_details`
--
ALTER TABLE `production_details`
  ADD PRIMARY KEY (`pd_id`);

--
-- Indexes for table `production_photos`
--
ALTER TABLE `production_photos`
  ADD PRIMARY KEY (`pp_id`);

--
-- Indexes for table `products`
--
ALTER TABLE `products`
  ADD PRIMARY KEY (`product_id`);

--
-- Indexes for table `product_issues`
--
ALTER TABLE `product_issues`
  ADD PRIMARY KEY (`pi_id`);

--
-- Indexes for table `product_issues_details`
--
ALTER TABLE `product_issues_details`
  ADD PRIMARY KEY (`pid_id`);

--
-- Indexes for table `product_relations`
--
ALTER TABLE `product_relations`
  ADD PRIMARY KEY (`pr_id`);

--
-- Indexes for table `product_stocks`
--
ALTER TABLE `product_stocks`
  ADD PRIMARY KEY (`ps_id`);

--
-- Indexes for table `product_variants`
--
ALTER TABLE `product_variants`
  ADD PRIMARY KEY (`product_variant_id`);

--
-- Indexes for table `purchase_delivery_orders`
--
ALTER TABLE `purchase_delivery_orders`
  ADD PRIMARY KEY (`pdo_id`);

--
-- Indexes for table `purchase_delivery_orders_details`
--
ALTER TABLE `purchase_delivery_orders_details`
  ADD PRIMARY KEY (`pdod_id`);

--
-- Indexes for table `purchase_orders`
--
ALTER TABLE `purchase_orders`
  ADD PRIMARY KEY (`po_id`);

--
-- Indexes for table `purchase_orders_details`
--
ALTER TABLE `purchase_orders_details`
  ADD PRIMARY KEY (`pod_id`);

--
-- Indexes for table `purchase_order_detail_invoices`
--
ALTER TABLE `purchase_order_detail_invoices`
  ADD PRIMARY KEY (`poi_id`);

--
-- Indexes for table `purchase_order_tts`
--
ALTER TABLE `purchase_order_tts`
  ADD PRIMARY KEY (`tt_id`);

--
-- Indexes for table `return_supplies`
--
ALTER TABLE `return_supplies`
  ADD PRIMARY KEY (`rs_id`);

--
-- Indexes for table `return_supplies_detail`
--
ALTER TABLE `return_supplies_detail`
  ADD PRIMARY KEY (`rsd_id`);

--
-- Indexes for table `roles`
--
ALTER TABLE `roles`
  ADD PRIMARY KEY (`role_id`);

--
-- Indexes for table `sales_delivery_orders`
--
ALTER TABLE `sales_delivery_orders`
  ADD PRIMARY KEY (`sdo_id`);

--
-- Indexes for table `sales_delivery_orders_details`
--
ALTER TABLE `sales_delivery_orders_details`
  ADD PRIMARY KEY (`sdod_id`);

--
-- Indexes for table `sales_orders`
--
ALTER TABLE `sales_orders`
  ADD PRIMARY KEY (`so_id`);

--
-- Indexes for table `sales_order_details`
--
ALTER TABLE `sales_order_details`
  ADD PRIMARY KEY (`sod_id`);

--
-- Indexes for table `sales_order_detail_invoices`
--
ALTER TABLE `sales_order_detail_invoices`
  ADD PRIMARY KEY (`soi_id`);

--
-- Indexes for table `sessions`
--
ALTER TABLE `sessions`
  ADD PRIMARY KEY (`id`),
  ADD KEY `sessions_user_id_index` (`user_id`),
  ADD KEY `sessions_last_activity_index` (`last_activity`);

--
-- Indexes for table `settings`
--
ALTER TABLE `settings`
  ADD PRIMARY KEY (`setting_id`);

--
-- Indexes for table `staffs`
--
ALTER TABLE `staffs`
  ADD PRIMARY KEY (`staff_id`);

--
-- Indexes for table `stock_opnames`
--
ALTER TABLE `stock_opnames`
  ADD PRIMARY KEY (`sto_id`);

--
-- Indexes for table `stock_opname_bahans`
--
ALTER TABLE `stock_opname_bahans`
  ADD PRIMARY KEY (`stob_id`);

--
-- Indexes for table `stock_opname_details`
--
ALTER TABLE `stock_opname_details`
  ADD PRIMARY KEY (`stod_id`);

--
-- Indexes for table `stock_opname_detail_bahans`
--
ALTER TABLE `stock_opname_detail_bahans`
  ADD PRIMARY KEY (`stobd_id`);

--
-- Indexes for table `suppliers`
--
ALTER TABLE `suppliers`
  ADD PRIMARY KEY (`supplier_id`);

--
-- Indexes for table `supplies`
--
ALTER TABLE `supplies`
  ADD PRIMARY KEY (`supplies_id`);

--
-- Indexes for table `supplies_relations`
--
ALTER TABLE `supplies_relations`
  ADD PRIMARY KEY (`sr_id`);

--
-- Indexes for table `supplies_stocks`
--
ALTER TABLE `supplies_stocks`
  ADD PRIMARY KEY (`ss_id`);

--
-- Indexes for table `supplies_units`
--
ALTER TABLE `supplies_units`
  ADD PRIMARY KEY (`su_id`);

--
-- Indexes for table `supplies_variants`
--
ALTER TABLE `supplies_variants`
  ADD PRIMARY KEY (`supplies_variant_id`);

--
-- Indexes for table `units`
--
ALTER TABLE `units`
  ADD PRIMARY KEY (`unit_id`);

--
-- Indexes for table `users`
--
ALTER TABLE `users`
  ADD PRIMARY KEY (`id`),
  ADD UNIQUE KEY `users_email_unique` (`email`);

--
-- Indexes for table `variants`
--
ALTER TABLE `variants`
  ADD PRIMARY KEY (`variant_id`);

--
-- AUTO_INCREMENT for dumped tables
--

--
-- AUTO_INCREMENT for table `areas`
--
ALTER TABLE `areas`
  MODIFY `area_id` int(11) NOT NULL AUTO_INCREMENT, AUTO_INCREMENT=9;

--
-- AUTO_INCREMENT for table `banks`
--
ALTER TABLE `banks`
  MODIFY `bank_id` int(10) UNSIGNED NOT NULL AUTO_INCREMENT, AUTO_INCREMENT=6;

--
-- AUTO_INCREMENT for table `boms`
--
ALTER TABLE `boms`
  MODIFY `bom_id` int(11) NOT NULL AUTO_INCREMENT, AUTO_INCREMENT=9;

--
-- AUTO_INCREMENT for table `bom_details`
--
ALTER TABLE `bom_details`
  MODIFY `bom_detail_id` int(11) NOT NULL AUTO_INCREMENT, AUTO_INCREMENT=21;

--
-- AUTO_INCREMENT for table `cashes`
--
ALTER TABLE `cashes`
  MODIFY `cash_id` int(11) NOT NULL AUTO_INCREMENT, AUTO_INCREMENT=3;

--
-- AUTO_INCREMENT for table `cash_admins`
--
ALTER TABLE `cash_admins`
  MODIFY `ca_id` int(11) NOT NULL AUTO_INCREMENT;

--
-- AUTO_INCREMENT for table `cash_admin_details`
--
ALTER TABLE `cash_admin_details`
  MODIFY `cad_id` int(11) NOT NULL AUTO_INCREMENT;

--
-- AUTO_INCREMENT for table `cash_armadas`
--
ALTER TABLE `cash_armadas`
  MODIFY `cr_id` int(11) NOT NULL AUTO_INCREMENT;

--
-- AUTO_INCREMENT for table `cash_armada_details`
--
ALTER TABLE `cash_armada_details`
  MODIFY `crd_id` int(11) NOT NULL AUTO_INCREMENT;

--
-- AUTO_INCREMENT for table `cash_categories`
--
ALTER TABLE `cash_categories`
  MODIFY `cc_id` int(11) NOT NULL AUTO_INCREMENT, AUTO_INCREMENT=21;

--
-- AUTO_INCREMENT for table `cash_gudangs`
--
ALTER TABLE `cash_gudangs`
  MODIFY `cg_id` int(11) NOT NULL AUTO_INCREMENT;

--
-- AUTO_INCREMENT for table `cash_gudang_details`
--
ALTER TABLE `cash_gudang_details`
  MODIFY `cgd_id` int(11) NOT NULL AUTO_INCREMENT;

--
-- AUTO_INCREMENT for table `cash_sales`
--
ALTER TABLE `cash_sales`
  MODIFY `cs_id` int(10) UNSIGNED NOT NULL AUTO_INCREMENT, AUTO_INCREMENT=5;

--
-- AUTO_INCREMENT for table `cash_sales_details`
--
ALTER TABLE `cash_sales_details`
  MODIFY `csd_id` int(10) UNSIGNED NOT NULL AUTO_INCREMENT, AUTO_INCREMENT=2;

--
-- AUTO_INCREMENT for table `categories`
--
ALTER TABLE `categories`
  MODIFY `category_id` int(10) UNSIGNED NOT NULL AUTO_INCREMENT, AUTO_INCREMENT=32;

--
-- AUTO_INCREMENT for table `customers`
--
ALTER TABLE `customers`
  MODIFY `customer_id` int(11) NOT NULL AUTO_INCREMENT, AUTO_INCREMENT=21;

--
-- AUTO_INCREMENT for table `districts`
--
ALTER TABLE `districts`
  MODIFY `id` int(11) NOT NULL AUTO_INCREMENT, AUTO_INCREMENT=7278;

--
-- AUTO_INCREMENT for table `failed_jobs`
--
ALTER TABLE `failed_jobs`
  MODIFY `id` bigint(20) UNSIGNED NOT NULL AUTO_INCREMENT;

--
-- AUTO_INCREMENT for table `jobs`
--
ALTER TABLE `jobs`
  MODIFY `id` bigint(20) UNSIGNED NOT NULL AUTO_INCREMENT;

--
-- AUTO_INCREMENT for table `log_stocks`
--
ALTER TABLE `log_stocks`
  MODIFY `log_id` bigint(20) UNSIGNED NOT NULL AUTO_INCREMENT, AUTO_INCREMENT=707;

--
-- AUTO_INCREMENT for table `manage_stocks`
--
ALTER TABLE `manage_stocks`
  MODIFY `ms_id` int(11) NOT NULL AUTO_INCREMENT, AUTO_INCREMENT=4;

--
-- AUTO_INCREMENT for table `migrations`
--
ALTER TABLE `migrations`
  MODIFY `id` int(10) UNSIGNED NOT NULL AUTO_INCREMENT, AUTO_INCREMENT=7;

--
-- AUTO_INCREMENT for table `petty_cashes`
--
ALTER TABLE `petty_cashes`
  MODIFY `pc_id` int(11) NOT NULL AUTO_INCREMENT, AUTO_INCREMENT=14;

--
-- AUTO_INCREMENT for table `petty_cash_details`
--
ALTER TABLE `petty_cash_details`
  MODIFY `pcd_id` int(11) NOT NULL AUTO_INCREMENT;

--
-- AUTO_INCREMENT for table `productions`
--
ALTER TABLE `productions`
  MODIFY `production_id` int(11) NOT NULL AUTO_INCREMENT, AUTO_INCREMENT=63;

--
-- AUTO_INCREMENT for table `production_details`
--
ALTER TABLE `production_details`
  MODIFY `pd_id` int(11) NOT NULL AUTO_INCREMENT, AUTO_INCREMENT=43;

--
-- AUTO_INCREMENT for table `production_photos`
--
ALTER TABLE `production_photos`
  MODIFY `pp_id` int(10) UNSIGNED NOT NULL AUTO_INCREMENT;

--
-- AUTO_INCREMENT for table `products`
--
ALTER TABLE `products`
  MODIFY `product_id` int(10) UNSIGNED NOT NULL AUTO_INCREMENT, AUTO_INCREMENT=27;

--
-- AUTO_INCREMENT for table `product_issues`
--
ALTER TABLE `product_issues`
  MODIFY `pi_id` int(11) NOT NULL AUTO_INCREMENT, AUTO_INCREMENT=4;

--
-- AUTO_INCREMENT for table `product_issues_details`
--
ALTER TABLE `product_issues_details`
  MODIFY `pid_id` int(11) NOT NULL AUTO_INCREMENT, AUTO_INCREMENT=6;

--
-- AUTO_INCREMENT for table `product_relations`
--
ALTER TABLE `product_relations`
  MODIFY `pr_id` int(10) UNSIGNED NOT NULL AUTO_INCREMENT, AUTO_INCREMENT=107;

--
-- AUTO_INCREMENT for table `product_stocks`
--
ALTER TABLE `product_stocks`
  MODIFY `ps_id` int(10) UNSIGNED NOT NULL AUTO_INCREMENT, AUTO_INCREMENT=141;

--
-- AUTO_INCREMENT for table `product_variants`
--
ALTER TABLE `product_variants`
  MODIFY `product_variant_id` int(11) NOT NULL AUTO_INCREMENT, AUTO_INCREMENT=95;

--
-- AUTO_INCREMENT for table `purchase_delivery_orders`
--
ALTER TABLE `purchase_delivery_orders`
  MODIFY `pdo_id` int(11) NOT NULL AUTO_INCREMENT, AUTO_INCREMENT=12;

--
-- AUTO_INCREMENT for table `purchase_delivery_orders_details`
--
ALTER TABLE `purchase_delivery_orders_details`
  MODIFY `pdod_id` int(11) NOT NULL AUTO_INCREMENT, AUTO_INCREMENT=16;

--
-- AUTO_INCREMENT for table `purchase_orders`
--
ALTER TABLE `purchase_orders`
  MODIFY `po_id` int(10) UNSIGNED NOT NULL AUTO_INCREMENT, AUTO_INCREMENT=15;

--
-- AUTO_INCREMENT for table `purchase_orders_details`
--
ALTER TABLE `purchase_orders_details`
  MODIFY `pod_id` int(11) NOT NULL AUTO_INCREMENT, AUTO_INCREMENT=20;

--
-- AUTO_INCREMENT for table `purchase_order_detail_invoices`
--
ALTER TABLE `purchase_order_detail_invoices`
  MODIFY `poi_id` int(10) UNSIGNED NOT NULL AUTO_INCREMENT, AUTO_INCREMENT=12;

--
-- AUTO_INCREMENT for table `purchase_order_tts`
--
ALTER TABLE `purchase_order_tts`
  MODIFY `tt_id` int(10) UNSIGNED NOT NULL AUTO_INCREMENT, AUTO_INCREMENT=8;

--
-- AUTO_INCREMENT for table `return_supplies`
--
ALTER TABLE `return_supplies`
  MODIFY `rs_id` int(11) NOT NULL AUTO_INCREMENT, AUTO_INCREMENT=7;

--
-- AUTO_INCREMENT for table `return_supplies_detail`
--
ALTER TABLE `return_supplies_detail`
  MODIFY `rsd_id` int(11) NOT NULL AUTO_INCREMENT, AUTO_INCREMENT=10;

--
-- AUTO_INCREMENT for table `roles`
--
ALTER TABLE `roles`
  MODIFY `role_id` int(11) NOT NULL AUTO_INCREMENT, AUTO_INCREMENT=4;

--
-- AUTO_INCREMENT for table `sales_delivery_orders`
--
ALTER TABLE `sales_delivery_orders`
  MODIFY `sdo_id` int(11) NOT NULL AUTO_INCREMENT;

--
-- AUTO_INCREMENT for table `sales_delivery_orders_details`
--
ALTER TABLE `sales_delivery_orders_details`
  MODIFY `sdod_id` int(11) NOT NULL AUTO_INCREMENT;

--
-- AUTO_INCREMENT for table `sales_orders`
--
ALTER TABLE `sales_orders`
  MODIFY `so_id` int(11) NOT NULL AUTO_INCREMENT, AUTO_INCREMENT=13;

--
-- AUTO_INCREMENT for table `sales_order_details`
--
ALTER TABLE `sales_order_details`
  MODIFY `sod_id` int(11) NOT NULL AUTO_INCREMENT, AUTO_INCREMENT=15;

--
-- AUTO_INCREMENT for table `sales_order_detail_invoices`
--
ALTER TABLE `sales_order_detail_invoices`
  MODIFY `soi_id` int(10) UNSIGNED NOT NULL AUTO_INCREMENT;

--
-- AUTO_INCREMENT for table `settings`
--
ALTER TABLE `settings`
  MODIFY `setting_id` int(11) NOT NULL AUTO_INCREMENT, AUTO_INCREMENT=12;

--
-- AUTO_INCREMENT for table `staffs`
--
ALTER TABLE `staffs`
  MODIFY `staff_id` int(11) NOT NULL AUTO_INCREMENT, AUTO_INCREMENT=14;

--
-- AUTO_INCREMENT for table `stock_opnames`
--
ALTER TABLE `stock_opnames`
  MODIFY `sto_id` int(10) UNSIGNED NOT NULL AUTO_INCREMENT, AUTO_INCREMENT=2;

--
-- AUTO_INCREMENT for table `stock_opname_bahans`
--
ALTER TABLE `stock_opname_bahans`
  MODIFY `stob_id` int(10) UNSIGNED NOT NULL AUTO_INCREMENT, AUTO_INCREMENT=3;

--
-- AUTO_INCREMENT for table `stock_opname_details`
--
ALTER TABLE `stock_opname_details`
  MODIFY `stod_id` int(10) UNSIGNED NOT NULL AUTO_INCREMENT, AUTO_INCREMENT=31;

--
-- AUTO_INCREMENT for table `stock_opname_detail_bahans`
--
ALTER TABLE `stock_opname_detail_bahans`
  MODIFY `stobd_id` int(10) UNSIGNED NOT NULL AUTO_INCREMENT, AUTO_INCREMENT=37;

--
-- AUTO_INCREMENT for table `suppliers`
--
ALTER TABLE `suppliers`
  MODIFY `supplier_id` int(11) NOT NULL AUTO_INCREMENT, AUTO_INCREMENT=20;

--
-- AUTO_INCREMENT for table `supplies`
--
ALTER TABLE `supplies`
  MODIFY `supplies_id` int(11) NOT NULL AUTO_INCREMENT, AUTO_INCREMENT=39;

--
-- AUTO_INCREMENT for table `supplies_relations`
--
ALTER TABLE `supplies_relations`
  MODIFY `sr_id` int(10) UNSIGNED NOT NULL AUTO_INCREMENT, AUTO_INCREMENT=9;

--
-- AUTO_INCREMENT for table `supplies_stocks`
--
ALTER TABLE `supplies_stocks`
  MODIFY `ss_id` int(10) UNSIGNED NOT NULL AUTO_INCREMENT, AUTO_INCREMENT=32;

--
-- AUTO_INCREMENT for table `supplies_units`
--
ALTER TABLE `supplies_units`
  MODIFY `su_id` int(11) NOT NULL AUTO_INCREMENT, AUTO_INCREMENT=7;

--
-- AUTO_INCREMENT for table `supplies_variants`
--
ALTER TABLE `supplies_variants`
  MODIFY `supplies_variant_id` int(11) NOT NULL AUTO_INCREMENT, AUTO_INCREMENT=52;

--
-- AUTO_INCREMENT for table `units`
--
ALTER TABLE `units`
  MODIFY `unit_id` int(10) UNSIGNED NOT NULL AUTO_INCREMENT, AUTO_INCREMENT=25;

--
-- AUTO_INCREMENT for table `users`
--
ALTER TABLE `users`
  MODIFY `id` bigint(20) UNSIGNED NOT NULL AUTO_INCREMENT;

--
-- AUTO_INCREMENT for table `variants`
--
ALTER TABLE `variants`
  MODIFY `variant_id` int(10) UNSIGNED NOT NULL AUTO_INCREMENT, AUTO_INCREMENT=20;
COMMIT;

/*!40101 SET CHARACTER_SET_CLIENT=@OLD_CHARACTER_SET_CLIENT */;
/*!40101 SET CHARACTER_SET_RESULTS=@OLD_CHARACTER_SET_RESULTS */;
/*!40101 SET COLLATION_CONNECTION=@OLD_COLLATION_CONNECTION */;
