No;"SKU key (casefold)";"IPM — variant_id (KEEP)";"IPM — SKU lama";"IPM — stok";"PMO — variant_id (DROP/nonaktif)";"PMO — SKU";"PMO — stok";"PMO — jml baris SO";"PMO — product_id";"PMO — ref_product_id";"SKU kanonik setelah sync";Aksi
1;aap1000ml;1;Aap1000ml;140;610;Aap1000ml;0;0;322;3108062024014246;Aap1000ml;"Keep IPM → pindah ke produk PMO; nonaktifkan varian PMO; remap SO PMO→IPM"
2;aap600ml;2;AAP600ML;11;614;Aap600ml;0;0;327;4908062024014525;Aap600ml;"Keep IPM → pindah ke produk PMO; nonaktifkan varian PMO; remap SO PMO→IPM"
3;aap1500ml;3;Aap1500ml;338;609;Aap1500ml;0;0;323;5006062024124628;Aap1500ml;"Keep IPM → pindah ke produk PMO; nonaktifkan varian PMO; remap SO PMO→IPM"
4;azp35kg1.28;10;AZP35KG1.28;0;632;Azp35kg1.28;0;0;337;6908062024015244;Azp35kg1.28;"Keep IPM → pindah ke produk PMO; nonaktifkan varian PMO; remap SO PMO→IPM"
5;azp35kg;11;AZP35KG;0;631;Azp35kg;0;0;336;408062024015153;Azp35kg;"Keep IPM → pindah ke produk PMO; nonaktifkan varian PMO; remap SO PMO→IPM"
6;aahk600ml;13;AAHK600ML;29;605;Aahk600ml;0;1;219;9109062024052817;Aahk600ml;"Keep IPM → pindah ke produk PMO; nonaktifkan varian PMO; remap SO PMO→IPM"
7;aahk1500ml;14;AAHK1500ML;34;603;Aahk1500ml;0;1;217;8109062024052502;Aahk1500ml;"Keep IPM → pindah ke produk PMO; nonaktifkan varian PMO; remap SO PMO→IPM"
8;aahk400ml;15;AAHK400ML;91;604;Aahk400ml;0;0;218;9508062024015348;Aahk400ml;"Keep IPM → pindah ke produk PMO; nonaktifkan varian PMO; remap SO PMO→IPM"
9;azhk600ml;17;AZHK600ML;11;622;Azhk600ml;0;0;226;9309062024053056;Azhk600ml;"Keep IPM → pindah ke produk PMO; nonaktifkan varian PMO; remap SO PMO→IPM"
10;azhk1500ml;18;AZHK1500ML;22;617;Azhk1500ml;0;0;221;2109062024052926;Azhk1500ml;"Keep IPM → pindah ke produk PMO; nonaktifkan varian PMO; remap SO PMO→IPM"
11;azhk400ml;19;AZHK400ML;95;619;Azhk400ml;0;0;223;8708062024021501;Azhk400ml;"Keep IPM → pindah ke produk PMO; nonaktifkan varian PMO; remap SO PMO→IPM"
12;rcp1lm;24;RCP1LM;13;683;RCP1LM;0;0;348;2408062024022459;RCP1LM;"Keep IPM → pindah ke produk PMO; nonaktifkan varian PMO; remap SO PMO→IPM"
13;rchk5lm;27;RCHK5LM;139;673;RCHK5LM;0;0;261;2508062024022648;RCHK5LM;"Keep IPM → pindah ke produk PMO; nonaktifkan varian PMO; remap SO PMO→IPM"
14;rchk30lm;30;RCHK30LM;1;670;RCHK30LM;0;0;258;7008062024023010;RCHK30LM;"Keep IPM → pindah ke produk PMO; nonaktifkan varian PMO; remap SO PMO→IPM"
15;hktp100ml;52;HKTP100ML;1;452;HKTP100ML;0;0;283;4412022026073556;HKTP100ML;"Keep IPM → pindah ke produk PMO; nonaktifkan varian PMO; remap SO PMO→IPM"
16;hkwf100ml;68;HKWF100ML;2;454;HKWF100ML;0;0;285;7627022025032121;HKWF100ML;"Keep IPM → pindah ke produk PMO; nonaktifkan varian PMO; remap SO PMO→IPM"
17;hktp30ltr;72;HKTP30LTR;0;448;hktp30ltr;0;0;279;1308062024025546;hktp30ltr;"Keep IPM → pindah ke produk PMO; nonaktifkan varian PMO; remap SO PMO→IPM"
18;hkcc460ml;75;HKCC460ML;166;397;HKCC460ML;0;0;229;7612022026072159;HKCC460ML;"Keep IPM → pindah ke produk PMO; nonaktifkan varian PMO; remap SO PMO→IPM"
19;hk4d220ml;76;HK4D220ML;53;419;HK4D220ML;0;0;251;7704072026141010;HK4D220ML;"Keep IPM → pindah ke produk PMO; nonaktifkan varian PMO; remap SO PMO→IPM"
20;mrhk300mlm;80;MRHK300MLM;88;650;MRHK300MLM;0;0;245;5808062024144708;MRHK300MLM;"Keep IPM → pindah ke produk PMO; nonaktifkan varian PMO; remap SO PMO→IPM"
21;mrhk300p;85;MRHK300P;2;651;MRHK300P;0;0;246;6206072024055312;MRHK300P;"Keep IPM → pindah ke produk PMO; nonaktifkan varian PMO; remap SO PMO→IPM"
22;hksg13kg;95;HKSG13KG;0;439;HKSG13kg;0;0;270;5312092024135825;HKSG13kg;"Keep IPM → pindah ke produk PMO; nonaktifkan varian PMO; remap SO PMO→IPM"
23;hksg160kg;96;HKSG160KG;0;440;HKSG160kg;0;0;271;5612092024135738;HKSG160kg;"Keep IPM → pindah ke produk PMO; nonaktifkan varian PMO; remap SO PMO→IPM"
24;hsg100gr;98;HSG100GR;338;443;HSG100GR;0;0;274;8508102024085357;HSG100GR;"Keep IPM → pindah ke produk PMO; nonaktifkan varian PMO; remap SO PMO→IPM"
25;hsg450gr;100;HSG450GR;18;441;HSG450GR;0;0;272;608102024095555;HSG450GR;"Keep IPM → pindah ke produk PMO; nonaktifkan varian PMO; remap SO PMO→IPM"
26;hgt450gr;106;HGT450GR;101;404;HGT450GR;0;0;236;8812022025013125;HGT450GR;"Keep IPM → pindah ke produk PMO; nonaktifkan varian PMO; remap SO PMO→IPM"
27;hgt4x4kg;107;HGT4X4KG;7;408;HGT4x4KG;0;0;240;8306092025064101;HGT4x4KG;"Keep IPM → pindah ke produk PMO; nonaktifkan varian PMO; remap SO PMO→IPM"
28;hgt4kg;162;HGT4KG;1;407;HGT4KG;0;0;239;6504092025073824;HGT4KG;"Keep IPM → pindah ke produk PMO; nonaktifkan varian PMO; remap SO PMO→IPM"
29;hgt160kg;164;HGT160KG;103;406;HGT160kg;0;3;238;2109012025024759;HGT160kg;"Keep IPM → pindah ke produk PMO; nonaktifkan varian PMO; remap SO PMO→IPM"
30;hkch220ml;148;HKCH220ML;239;398;HKCH220ML;0;0;230;10020062026114929;HKCH220ML;"Keep IPM → pindah ke produk PMO; nonaktifkan varian PMO; remap SO PMO→IPM"
31;hdmcc500ml;155;HDMCC500ML;0;380;HDMCC500ML;0;0;212;9013012026071957;HDMCC500ML;"Keep IPM → pindah ke produk PMO; nonaktifkan varian PMO; remap SO PMO→IPM"
32;rco5lm;167;RCO5LM;0;680;RCO5LM;0;0;316;9625022025073114;RCO5LM;"Keep IPM → pindah ke produk PMO; nonaktifkan varian PMO; remap SO PMO→IPM"
33;rco1lh;170;RCO1LH;0;676;RCO1LH;0;0;312;1429072024080920;RCO1LH;"Keep IPM → pindah ke produk PMO; nonaktifkan varian PMO; remap SO PMO→IPM"
34;aaki1l;176;AAKI1L;0;606;AAKI1L;0;0;294;9507072024115944;AAKI1L;"Keep IPM → pindah ke produk PMO; nonaktifkan varian PMO; remap SO PMO→IPM"
35;azki1l;177;AZKI1L;0;623;AZKI1L;0;0;295;5107072024120040;AZKI1L;"Keep IPM → pindah ke produk PMO; nonaktifkan varian PMO; remap SO PMO→IPM"
