[
    {
        "Id": "1",
        "UserName": "John Smith",
        "Phone": "+1 843-443-3282",
        "Email": "john@example.com",
        "Content": "Lorem ipsum dolor sit amet, consectetur",
        "CreatedOn": "19 Dec 2023, 06:12 PM",
        "Image": "avatar-14.jpg"
    },
    {
        "Id": "2",
        "UserName": "Johnny",
        "Phone": " +1 917-409-0861",
        "Email": "johnny@example.com",
        "Content": "Duis aute irure dolor in reprehenderit",
        "CreatedOn": "15 Dec 2023, 04:35 PM",
        "Image": "avatar-15.jpg"
    },
    {
        "Id": "3",
        "UserName": "Robert",
        "Phone": " +1 956-623-2880",
        "Email": "robert@example.com",
        "Content": "Excepteur sint occaecat cupidatat non",
        "CreatedOn": "04 Dec 2023, 12:38 PM",
        "Image": "avatar-16.jpg"
    },
    {
        "Id": "4",
        "UserName": "Sharonda",
        "Phone": " +1 707-439-1732",
        "Email": "sharon@example.com",
        "Content": "Sed ut perspiciatis unde omnis iste natus",
        "CreatedOn": "14 Dec 2023, 12:38 PM",
        "Image": "avatar-17.jpg"
    },
    {
        "Id": "5",
        "UserName": "Pricilla",
        "Phone": " +1 707-439-1732",
        "Email": "pricilla@example.com",
        "Content": "Nemo enim ipsam voluptatem quia",
        "CreatedOn": "12 Dec 2023, 12:38 PM",
        "Image": "avatar-18.jpg"
    },
    {
        "Id": "6",
        "UserName": "Randall",
        "Phone": " +1 707-439-1732",
        "Email": "randall@example.com",
        "Content": "Neque porro quisquam est, qui dolorem ipsum",
        "CreatedOn": "04 Dec 2023, 12:38 PM",
        "Image": "avatar-19.jpg"
    }
]