[
	{
		"Id": "1",
		"Name": "John Smith",
		"Email": "john@example.com",
		"MobileNumber": "+1 989-438-3131",
		"Message": "Lorem ipsum dolor sit consectetur",
		"Createdon": "19 Dec 2023, 06:12 PM",
		"Image": "avatar-14.jpg"
	},
	{
		"Id": "2",
		"Name": "Johnny",
		"Email": "johnny@example.com",
		"MobileNumber": "+1 843-443-3282",
		"Message": "Ut enim ad minim veniam, quis",
		"Createdon": "15 Dec 2023, 04:35 PM",
		"Image": "avatar-15.jpg"
	},
	{
		"Id": "3",
		"Name": "Robert",
		"Email": "robert@example.com",
		"MobileNumber": "+1 917-409-0861",
		"Message": "Duis aute irure dolor in reprehenderit",
		"Createdon": "04 Dec 2023, 04:35 PM",
		"Image": "avatar-16.jpg"
	},
	{
		"Id": "4",
		"Name": "Sharonda",
		"Email": "sharon@example.com",
		"MobileNumber": "+1 956-623-2880",
		"Message": "Excepteur sint occaecat cupidatat",
		"Createdon": "12 Dec 2023, 04:35 PM",
		"Image": "avatar-17.jpg"
	},
	{
		"Id": "5",
		"Name": "Pricilla",
		"Email": "pricilla@example.com",
		"MobileNumber": "+1 707-439-1732",
		"Message": "Sed ut perspiciatis unde omnis iste",
		"Createdon": "28 Nov 2023, 03:25 PM",
		"Image": "avatar-18.jpg"
	},
	{
		"Id": "6",
		"Name": "Randall",
		"Email": "randall@example.com",
		"MobileNumber": "+1 559-741-9672",
		"Message": "Nemo enim ipsam voluptatem quia",
		"Createdon": "15 Nov 2023, 03:25 PM",
		"Image": "avatar-19.jpg"
	}
]