[
    {
        "Id": "1",
        "Image": "avatar-14.jpg",
        "Name": "John Smith",
        "Email": "john@example.com",
        "Phone": "+1 989-438-3131",
        "Balance": "$4,220",
        "TotalInvoice": "2",
        "Created": "19 Dec 2023, 06:12 PM",
        "Status": "Active",
        "Class": "badge bg-success-light"
    },
    {
        "Id": "2",
        "Image": "avatar-15.jpg",
        "Name": "Johnny Charles",
        "Email": "johnny@example.com",
        "Phone": "+1 843-443-3282",
        "Balance": "$1,862",
        "TotalInvoice": "1",
        "Created": "15 Dec 2023, 04:35 PM",
        "Status": "Active",
        "Class": "badge bg-success-light"
    },
    {
        "Id": "3",
        "Image": "avatar-16.jpg",
        "Name": "Robert George",
        "Email": "robert@example.com",
        "Phone": "+1 917-409-0861",
        "Balance": "$2,789",
        "TotalInvoice": "3",
        "Created": "04 Dec 2023, 12:38 PM",
        "Status": "Deactive",
        "Class": "badge bg-danger-light"
    },
    {
        "Id": "4",
        "Image": "avatar-17.jpg",
        "Name": "Sharonda Letha",
        "Email": "sharon@example.com",
        "Phone": "+1 956-623-2880",
        "Balance": "$7,923",
        "TotalInvoice": "6",
        "Created": "28 Nov 2023, 03:25 PM",
        "Status": "Active",
        "Class": "badge bg-success-light"
    },
    {
        "Id": "5",
        "Image": "avatar-18.jpg",
        "Name": "Pricilla Maureen",
        "Email": "pricilla@example.com",
        "Phone": "+1 707-439-1732",
        "Balance": "$2,763",
        "TotalInvoice": "4",
        "Created": "20 Nov 2023, 02:47 PM",
        "Status": "Deactive",
        "Class": "badge bg-danger-light"
    },
    {
        "Id": "6",
        "Image": "avatar-19.jpg",
        "Name": "Randall Hollis",
        "Email": "randall@example.com",
        "Phone": "+1 559-741-9672",
        "Balance": "$4,642",
        "TotalInvoice": "1",
        "Created": "15 Nov 2023, 10:42 AM",
        "Status": "Active",
        "Class": "badge bg-success-light"
    }
]