[
    {
        "Id": "1",
        "DebitNotesID": "#4905681",
        "Vendor": "John Smith",
        "Phone": "+1 843-443-3282",
        "Amount": "$1,54,220",
        "PaymentMode": "Cash",
        "CreatedOn": "19 Dec 2023, 06:12 PM",
        "Status": "Paid",
        "Class": "badge bg-success-light text-success-light",
        "Image": "avatar-14.jpg"
    },
    {
        "Id": "2",
        "DebitNotesID": "#4905682",
        "Vendor": "Johnny ",
        "Phone": "+1 917-409-0861",
        "Amount": "$1,54,220",
        "PaymentMode": "Cash",
        "CreatedOn": "15 Dec 2023, 04:35 PM",
        "Status": "Pending",
        "Class": "badge bg-warning-light text-warning-light",
        "Image": "avatar-15.jpg"
    },
    {
        "Id": "3",
        "DebitNotesID": "#4905683",
        "Vendor": "Robert",
        "Phone": "+1 956-623-2880",
        "Amount": "$1,54,220",
        "PaymentMode": "Cash",
        "CreatedOn": "04 Dec 2023, 12:38 PM",
        "Status": "Cancelled",
        "Class": "badge bg-danger-light",
        "Image": "avatar-16.jpg"
    },
    {
        "Id": "4",
        "DebitNotesID": "#4905684",
        "Vendor": "Sharonda",
        "Phone": "+1 707-439-1732",
        "Amount": "$1,54,220",
        "PaymentMode": "Cash",
        "CreatedOn": "28 Nov 2023, 03:25 PM",
        "Status": "Paid",
        "Class": "badge bg-success-light text-success-light",
        "Image": "avatar-17.jpg"
    },
    {
        "Id": "5",
        "DebitNotesID": "#4905685",
        "Vendor": "Pricilla",
        "Phone": "+1 559-741-9672",
        "Amount": "$1,54,220",
        "PaymentMode": "Cash",
        "CreatedOn": "20 Nov 2023, 02:47 PM",
        "Status": "Pending",
        "Class": "badge bg-warning-light text-warning-light",
        "Image": "avatar-18.jpg"
    },
    {
        "Id": "6",
        "DebitNotesID": "#4905686",
        "Vendor": "Randalll",
        "Phone": "+1 989-438-3131",
        "Amount": "$1,54,220",
        "PaymentMode": "Cash",
        "CreatedOn": "15 Nov 2023, 10:42 AM",
        "Status": "Cancelled",
        "Class": "badge bg-danger-light",
        "Image": "avatar-19.jpg"
    }
]