[
    {
        "Id": "1",
        "Title": "Lorem ipsum dolor sit amet, consectetur adipiscing?",
        "Category": "19 Dec 2023, 06:12 PM",
        "Details": "Ut enim ad minima veniam, quis nostrum exercitationem"
    },
    {
        "Id": "2",
        "Title": "Duis aute irure in reprehenderit in voluptate velit?",
        "Category": "15 Dec 2023, 04:35 PM",
        "Details": "At vero eos et accusamus et iusto odio dignissimos"
    },
    {
        "Id": "3",
        "Title": "Excepteur occaecat cupidatat non proident?",
        "Category": "04 Dec 2023, 12:38 PM",
        "Details": "Nam libero tempore, cum soluta nobis est eligendi optio"
    },
    {
        "Id": "4",
        "Title": "Sed ut perspiciatis unde omnis iste natus?",
        "Category": "28 Nov 2023, 03:25 PM",
        "Details": "Sed ut perspiciatis unde omnis iste natus"
    },
    {
        "Id": "5",
        "Title": "Nemo enim ipsam voluptatem quia voluptas sit?",
        "Category": "20 Nov 2023, 02:47 PM",
        "Details": "Et harum quidem rerum facilis est et expedita distinctio"
    },
    {
        "Id": "6",
        "Title": "Neque porro quisquam est, qui dolorem ipsum?",
        "Category": "15 Nov 2023, 10:42 AM",
        "Details": "Temporibus autem quibusdam et officiis debitis aut rerum"
    }
]