[
    {
        "title": "Total Pesanan Penjualan",
        "class": "bg-info-light",
        "icon": "receipt-item.svg",
        "amount": "0",
        "number_of_invoice": "0",
        "trending": {
            "value": "0",
            "direction": "fe fe-trending-up"
        }
    },
    {
        "title": "Total Faktur",
        "class": "bg-primary-light",
        "icon": "transaction-minus.svg",
        "amount": "0",
        "number_of_invoice": "0",
        "trending": {
            "value": "0",
            "direction": "fe fe-trending-up"
        }
    },
    {
        "title": "Total Pembayaran",
        "class": "bg-warning-light",
        "icon": "archive-book.svg",
        "amount": "0",
        "number_of_invoice": "0",
        "trending": {
            "value": "0",
            "direction": "fe fe-trending-down"
        }
    },
    {
        "title": "Total Pengeluaran",
        "class": "bg-primary-light",
        "icon": "clipboard-close.svg",
        "amount": "0",
        "number_of_invoice": "0",
        "trending": {
            "value": "0",
            "direction": "fe fe-trending-down"
        }
    },
    {
        "title": "Piutang",
        "class": "bg-green-light",
        "icon": "message-edit.svg",
        "amount": "0",
        "number_of_invoice": "0",
        "trending": {
            "value": "0",
            "direction": "fe fe-trending-down"
        }
    },
    {
        "title": "Pesanan Penjualan Selesai",
        "class": "bg-danger-light",
        "icon": "3d-rotate.svg",
        "amount": "0",
        "number_of_invoice": "0",
        "trending": {
            "value": "0",
            "direction": "fe fe-trending-up"
        }
    }
]
