[
	{
		"InvoiceID": "#4987",
		"Category": "Advertising",
		"CreatedOn": "23 Mar 2023",
		"InvoiceTo": "John Smith",
        "Phone":"+1 843-443-3282",
		"Total": "$1,54,220",
		"Paid": "$1,50,000",
		"PaymentMode": "Cash",
		"Balance": "$0",
		"DueDate": "-",
		"Class":"badge bg-success-light",
        "Status": "Paid",
		"Image": "avatar-14.jpg"
	},
	{
		"InvoiceID": "#4988",
		"Category": "Food",
		"CreatedOn": "16 Mar 2023",
		"InvoiceTo": "Johnny",
        "Phone": "+1 917-409-0861",
		"Total": "$3,54,220",
		"Paid": "$2,50,000",
		"PaymentMode": "Cheque",
		"Balance": "$4,220",
		"DueDate": "16 Jan 2023",
		"Class":"badge bg-warning-light text-warning",
        "Status": "Overdue",
		"Image": "avatar-15.jpg"
	},
	{
		"InvoiceID": "#4989",
		"Category": "Marketing",
		"CreatedOn": "25 Feb 2023",
		"InvoiceTo": "Robert" ,
        "Phone":"+1 956-623-2880",
		"Total": "$1,54,220",
		"Paid": "$1,50,000",
		"PaymentMode": "Cash",
		"Balance": "$4,220",
		"DueDate": "16 Jan 2023",
		"Class":"badge bg-danger-light",
        "Status": "Cancelled",
		"Image": "avatar-16.jpg"
	},
	{
		"InvoiceID": "#4990",
		"Category": "Repairs",
		"CreatedOn": "25 Mar 2023",
		"InvoiceTo": "Sharonda",
        "Phone":"+1 707-439-1732",
		"Total": "$1,54,220",
		"Paid": "$1,50,000",
		"PaymentMode": "Cash",
		"Balance": "$4,220",
		"DueDate": "12 May 2023",
		"Class":"badge bg-primary-light",
        "Status": "Partially Paid",
		"Image": "avatar-17.jpg"
	},
	{
		"InvoiceID": "#4991",
		"Category": "Software",
		"CreatedOn": "12 May 2023",
		"InvoiceTo": "Pricilla",
        "Phone":"+1 559-741-9672",
		"Total": "$5,54,220",
		"Paid": "$3,50,000",
		"PaymentMode": "Cheque",
		"Balance": "$4,220",
		"DueDate": "18 May 2023",
		"Class":"badge bg-light-gray text-secondary",
        "Status": "Unpaid",
		"Image": "avatar-18.jpg"
	},
	{
		"InvoiceID": "#4992",
		"Category": "Stationary",
		"CreatedOn": "16 Nov 2023",
		"InvoiceTo": "Randall", 
        "Phone":"+1 989-438-3131",
		"Total": "$5,54,220",
		"Paid": "$6,50,000",
		"PaymentMode": "Cash",
		"Balance": "$4,220",
		"DueDate": "25 Feb 2023",
		"Class":"badge bg-info-lights",
        "Status": "Refunded",
		"Image": "avatar-19.jpg"
	}
]