{
	"data":[
		{
			"id" : 1,
			"item_name" : "Aquatak High Pressure Wash. ",
			"pricing" : "$8,265 ",
			"discount" : " 60 ",
			"description" : "Lorem ipsum dolor sit amet, consectetur adipiscing elit.",
			"date" : "24 Mar 2023",
			"action" : ""
		},
		{
			"id" : 2,
			"item_name" : " Bosch 1300W High Pressure...",
			"pricing" : "$3,470 ",
			"discount" : " 31 ",
			"description" : "Lorem ipsum dolor sit amet, consectetur adipiscing elit.",
			"date" : "17 Mar 2023",
			"action" : ""
		},
		{
			"id" : 3,
			"item_name" : "Car Wash Shampoo 250ml...",
			"pricing" : "$1,222",
			"discount" : " 40 ",
			"description" : "Lorem ipsum dolor sit amet, consectetur adipiscing elit.",
			"date" : "21 Mar 2023",
			"action" : ""
		},
		{
			"id" : 4,
			"item_name" : " Clear Coat Spray -Quick Dr...9",
			"pricing" : "$8,265",
			"discount" : " 60 ",
			"description" : "Lorem ipsum dolor sit amet, consectetur adipiscing elit.",
			"date" : "13 Mar 2023",
			"action" : ""
		},
		{
			"id" : 5,
			"item_name" : " GoMechanic Neutron 600...",
			"pricing" : "$1,542",
			"discount" : " 23 ",
			"description" : "Lorem ipsum dolor sit amet, consectetur adipiscing elit.",
			"date" : "16 Mar 2023",
			"action" : ""
		}
	]
	
}

