[
	{
		"Id": "1",
		"Customer": "John Smith",
		"Email": "john@gmail.com",
		"PaymentID": "#25689825",
		"Amount": "$1,54,220",
		"Date": "19 Dec 2023, 06:12 PM",
		"PaymentMethod": "Cash",
		"Status": "Success",
		"Class": "badge bg-success-light text-success-light",
		"Image": "avatar-14.jpg"
	},
	{
		"Id": "2",
		"Customer": "Johnny",
		"Email": "johnny@gmail.com",
		"PaymentID": "#25689826",
		"Amount": "$1,222",
		"Date": "20 Nov 2023, 04:12 PM",
		"PaymentMethod": "Cheque",
		"Status": "Processing",
		"Class": "badge bg-warning-light text-warning-light",
		"Image": "avatar-15.jpg"
	},
	{
		"Id": "3",
		"Customer": "Robert",
		"Email": "robert@gmail.com",
		"PaymentID": "#25689827",
		"Amount": "$2,2222",
		"Date": "21 Oct 2023, 07:12 AM",
		"PaymentMethod": "Cheque",
		"Status": "Failed",
		"Class": "badge bg-danger-light",
		"Image": "avatar-16.jpg"
	},
	{
		"Id": "4",
		"Customer": "Sharonda",
		"Email": "sharon@gmail.com",
		"PaymentID": "#25689828",
		"Amount": "$5,222",
		"Date": "19 Sep 2023, 11:12 AM",
		"PaymentMethod": "Cash",
		"Status": "Success",
		"Class": "badge bg-success-light text-success-light",
		"Image": "avatar-17.jpg"
	},
	{
		"Id": "5",
		"Customer": "Pricilla",
		"Email": "pricilla@gmail.com",
		"PaymentID": "#25689829",
		"Amount": "$8,54,220",
		"Date": "13 Nov 2023, 01:12 PM",
		"PaymentMethod": "Cheque",
		"Status": "Processing",
		"Class": "badge bg-warning-light text-warning-light",
		"Image": "avatar-18.jpg"
	},
	{
		"Id": "6",
		"Customer": "Randall",
		"Email": "randall@gmail.com",
		"PaymentID": "#25689830",
		"Amount": "$3,54,220",
		"Date": "19 Dec 2023, 06:12 PM",
		"PaymentMethod": "Cheque",
		"Status": "Failed",
		"Class": "badge bg-danger-light text-danger-light",
		"Image": "avatar-19.jpg"
	}
]