[
    {
        "Id": "1",
        "Item": "Lenovo 3rd Generation",
        "Code": "P125389",
        "Category": "Laptop",
        "Units": "Inches",
        "Quantity": "2",
        "SellingPrice": "$253.00",
        "PurchasePrice": "$248.00",
        "Image": "sales-return1.svg"
    },
    {
        "Id": "2",
        "Item": "Nike Jordan",
        "Code": "P125390",
        "Category": "Shoes",
        "Units": "Pieces",
        "Quantity": "4",
        "SellingPrice": "$360.00",
        "PurchasePrice": "$350.00",
        "Image": "sales-return2.svg"
    },
    {
        "Id": "3",
        "Item": "Apple Series 5 Watch",
        "Code": "P125391",
        "Category": "Accessories",
        "Units": "Inches",
        "Quantity": "7",
        "SellingPrice": "$724.00",
        "PurchasePrice": "$700.00",
        "Image": "sales-return3.svg"
    },
    {
        "Id": "4",
        "Item": "Amazon Echo Dot",
        "Code": "P125392",
        "Category": "Electronics",
        "Units": "Box",
        "Quantity": "3",
        "SellingPrice": "$210.00",
        "PurchasePrice": "$200.00",
        "Image": "sales-return4.svg"
    },
    {
        "Id": "5",
        "Item": "Lobar Handy",
        "Code": "P125393",
        "Category": "Furnitures",
        "Units": "Kilograms",
        "Quantity": "1",
        "SellingPrice": "$155.00",
        "PurchasePrice": "$150.00",
        "Image": "sales-return5.svg"
    },
    {
        "Id": "6",
        "Item": "Woodcraft Sandal",
        "Code": "P125394",
        "Category": "Bags",
        "Units": "Inches",
        "Quantity": "2",
        "SellingPrice": "$253.00",
        "PurchasePrice": "$248.00",
        "Image": "sales-return6.svg"
    },
    {
        "Id": "7",
        "Item": "Black Slim 200",
        "Code": "P125394",
        "Category": "Furnitures",
        "Units": "Inches",
        "Quantity": "2",
        "SellingPrice": "$253.00",
        "PurchasePrice": "$248.00",
        "Image": "sales-return7.svg"
    },
    {
        "Id": "8",
        "Item": "Red Premium Handy",
        "Code": "P125394",
        "Category": "Bags",
        "Units": "Inches",
        "Quantity": "2",
        "SellingPrice": "$253.00",
        "PurchasePrice": "$248.00",
        "Image": "sales-return8.svg"
    },
    {
        "Id": "9",
        "Item": "Bold V3.2",
        "Code": "P125394",
        "Category": "Electronics",
        "Units": "Inches",
        "Quantity": "2",
        "SellingPrice": "$253.00",
        "PurchasePrice": "$248.00",
        "Image": "sales-return9.svg"
    },
    {
        "Id": "10",
        "Item": "Iphone 14 Pro",
        "Code": "P125394",
        "Category": "Phone",
        "Units": "Inches",
        "Quantity": "2",
        "SellingPrice": "$253.00",
        "PurchasePrice": "$248.00",
        "Image": "sales-return10.svg"
    }
]