[
	{
		"Id": "1",
		"SerialNumber": "AA1100123",
		"Date": "01 Aug 2023, 04:35 PM",
		"CompanyName": "Orn LLC",
        "Email": "orn@example.com",
		"Amount": "$199.99",
		"DueDate": "20 Aug 2023",
        "Image":"avatar-14.jpg"
	},
	{
		"Id": "2",
		"SerialNumber": "AA1100123",
		"Date": "05 Aug 2023, 07:00 PM",
		"CompanyName": "Accent Technology",                                                       
        "Email":"accent@example.com",
		"Amount": "$99.99",
		"DueDate": "23 Aug 2023",
        "Image":"avatar-15.jpg"
	},
	{
		"Id": "3",
		"SerialNumber": "AA1100123",
		"Date": "13 Aug 2023, 06:35 PM",
		"CompanyName": "Express Advertising",
        "Email":"express@example.com",
		"Amount": "$300.00",
		"DueDate": "24 Aug 2023",
        "Image":"avatar-16.jpg"
	},
	{
		"Id": "4",
		"SerialNumber": "AA1100123",
		"Date": "15 Aug 2023, 03:30 PM",
		"CompanyName": "Lexicon Technologies",                                                      
        "Email": "lexicon@example.com",
		"Amount": "$690.00",
		"DueDate": "25 Aug 2023",
        "Image":"avatar-17.jpg"
	},
	{
		"Id": "5",
		"SerialNumber": "AA1100123",
		"Date": "16 Aug 2023, 05:15 PM",
		"CompanyName": "Sumo Soft Limited",
        "Email":"sumo@example.com",
		"Amount": "$99.99",
		"DueDate": "30 Aug 2023",
        "Image":"avatar-18.jpg"
	}
]