[
	{
		"Id": "1",
		"QuotationID": "#4905681",
		"Customer": "John Smith",
        "Phone": "+1 843-443-3282",
		"CreatedOn": "19 Dec 2023, 06:12 PM",
		"Status": "Sent",
        "Image":"avatar-14.jpg",
        "Class":"badge bg-primary-light"
		},
	{
		"Id": "2",
		"QuotationID": "#4905682",
		"Customer": "Johnny",
        "Phone":"+1 917-409-0861",
		"CreatedOn": "20 Nov 2023, 04:12 PM",
		"Status": "Accepted",
        "Image":"avatar-15.jpg",
        "Class":"badge bg-success-light text-success-light"
		},
	{
		"Id": "3",
		"QuotationID": "#4905683",
		"Customer": "Robert",
        "Phone":"+1 956-623-2880",
		"CreatedOn": "21 Oct 2023, 07:12 AM",
		"Status": "Declined",
        "Image":"avatar-16.jpg",
        "Class":"badge bg-danger-light"
		},
	{
		"Id": "4",
		"QuotationID": "#4905684",
		"Customer": "Sharonda",
        "Phone": "+1 707-439-1732",
		"CreatedOn": "19 Sep 2023, 11:12 AM",
		"Status": "Expired",
        "Image":"avatar-17.jpg",
        "Class":"badge bg-light-gray text-secondary"
		},
	{
		"Id": "5",
		"QuotationID": "#4905685",
		"Customer": "Pricilla",
        "Phone":"+1 559-741-9672",
		"CreatedOn": "13 Nov 2023, 01:12 PM",
		"Status": "Sent",
        "Image":"avatar-18.jpg",
        "Class":"badge bg-primary-light"
		},
	{
		"Id": "6",
		"QuotationID": "#4905686",
		"Customer": "Randall",
        "Phone":"+1 989-438-3131",
		"CreatedOn": "19 Dec 2023, 06:12 PM",
		"Status": "Accepted",
        "Image":"avatar-19.jpg",
        "Class":"badge bg-success-light text-success-light"
		}
]