[
    {
        "Id": "1",
        "CountryCode": "AS",
        "CountryName": "American Samoa(+684)",
        "StateName": "Swains Island",
        "Image": "as.png"
    },
    {
        "Id": "2",
        "CountryCode": "AD",
        "CountryName": "Andorra (+376)",
        "StateName": "Andorra la Vella",
        "Image": "ad.png"
    },
    {
        "Id": "3",
        "CountryCode": "AO",
        "CountryName": "Angola (+244)",
        "StateName": "Benguela",
        "Image": "ao.png"
    },
    {
        "Id": "4",
        "CountryCode": "AI",
        "CountryName": "Anguilla (+1264)",
        "StateName": "The Valley",
        "Image": "ai.png"
    },
    {
        "Id": "5",
        "CountryCode": "AQ",
        "CountryName": "Antigua & Barbuda (+1268)",
        "StateName": "Victoria Land",
        "Image": "ag.png"
    },
    {
        "Id": "6",
        "CountryCode": "AQ",
        "CountryName": "Australia",
        "StateName": "Saint Paul",
        "Image": "au.png"
    }
]