[
	{
		"TicketID": "#4988",
		"Subject": "verify your email",
		"Assigned": "Michel",
		"AssignedDate": "21 Dec 2023",
		"CreatedOn": "23 Dec 2023, 6:12PM",
		"DueDate": "28 Feb 2023",
		"Assignee": "Johnny",
        "Phone":"+1 843-443-4298",
		"LastReply": "21 Jan 2023",
		"Priority": "Low",
		"Status": "Resolved",
        "Image":"avatar-02.jpg",
        "Image1":"avatar-15.jpg",
        "Class":"badge bg-primary-light",
        "Class1":"badge bg-success-light text-success-light"
			},
	{
		"TicketID": "#4992",
		"Subject": "Calling for help",
		"Assigned": "Randall",
		"AssignedDate": "28 Jan 2023",
		"CreatedOn": "30 Jan 2023, 6:12PM",
		"DueDate": "29 Mar 2023",
		"Assignee": "Randall",
        "Phone":"+1 843-443-4987",
		"LastReply": "21 Jan 2023",
		"Priority": "High",
		"Status": "Resolved",
        "Image":"avatar-09.jpg",
        "Image1":"avatar-19.jpg",
        "Class":"badge bg-danger-light",
        "Class1":"badge bg-success-light text-success-light"
			}
]