[
    {
        "TicketID": "#4989",
        "Subject": "Calling for help",
        "Assigned": "Sharonda",
        "AssignedDate": "28 Jan 2023",
        "CreatedOn": "29 Jan 2023, 6:12PM",
        "DueDate": "28 Mar 2023",
        "Assignee": "Robert",
        "Phone": "+1 843-443-5298",
        "LastReply": "21 Jan 2023",
        "Priority": "High",
        "Status": "Pending",
        "AssignedImage": "avatar-04.jpg",
        "Image": "avatar-16.jpg",
        "ClassPriority": "badge bg-danger-light",
        "Class": "badge bg-warning-light text-warning-light"
    }
]