[
	{
		"TicketID": "#4987",
		"Subject": "Support for theme",
		"Assigned": "Richard",
		"AssignedDate": "17 Dec 2023",
		"CreatedOn": "19 Dec 2023, 6:12PM",
		"DueDate": "16 Jan 2023",
		"Assignee": "John Smith",
        "Phone":" +1 843-443-3282",
		"LastReply": "18 Jan 2023",
		"Priority": "Medium",
		"Status": "Open",
        "Image":"avatar-07.jpg",
        "Image1":"avatar-14.jpg",
        "Class":"badge bg-warning-light text-warning-light",
        "Class1":"badge bg-danger-light text-danger-light"
		},
	{
		"TicketID": "#4988",
		"Subject": "verify your email",
		"Assigned": "Michel",
		"AssignedDate": "21 Dec 2023",
		"CreatedOn": "23 Dec 2023, 6:12PM",
		"DueDate": "28 Feb 2023",
		"Assignee": "Johnny",
        "Phone":"+1 843-443-4298",
		"LastReply": "21 Jan 2023",
		"Priority": "Low",
		"Status": "Resolved",
        "Image":"avatar-02.jpg",
        "Image1":"avatar-15.jpg",
        "Class":"badge bg-primary-light",
        "Class1":"badge bg-success-light text-success-light"
		},
	{
		"TicketID": "#4989",
		"Subject": "Calling for help",
		"Assigned": "Wilson",
		"AssignedDate": "28 Jan 2023",
		"CreatedOn": "29 Jan 2023, 6:12PM",
		"DueDate": "28 Mar 2023",
		"Assignee": "Robert",
        "Phone":" +1 843-443-5298",
		"LastReply": "21 Jan 2023",
		"Priority": "High",
		"Status": "Pending",
        "Image":"avatar-04.jpg",
        "Image1":"avatar-16.jpg",
        "Class":"badge bg-danger-light",
        "Class1":"badge bg-warning-light text-warning-light"
		},
	{
		"TicketID": "#4990",
		"Subject": "Management",
		"Assigned": "Elizabeth",
		"AssignedDate": "27 Feb 2023",
		"CreatedOn": "28 Feb 2023, 6:12PM",
		"DueDate": "29 Mar 2023",
		"Assignee": "Sharonda",
        "Phone":"+1 843-443-5298",
		"LastReply": "25 Jan 2023",
		"Priority": "Medium",
		"Status": "Closed",
        "Image":"avatar-08.jpg",
        "Image1":"avatar-17.jpg",
        "Class":"badge bg-warning-light text-warning-light",
        "Class1":"badge bg-light-gray text-secondary"
		},
	{
		"TicketID": "#4991",
		"Subject": "verify your email",
		"Assigned": "Esther",
		"AssignedDate": "21 Dec 2023",
		"CreatedOn": "23 Dec 2023, 6:12PM",
		"DueDate": "28 Feb 2023",
		"Assignee": "Pricilla",
        "Phone":"+1 843-443-4298",
		"LastReply": "21 Jan 2023",
		"Priority": "Low",
		"Status": "Open",
        "Image":"avatar-11.jpg",
        "Image1":"avatar-18.jpg",
        "Class":"badge bg-primary-light",
        "Class1":"badge bg-danger-light text-danger-light"
        
		},
	{
		"TicketID": "#4992",
		"Subject": "Calling for help",
		"Assigned": "Walter",
		"AssignedDate": "28 Jan 2023",
		"CreatedOn": "30 Jan 2023, 6:12PM",
		"DueDate": "29 Mar 2023",
		"Assignee": "Randall",
        "Phone":"+1 843-443-4987",
		"LastReply": "21 Jan 2023",
		"Priority": "High",
		"Status": "Resolved",
        "Image":"avatar-09.jpg",
        "Image1":"avatar-19.jpg",
        "Class":"badge bg-danger-light",
        "Class1":"badge bg-success-light text-success-light"
		}
]