[
	{
		"Id": "1",
		"Type": "Wallet Topup",
		"Amount": "+$650",
		"Date": "19 Dec 2023, 06:12 PM",
		"PaymentType": "Paypal",
		"Class": "badge  bg-success-light",
		"ClassAmount": "text-success-light",
		"Status": "Completed"
	},
	{
		"Id": "2",
		"Type": "Purchase",
		"Amount": "+$350",
		"Date": "19 Dec 2023, 06:12 PM",
		"PaymentType": "Cash",
		"Class": "badge  bg-danger-light",
		"ClassAmount": "text-danger",
		"Status": "Cancel"
	},
	{
		"Id": "3",
		"Type": "Refund",
		"Amount": "+100",
		"Date": "20 Jan 2023, 06:12 PM",
		"PaymentType": "Paypal",
		"Class": "badge  bg-success-light",
		"ClassAmount": "text-success-light",
		"Status": "Completed"
	},
	{
		"Id": "4",
		"Type": "Wallet Topup",
		"Amount": "-$650",
		"Date": "20 Jun 2023, 06:12 PM",
		"PaymentType": "Cash",
		"Class": "badge  bg-success-light",
		"ClassAmount": "text-success-light",
		"Status": "Completed"
	},
	{
		"Id": "5",
		"Type": "Purchase",
		"Amount": "+$350",
		"Date": "19 Dec 2023, 06:12 PM",
		"PaymentType": "Paypal",
		"Class": "badge  bg-danger-light",
		"ClassAmount": "text-danger",
		"Status": "Cancel"
	},
	{
		"Id": "6",
		"Type": "Refund",
		"Amount": "+$100",
		"Date": "15 Jan 2023, 06:12 PM",
		"PaymentType": "Cash",
		"Class": "badge  bg-danger-light",
		"ClassAmount": "text-danger",
		"Status": "Cancel"
	}
]